StoreCode,No,Category,Hardware Type,Model,Qty,S/N,Note,Hardware Type Cleaned,Category Cleaned,SN_Clean
A001,1.0,POS,Mini Pc,HP Pro Mini 400 G9 - Intel Core i5 12500T/ (8GB x2) DDR4 3200/ SSD 512GB/ Mouse & Keyboard/ W11H/ 1Y Onsite,1.0,8CC3161T0J,,Mini Pc,POS,8CC3161T0J
A001,2.0,POS,Keyboard,Keyboard,1.0,,,Keyboard,POS,
A001,3.0,POS,Mouse,Mouse,1.0,,,Mouse,POS,
A001,4.0,POS,Cash Drawer,Poscom,1.0,20201130040,,Cash Drawer,POS,20201130040
A001,5.0,POS,Pole Display,Pole Display VFD,1.0,VFD220U13B20120035,,Pole Display,POS,VFD220U13B20120035
A001,6.0,POS,Scanning gun,Datalogic QW2100,1.0,G21M82792,,Scanning Gun,POS,G21M82792
A001,7.0,POS,Monitor,Monitor HP V190,1.0,1CR82307C4,,Monitor,POS,1CR82307C4
A001,8.0,POS,Bill Printer,Epson TM-82III,1.0,X7B9022774,,Bill Printer,POS,X7B9022774
A001,9.0,Network,"Switch (Internal Switch-POS, TF, Wifi)",Cisco CBS110-16T-EU,1.0,PSZ27181AHK,,"Switch (Internal Switch-Pos, Tf, Wifi)",NETWORK,PSZ27181AHK
A001,10.0,Network,Access Point,Unifi NanoHD,1.0,AC8BA9548380,,Access Point,NETWORK,AC8BA9548380
A001,11.0,Network,Firewall,Fortigate FG-40F - 1  Year UTP license,1.0,FGT40FTK2309D2D4,,Firewall,NETWORK,FGT40FTK2309D2D4
A001,12.0,Back-end,Printer,HP laser 107a,1.0,CNB3Q9MLY6,,Printer,BACK-END,CNB3Q9MLY6
A001,13.0,PDT,PDT,Zebra TC26BK-11A222-A6,1.0,S24165523020818,,Pdt,PDT,S24165523020818
A001,14.0,Back-end,Ipad,Ipad Air 13-inch(M3),1.0,F7N4GGJ73G,,Ipad,BACK-END,F7N4GGJ73G
A001,15.0,PDT,PDT's Printer,PDT Printer Star SM-L200-UB40,1.0,2530022102301145,,Pdt'S Printer,PDT,2530022102301145
A002,1.0,POS,Mini Pc,Desktop HP  PRO MINI 400 G9,1.0,8CC3213L46,,Mini Pc,POS,8CC3213L46
A002,4.0,POS,Cash Drawer,Poscom,1.0,20201130017,,Cash Drawer,POS,20201130017
A002,5.0,POS,Pole Display,Pole Display VFD,1.0,211130000023,,Pole Display,POS,211130000023
A002,6.0,POS,Scanning gun,Datalogic QW2100,1.0,G23D05251,,Scanning Gun,POS,G23D05251
A002,7.0,POS,Monitor,Monitor HP V190,1.0,1CR82307CJ,,Monitor,POS,1CR82307CJ
A002,8.0,POS,Bill Printer,Epson TM-82III,1.0,X7BA004104,,Bill Printer,POS,X7BA004104
A002,9.0,Network,"Switch (Internal Switch-POS, TF, Wifi)",Cisco CBS110-16T-EU,1.0,PSZ27181D30,,"Switch (Internal Switch-Pos, Tf, Wifi)",NETWORK,PSZ27181D30
A002,10.0,Network,Access Point,Wifi UBIQUITI UniFi,1.0,9C05D679853C,,Access Point,NETWORK,9C05D679853C
A002,11.0,Network,Firewall,Fortigate-40F,1.0,FGT40FTK24007310,,Firewall,NETWORK,FGT40FTK24007310
A002,12.0,Network,Access Point,Ruijie RG-EW1200G Pro,1.0,ZAU82MM037794,,Access Point,NETWORK,ZAU82MM037794
A002,13.0,Back-end,Printer,Hp laserjet 107a,1.0,CNB3R38327,,Printer,BACK-END,CNB3R38327
A002,14.0,Back-end,IPad,Ipad Air 13-inch(M3),1.0,SK5QKJH956L,,Ipad,BACK-END,SK5QKJH956L
A002,15.0,PDT,PDT,Zebra TC26BK,1.0,24161523020360,,Pdt,PDT,24161523020360
A002,16.0,PDT,PDT's Printer,Star-SM-L200-UB40,1.0,234123052300546,,Pdt'S Printer,PDT,234123052300546
A003,1.0,POS,Mini Pc,HP Prodesk 400 G7,1.0,4CE234DC69,DSV,Mini Pc,POS,4CE234DC69
A003,2.0,POS,Keyboard,Keyboard,1.0,,,Keyboard,POS,
A003,3.0,POS,Mouse,Mouse,1.0,,,Mouse,POS,
A003,4.0,POS,Cash Drawer,Maken 410,1.0,MK410211201036,,Cash Drawer,POS,MK410211201036
A003,5.0,POS,Pole Display,Pole Display LD220-HP,1.0,211130000033,,Pole Display,POS,211130000033
A003,6.0,POS,Scanning gun,Zebex Z-3100 Magic C,1.0,G00LH223008,,Scanning Gun,POS,G00LH223008
A003,7.0,POS,Monitor,Monitor HP V19,1.0,3CQ7490XG4,,Monitor,POS,3CQ7490XG4
A003,8.0,POS,Bill Printer,Epson TM-82III,1.0,X7BA007405,,Bill Printer,POS,X7BA007405
A003,9.0,Network,"Switch (Internal Switch-POS, TF, Wifi)",Cisco CBS110-16T-EU,1.0,PSZ27111C7N,,"Switch (Internal Switch-Pos, Tf, Wifi)",NETWORK,PSZ27111C7N
A003,10.0,Network,Access Point,UniFi U7 Lite,1.0,8C30664CA1F4,,Access Point,NETWORK,8C30664CA1F4
A003,11.0,Network,Firewall,Fortigate FG-40F - 1  Year UTP license,1.0,FGT40FTK25088855,,Firewall,NETWORK,FGT40FTK25088855
A003,12.0,Back-end,Printer,Canon LBP 2900,1.0,NMYA744308,,Printer,BACK-END,NMYA744308
A003,13.0,PDT,PDT,Zebra TC26BK-11A222-A6,1.0,S22182523023415,DSV,Pdt,PDT,S22182523023415
A003,14.0,Back-end,Ipad,Ipad Air 13-inch(M3),1.0,F36H6L0DM0,,Ipad,BACK-END,F36H6L0DM0
A003,16.0,PDT,PDT's Printer,Zebra ZQ210,1.0,XXZTN261200010,,Pdt'S Printer,PDT,XXZTN261200010
V003,1.0,POS,Mini Pc,HP Pro Mini 400 G9 - Intel Core i5 12500T/ (8GB x2) DDR4 3200/ SSD 512GB/ Mouse & Keyboard/ W11H/ 1Y Onsite,2.0,"8CC3500VNJ
8CC3500VSH",,Mini Pc,POS,"8CC3500VNJ
8CC3500VSH"
V003,3.0,Network,Switch,Switch Ubiquiti UniFi Switch 24 PoE (USW-24-PoE),1.0,1C6A1B99A032,,Switch,NETWORK,1C6A1B99A032
V003,4.0,Network,Switch,Cisco CBS110-16T-EU,1.0,KWC29190Y0L,,Switch,NETWORK,KWC29190Y0L
V003,5.0,Network,Access Point,Unibiti UAP nanohd wifi,3.0,"1C6A1B1F094D
1C6A1B1EFD41
1C6A1B1EFB0D",,Access Point,NETWORK,"1C6A1B1F094D
1C6A1B1EFD41
1C6A1B1EFB0D"
V003,6.0,Network,Sim Data (O2O),SIM DATA,1.0,,,Sim Data (O2O),NETWORK,
V003,7.0,PDT,PDT,Zebra TC26BK-11A222-A6,5.0,"352714115510901
S24165523020007
S24164523022749
S24144523021867
S24164523022750",,Pdt,PDT,"352714115510901
S24165523020007
S24164523022749
S24144523021867
S24164523022750"
V003,8.0,PDT,PDT printer,PDT Printer Star SM-L200-UB40,2.0,"2534123052300532 
2530022102301146",,Pdt Printer,PDT,"2534123052300532 
2530022102301146"
V003,9.0,Back-end,Tablet for o2o,Samsung Galaxy Tab S10 FE 5G 8GB 128GB,1.0,356160461428445,,Tablet For O2O,BACK-END,356160461428445
V003,10.0,Back-end,Printer for o2o,"Máy in mã vạch Postek IQ200, 203dpi -Bluetooth",1.0,I1624C0004,,Printer For O2O,BACK-END,I1624C0004
V003,11.0,POS,PC Workstation,Máy tính trạm Dell Precision 3680 Tower,1.0,91DR874,,Pc Workstation,POS,91DR874
V003,12.0,POS,Monitor,"Monitor HP 19,5 inch - widescreen (hdmi port)",3.0,"3CQ3240J7T
3CQ2320662
1CR82307C4",,Monitor,POS,"3CQ3240J7T
3CQ2320662
1CR82307C4"
V003,13.0,POS,Keyboard,Keyboard,3.0,,,Keyboard,POS,
V003,14.0,POS,Mouse,Mouse,3.0,,,Mouse,POS,
V003,15.0,POS,Cash Drawer,Maken 410,2.0,"MK410221102176
MK410221102399",,Cash Drawer,POS,"MK410221102176
MK410221102399"
V003,16.0,POS,Pole Display,Pole Display,2.0,"2TD311NAFS
2TD3311NAFQ",,Pole Display,POS,"2TD311NAFS
2TD3311NAFQ"
V003,17.0,POS,Scanner,Scanner Wireless DS2278,2.0,"S24019523702434(Scan)
S24017523702131(Dock scan)
S24020523701951(Scan)
S24016523701462(Dock scan)",,Scanner,POS,"S24019523702434(SCAN)
S24017523702131(DOCK SCAN)
S24020523701951(SCAN)
S24016523701462(DOCK SCAN)"
V003,18.0,POS,Bill printer,"Printer Cashier - Thermal Star printer MCP31L, USB",2.0,"2530022102301140
2534123052300530",,Bill Printer,POS,"2530022102301140
2534123052300530"
V003,19.0,Back-end,A4 Printer,HP Laser 107A,1.0,CNB2Q9TRM8,,A4 Printer,BACK-END,CNB2Q9TRM8
V003,20.0,POS,Mpos,HP EngageGo10 Mobile tablet (i5 8Gb with scanner),1.0,5CG3350NKD,,Mpos,POS,5CG3350NKD
V003,21.0,POS,Printer for Mpos,mPOS Printer Star SM­T300i2-DB50,1.0,2560023022000020,,Printer For Mpos,POS,2560023022000020
V003,22.0,Network,Firewall,Fortigate FG-60F - 3  Year UTP license,1.0,FGT60FTK23084659,,Firewall,NETWORK,FGT60FTK23084659
V003,23.0,Back-end,Dock zebra,Dock zebra,1.0,S23069523701506,,Dock Zebra,BACK-END,S23069523701506
VA01,1.0,POS,Mini Pc,HP Pro Mini 400 G9 - Intel Core i5 12500T/ (8GB x2) DDR4 3200/ SSD 512GB,1.0,8CC3190ZZK,,Mini Pc,POS,8CC3190ZZK
VA01,2.0,POS,Keyboard,Keyboard,1.0,,,Keyboard,POS,
VA01,3.0,POS,Mouse,Mouse,1.0,,,Mouse,POS,
VA01,4.0,POS,Cash Drawer,Maken 410,1.0,MK410221102375,,Cash Drawer,POS,MK410221102375
VA01,5.0,POS,Pole Display,Pole Display VFD,1.0,D190928010059,,Pole Display,POS,D190928010059
VA01,6.0,POS,Scanning gun,Datalogic QW2100,1.0,G23C76633,,Scanning Gun,POS,G23C76633
VA01,7.0,POS,Monitor,Monitor HP V20,1.0,3CQ23207GZ,,Monitor,POS,3CQ23207GZ
VA01,8.0,POS,Bill Printer,Epson TM-82III,1.0,X7B9027872,,Bill Printer,POS,X7B9027872
VA01,9.0,Network,"Switch (Internal Switch-POS, TF, Wifi)",Cisco CBS110-16T-EU,1.0,PSZ27111C9M,,"Switch (Internal Switch-Pos, Tf, Wifi)",NETWORK,PSZ27111C9M
VA01,10.0,Network,Access Point,Wifi UBIQUITI UniFi Swiss Army Knife (UK-Ultra),1.0,9C05D67987ED,,Access Point,NETWORK,9C05D67987ED
VA01,11.0,Network,Firewall,Fortigate FG-40F - 1  Year UTP license,1.0,FGT40FTK24013312,,Firewall,NETWORK,FGT40FTK24013312
VA01,12.0,Back-end,Printer,Canon LBP 2900,1.0,NMYA846446,,Printer,BACK-END,NMYA846446
VA01,13.0,Back-end,Tablet (O2O),Lenovo tab M8,1.0,862854053049828,,Tablet (O2O),BACK-END,862854053049828
VA01,14.0,Back-end,Printer (O2O),"Postek IQ200, 203dpi -Bluetooth",1.0,I1623H0004,,Printer (O2O),BACK-END,I1623H0004
VA01,15.0,PDT,PDT,Zebra TC26BK-11A222-A6,1.0,24164523022661,,Pdt,PDT,24164523022661
VA01,16.0,PDT,PDT's Printer,PDT Printer Star SM-L200-UB40,1.0,2530022102300548,,Pdt'S Printer,PDT,2530022102300548
VA03,1.0,POS,Mini Pc,HP Pro Mini 400 G9 - Intel Core i5 12500T/ (8GB x2) DDR4 3200/ SSD 512GB,1.0,8CC2452WZJ,,Mini Pc,POS,8CC2452WZJ
VA03,2.0,POS,Keyboard,Keyboard,1.0,,,Keyboard,POS,
VA03,3.0,POS,Mouse,Mouse,1.0,,,Mouse,POS,
VA03,4.0,POS,Cash Drawer,Maken 410,1.0,MK410221102387,,Cash Drawer,POS,MK410221102387
VA03,5.0,POS,Pole Display,Pole Display VFD,1.0,ALCD20110003,,Pole Display,POS,ALCD20110003
VA03,6.0,POS,Scanning gun,Datalogic QW2100,1.0,G20I34943,,Scanning Gun,POS,G20I34943
VA03,7.0,POS,Monitor,Monitor HP V190,1.0,1CR82307DL,,Monitor,POS,1CR82307DL
VA03,8.0,POS,Bill Printer,Epson TM-82III,1.0,TCEY007587,,Bill Printer,POS,TCEY007587
VA03,9.0,Network,"Switch (Internal Switch-POS, TF, Wifi)",Cisco CBS110-16T-EU,1.0,PSZ26391WEW,,"Switch (Internal Switch-Pos, Tf, Wifi)",NETWORK,PSZ26391WEW
VA03,10.0,Network,Access Point,Wifi UBIQUITI UniFi Swiss Army Knife (UK-Ultra),1.0,9C05D67985DB,,Access Point,NETWORK,9C05D67985DB
VA03,11.0,Network,Firewall,Fortigate FG-40F - 1  Year UTP license,1.0,FGT40FTK24013962,,Firewall,NETWORK,FGT40FTK24013962
VA03,12.0,Back-end,Printer,Canon LBP 2900,1.0,NMYA467017,,Printer,BACK-END,NMYA467017
VA03,15.0,PDT,PDT,Zebra TC26BK-11A222-A6,1.0,24164523022789,,Pdt,PDT,24164523022789
VA03,16.0,PDT,PDT's Printer,PDT Printer Star SM-L200-UB40,1.0,2530022102300551,,Pdt'S Printer,PDT,2530022102300551
VA04,1.0,POS,Desktop,Laptop latitude 3520,1.0,1P8VKG3,,Desktop,POS,1P8VKG3
VA04,2.0,POS,Keyboard,Keyboard,1.0,,,Keyboard,POS,
VA04,3.0,POS,Mouse,Mouse,1.0,,,Mouse,POS,
VA04,4.0,POS,Scanner,Scanner Datalogic  QW21000,1.0,G18C39498,,Scanner,POS,G18C39498
VA04,5.0,POS,Bill Printer,Bill Printer Epson TM82III,1.0,X7B9022768,,Bill Printer,POS,X7B9022768
VA04,6.0,Back-end,USB Hub,USB Hub Orico 4 port,1.0,,,Usb Hub,BACK-END,
VA04,7.0,Network,Network Switch,Network Switch Mercusys 8 port,1.0,22172W5002241,,Network Switch,NETWORK,22172W5002241
VA04,8.0,Network,Firewall,Fortigate-40F,1.0,FGT40FTK24008605,,Firewall,NETWORK,FGT40FTK24008605
VA04,9.0,Back-end,Printer,Canon LBP 3300,,LQHA364224,,Printer,BACK-END,LQHA364224
VA05,1.0,POS,Mini Pc,"Dell OptiPlex 3090 Micro
 - Intel Core i5 12500T/ (8GB x2) DDR4 3200/ SSD 512GB",1.0,DHC4LQ3,,Mini Pc,POS,DHC4LQ3
VA05,2.0,POS,Keyboard,Keyboard,1.0,,,Keyboard,POS,
VA05,3.0,POS,Mouse,Mouse,1.0,,,Mouse,POS,
VA05,4.0,POS,Cash Drawer,Maken 410,1.0,MK410221102375,,Cash Drawer,POS,MK410221102375
VA05,5.0,POS,Pole Display,Pole Display Brich DSP-V9,1.0,D190928010059,,Pole Display,POS,D190928010059
VA05,6.0,POS,Scanning gun,Datalogic QW2100,1.0,G23C76633,,Scanning Gun,POS,G23C76633
VA05,7.0,POS,Monitor,Monitor HP V20,1.0,3CQ23207GZ,,Monitor,POS,3CQ23207GZ
VA05,8.0,POS,Bill Printer,Epson TM-82III,1.0,X7B9027872,,Bill Printer,POS,X7B9027872
VA05,9.0,Network,"Switch (Internal Switch-POS, TF, Wifi)",Cisco CBS110-16T-EU,1.0,PSZ2717X8F,,"Switch (Internal Switch-Pos, Tf, Wifi)",NETWORK,PSZ2717X8F
VA05,10.0,Network,Access Point,Wifi UBIQUITI UniFi Swiss Army Knife (UK-Ultra),1.0,9C05D67986B5,,Access Point,NETWORK,9C05D67986B5
VA05,11.0,Network,Firewall,Fortigate FG-40F - 1  Year UTP license,1.0,FGT40FTK24012852,,Firewall,NETWORK,FGT40FTK24012852
VA05,12.0,Back-end,Printer,Canon LBP 2900,1.0,NMYA846446,,Printer,BACK-END,NMYA846446
VA05,13.0,Back-end,Tablet (O2O),Samsung Galaxy Tab S6 Lite,1.0,352294624027655,,Tablet (O2O),BACK-END,352294624027655
VA05,14.0,Back-end,Printer (O2O),"Postek IQ200, 203dpi -Bluetooth",1.0,I1622C0001,,Printer (O2O),BACK-END,I1622C0001
VA05,15.0,PDT,PDT,Zebra TC26BK-11A222-A6,1.0,24163523021407,,Pdt,PDT,24163523021407
VA05,16.0,PDT,PDT's Printer,PDT Printer Star SM-L200-UB40,1.0,2534123052300530,,Pdt'S Printer,PDT,2534123052300530
VA06,1.0,POS,Mini Pc,HP Pro Mini 400 G9 - Intel Core i5 12500T/ (8GB x2) DDR4 3200/ SSD 512GB,1.0,5CD250F9PY,,Mini Pc,POS,5CD250F9PY
VA06,3.0,POS,Mouse,Mouse,1.0,,,Mouse,POS,
VA06,4.0,POS,Cash Drawer,Maken 410,1.0,MK410221101761,,Cash Drawer,POS,MK410221101761
VA06,6.0,POS,Scanning gun,Datalogic QW2100,1.0,G22F27193,,Scanning Gun,POS,G22F27193
VA06,8.0,POS,Bill Printer,Epson TM-82III,1.0,X7B9022769,,Bill Printer,POS,X7B9022769
VA06,9.0,Network,MERCUSYS,Cisco CBS110-16T-EU,1.0,22253D8008245,,Mercusys,NETWORK,22253D8008245
VA06,11.0,Network,Firewall,Fortigate FG-40F - 1  Year UTP license,1.0,FGT40FTK24009146,,Firewall,NETWORK,FGT40FTK24009146
VA06,12.0,Back-end,Printer,Canon LBP 2900,1.0,NMYA785124,,Printer,BACK-END,NMYA785124
VA06,13.0,Back-end,Tablet (O2O),Lenovo tab M8,1.0,862854053047574,,Tablet (O2O),BACK-END,862854053047574
VA06,14.0,Back-end,Printer (O2O),"Postek IQ200, 203dpi -Bluetooth",1.0,I1623H0001,,Printer (O2O),BACK-END,I1623H0001
VA06,15.0,PDT,PDT Printer,Zebra ZQ210,1.0,XXZTN261200002,,Pdt Printer,PDT,XXZTN261200002
VA06,16.0,Network,Access Point,Unifi UAP U7 Lite,1.0,9041B204E93D,,Access Point,NETWORK,9041B204E93D
VA06,17.0,PDT,PDT,Zebra TC27,1.0,S26023524700822,,Pdt,PDT,S26023524700822
VA08,1.0,POS,Laptop,Laptop HP ProBook 440 14 inch G9 Notebook PC,1.0,5CD2409YYT,,Laptop,POS,5CD2409YYT
VA08,3.0,POS,Mouse,Mouse,1.0,,,Mouse,POS,
VA08,6.0,POS,Scanning gun,Datalogic QW2100,1.0,G23C76615,,Scanning Gun,POS,G23C76615
VA08,8.0,POS,Bill Printer,Epson TM-82III,1.0,X7B9025160,,Bill Printer,POS,X7B9025160
VA08,9.0,Network,"Switch (Internal Switch-POS, TF, Wifi)",Cisco CBS110-16T-EU,1.0,PSZ26391WDK,,"Switch (Internal Switch-Pos, Tf, Wifi)",NETWORK,PSZ26391WDK
VA08,10.0,Network,Access Point,Wifi UBIQUITI UniFi Swiss Army Knife (UK-Ultra),1.0,9C05D6797F4B,,Access Point,NETWORK,9C05D6797F4B
VA08,11.0,Network,Firewall,Fortigate FG-40F - 1  Year UTP license,1.0,FGT40FTK24013313,,Firewall,NETWORK,FGT40FTK24013313
VA08,12.0,Back-end,Printer,Canon LBP 2900,1.0,NMYA802545,,Printer,BACK-END,NMYA802545
VA08,15.0,PDT,PDT,Zebra TC26BK-11A222-A6,1.0,24165523020005,,Pdt,PDT,24165523020005
VA08,16.0,PDT,PDT's Printer,PDT Printer Star SM-L200-UB40,1.0,9C05D6797F4B,,Pdt'S Printer,PDT,9C05D6797F4B
VA11,1.0,POS,Desktop,Desktop HP PRO MINI 400 G9,1.0,8CC3213L26,,Desktop,POS,8CC3213L26
VA11,2.0,POS,Scanner,Scanner Datalogic QW2100,1.0,G23D05933,,Scanner,POS,G23D05933
VA11,3.0,POS,Bill Printer,Bill Printer Epson TM-82III,1.0,X7B9028160,,Bill Printer,POS,X7B9028160
VA11,4.0,POS,Pole Display,Pole Display Brich DSP-V9,1.0,D190928010060,,Pole Display,POS,D190928010060
VA11,5.0,POS,Cash Drawer,Cash Drawer Maken MK-410,1.0,MK410221102370,,Cash Drawer,POS,MK410221102370
VA11,6.0,Back-end,A4 Printer,A4 Printer Canon LBP 2900,1.0,NMYA834048,,A4 Printer,BACK-END,NMYA834048
VA11,7.0,Back-end,Other,Other Lioa Power Socket,1.0,,,Other,BACK-END,
VA11,8.0,POS,Monitor,Monitor HP V20,1.0,3CQ2320CS2,,Monitor,POS,3CQ2320CS2
VA11,9.0,Network,Network Switch,Network Switch Cisco CBS110-16T-EU,1.0,PSZ27181B30,,Network Switch,NETWORK,PSZ27181B30
VA11,10.0,Network,Firewall,Fortigate-40F,1.0,FGT40FTK24006198,,Firewall,NETWORK,FGT40FTK24006198
VA11,11.0,Back-end,PDT,Zebra TC26BK,1.0,24164523022699,,Pdt,BACK-END,24164523022699
VA11,12.0,Back-end,O2O,Postek printer,1.0,I1623H0005,,O2O,BACK-END,I1623H0005
VA11,13.0,Back-end,PDT Printer,Printer Star SM-L200-UB40,1.0,2530022102300552,,Pdt Printer,BACK-END,2530022102300552
VA11,14.0,Network,Access Point,Wifi UBIQUITI UniFi,1.0,9C05D6798618,,Access Point,NETWORK,9C05D6798618
VA12,1.0,Back-end,A4 Printer,A4 Printer Canon LBP 2900,1.0,NMYA765067,,A4 Printer,BACK-END,NMYA765067
VA12,2.0,POS,Scanner,Scanner Datalogic QW2100,1.0,G23D05439,,Scanner,POS,G23D05439
VA12,3.0,POS,Bill Printer,Bill Printer Epson TM-T82III,1.0,X7B9025644,,Bill Printer,POS,X7B9025644
VA12,4.0,,Other,Other  Electric socket (LIOA 6 Slots 3m),1.0,,,Other,,
VA12,5.0,POS,Monitor,Monitor HP HP V20 (with mount kit),1.0,,,Monitor,POS,
VA12,6.0,POS,Pole Display,Pole Display Birch DSP-V9,1.0,3CQ232065Y,,Pole Display,POS,3CQ232065Y
VA12,7.0,Network,Network Switch,Network Switch Cisco CBS110-16T-EU,1.0,PSZ27111BB9,,Network Switch,NETWORK,PSZ27111BB9
VA12,8.0,Back-end,USB Hub,USB Hub Orico,1.0,,,Usb Hub,BACK-END,
VA12,9.0,POS,Desktop,Desktop HP PRO MINI 400G6,1.0,8CC2231CV8,,Desktop,POS,8CC2231CV8
VA12,10.0,Back-end,A4 Printer,A4 Printer Canon LBP 2900,1.0,NMYA765067,,A4 Printer,BACK-END,NMYA765067
VA12,11.0,POS,Scanner,Scanner Datalogic QW2100,1.0,G23D05439,,Scanner,POS,G23D05439
VA12,12.0,POS,Bill Printer,Bill Printer Epson TM82III,1.0,X7B9025644,,Bill Printer,POS,X7B9025644
VA12,13.0,Back-end,Other,Other Lioa Power Supply,1.0,,,Other,BACK-END,
VA12,14.0,POS,Monitor,Monitor HP V20,1.0,3CQ232065Y,,Monitor,POS,3CQ232065Y
VA12,15.0,POS,Pole Display,Pole Display DSP V9,1.0,D190928010128,,Pole Display,POS,D190928010128
VA12,16.0,Network,Network Switch,Network Switch Cisco CBS110-16TEU,1.0,PSZ27111BB9,,Network Switch,NETWORK,PSZ27111BB9
VA12,17.0,Back-end,USB Hub,USB Hub Orico 4 Port,1.0,,,Usb Hub,BACK-END,
VA12,18.0,Back-end,PDT,Zebra TC26BK,1.0,24248523020405,,Pdt,BACK-END,24248523020405
VA12,19.0,Network,Access Point,Wifi UBIQUITI UniFi,1.0,9C05D67987D6,,Access Point,NETWORK,9C05D67987D6
VA12,20.0,Network,Firewall,Fortigate-40F,1.0,FGT40FTK2309D2HW,,Firewall,NETWORK,FGT40FTK2309D2HW
VA12,21.0,Back-end,PDT Printer,Printer Star SM-L200-UB40,1.0,2534123052300531,,Pdt Printer,BACK-END,2534123052300531
VA13,1.0,POS,Monitor,HP 194V,1.0,3CQ633116Z,,Monitor,POS,3CQ633116Z
VA13,2.0,POS,Bill Printer,Bill Printer Epson TM-82III,1.0,X7BA011302,,Bill Printer,POS,X7BA011302
VA13,3.0,POS,A4 Printer,A4 Printer Canon LBP 2900,1.0,NMYA783802,,A4 Printer,POS,NMYA783802
VA13,4.0,POS,Pole Display,Pole Display VFD,1.0,211130000049,,Pole Display,POS,211130000049
VA13,5.0,Back-end,USB,Hub usb orico,1.0,,,Usb,BACK-END,
VA13,7.0,POS,Cash Drawer,Cash Drawer Maken MK410,1.0,MK410220300197,,Cash Drawer,POS,MK410220300197
VA13,8.0,Network,Firewall,Fortigate-40F,1.0,FGT40FTK24010083,,Firewall,NETWORK,FGT40FTK24010083
VA13,9.0,Network,Network Switch,Network Switch Mercusys,1.0,22172W5002275,,Network Switch,NETWORK,22172W5002275
VA13,10.0,POS,Scanner,Scanner Datalogic QW2100,1.0,G22EB4602,,Scanner,POS,G22EB4602
VA13,11.0,Back-end,Other,HP-Display port to VGA,1.0,,,Other,BACK-END,
VA13,12.0,POS,Desktop,HP ProDesk 400 G6 DM,1.0,8CC22011LP,,Desktop,POS,8CC22011LP
VA13,13.0,Back-end,O2O Printer,Postek printer,1.0,I1622F0004,,O2O Printer,BACK-END,I1622F0004
VA13,14.0,Back-end,Tablet,Lenovo tab M8,1.0,862854053050057,,Tablet,BACK-END,862854053050057
VA13,15.0,Back-end,PDT,Zebra TC26BK,1.0,24165523020013,,Pdt,BACK-END,24165523020013
VA13,16.0,Network,Access Point,Wifi UBIQUITI UniFi,1.0,9C05D6798566,,Access Point,NETWORK,9C05D6798566
VA13,17.0,Back-end,PDT Printer,Printer Star SM-L200-UB40,1.0,2534123052300540,,Pdt Printer,BACK-END,2534123052300540
VA14,1.0,POS,Desktop,HP ProDesk 400 G3 DM,1.0,8CG8105N35,,Desktop,POS,8CG8105N35
VA14,2.0,POS,Bill Printer,Bill Printer Epson TM-82III,1.0,X7B90227772,,Bill Printer,POS,X7B90227772
VA14,3.0,POS,Mouse,Mouse,1.0,,,Mouse,POS,
VA14,4.0,POS,Keyboard,Keyboard,1.0,,,Keyboard,POS,
VA14,5.0,Back-end,A4 Printer,A4 Printer Canon LBP 2900,1.0,NMYA786005,,A4 Printer,BACK-END,NMYA786005
VA14,6.0,POS,Pole Display,Pole Display LD220,1.0,493345-002,,Pole Display,POS,493345-002
VA14,7.0,POS,Monitor,Dell E1916,1.0,CN-OMMK39-72872-5CO-G47U-A00,,Monitor,POS,CN-OMMK39-72872-5CO-G47U-A00
VA14,8.0,Network,Network Switch,Network Switch Mercusys,1.0,2201552001955,,Network Switch,NETWORK,2201552001955
VA14,9.0,Network,firewall,Fortigate-40F,1.0,FGT40FTK2309D2CM,,Firewall,NETWORK,FGT40FTK2309D2CM
VA14,10.0,POS,Scanner,Scanner Datalogic QW2100,1.0,G23C76615,,Scanner,POS,G23C76615
VA14,11.0,Back-end,PDT,Zebra TC26BK,1.0,24144523021823,,Pdt,BACK-END,24144523021823
VA14,12.0,Back-end,Tablet,Lenovo tab M8,1.0,HA1JZCBD,,Tablet,BACK-END,HA1JZCBD
VA14,13.0,Back-end,O2O Printer,Postek printer,1.0,I1624C0003,,O2O Printer,BACK-END,I1624C0003
VA14,14.0,Network,Access point,Wifi UBIQUITI UniFi,1.0,9C05D679886A,,Access Point,NETWORK,9C05D679886A
VA14,15.0,Back-end,Tablet,Samsung S6 Lite,1.0,354348130452407,,Tablet,BACK-END,354348130452407
VA14,16.0,POS,Cash Drawer,Cash Drawer Maken MK410,1.0,MK410220300534,,Cash Drawer,POS,MK410220300534
VA14,17.0,Back-end,PDT Printer,Printer Star SM-L200-UB40,1.0,2534123052300545,,Pdt Printer,BACK-END,2534123052300545
VA15,1.0,POS,Desktop,OptiPlex 3090 Micro,1.0,1HC4LQ3,,Desktop,POS,1HC4LQ3
VA15,2.0,POS,monitor,HP 190V,1.0,1CR8371GSK,,Monitor,POS,1CR8371GSK
VA15,3.0,POS,Cash Drawer,Cash Drawer Maken MK410,1.0,20230526081,,Cash Drawer,POS,20230526081
VA15,4.0,POS,Pole Display,Pole Display VFD,1.0,211130000045,,Pole Display,POS,211130000045
VA15,5.0,Network,Network Switch,Network Switch Mercusys,1.0,22253D9009871,,Network Switch,NETWORK,22253D9009871
VA15,6.0,POS,Scanner,Scanner Datalogic QW2100,1.0,G21M82786,,Scanner,POS,G21M82786
VA15,7.0,POS,Bill Printer,Bill Printer Epson TM-82III,1.0,X7B9022758,,Bill Printer,POS,X7B9022758
VA15,8.0,Back-end,A4 Printer,HP Laser NEVERSTOP 1000W,1.0,CNBRP8339N,,A4 Printer,BACK-END,CNBRP8339N
VA15,9.0,Back-end,Other,HP-Display port to VGA,1.0,,,Other,BACK-END,
VA15,10.0,Network,Firewall,Fortigate-40F,1.0,FGT40FTK24012854,,Firewall,NETWORK,FGT40FTK24012854
VA15,11.0,Back-end,PDT,Zebra TC26BK,1.0,24164523022668,,Pdt,BACK-END,24164523022668
VA15,12.0,Back-end,PDT Printer,Printer Star SM-L200-UB40,1.0,2534123052300531,,Pdt Printer,BACK-END,2534123052300531
VA15,13.0,Network,Access Point,Wifi UBIQUITI UniFi,1.0,9C05D679882E,,Access Point,NETWORK,9C05D679882E
VA15,14.0,Network,Firewall,Fortigate-40F,1.0,FGT40FTK24012854,,Firewall,NETWORK,FGT40FTK24012854
VA16,1.0,POS,Desktop,Desktop HP PRO MINI 400G6,1.0,8CC2231D6Z,,Desktop,POS,8CC2231D6Z
VA16,2.0,POS,Desktop,OptiPlex 3090 Micro,1.0,2HC4LQ3,,Desktop,POS,2HC4LQ3
VA16,2.0,POS,Desktop,OptiPlex 3090 Micro,1.0,DHC4LQ3,,Desktop,POS,DHC4LQ3
VA16,3.0,POS,Monitor,HP 190V,1.0,3CQ54013F6,,Monitor,POS,3CQ54013F6
VA16,4.0,POS,Monitor,HP 190V,1.0,1CR8420HDS,,Monitor,POS,1CR8420HDS
VA16,5.0,POS,Monitor,HP 190V,1.0,1CR82307CH,,Monitor,POS,1CR82307CH
VA16,6.0,POS,Other,KVM Switch,1.0,F3H40430496,,Other,POS,F3H40430496
VA16,7.0,POS,Cash Drawer,Cash Drawer Maken MK410,1.0,MK410220300326,,Cash Drawer,POS,MK410220300326
VA16,8.0,POS,Cash Drawer,Cash Drawer Antech,1.0,DGAV141220180740,,Cash Drawer,POS,DGAV141220180740
VA16,9.0,Network,Network Switch,D-Link DES-1016D,1.0,S31U4I3002273,,Network Switch,NETWORK,S31U4I3002273
VA16,10.0,POS,Pole Display,Pole Display VFD,1.0,211130000039,,Pole Display,POS,211130000039
VA16,11.0,POS,Pole Display,Pole Display VFD,1.0,211130000034,,Pole Display,POS,211130000034
VA16,12.0,Back-end,USB Hub,Hub Usb Unitek - 4 Port,1.0,,,Usb Hub,BACK-END,
VA16,13.0,POS,Scanner,Scanner Datalogic QW2100,1.0,G21EB1552,,Scanner,POS,G21EB1552
VA16,14.0,POS,Scanner,Scanner Datalogic QW2100,1.0,G21E85723,,Scanner,POS,G21E85723
VA16,15.0,POS,Bill Printer,Bill Printer Epson TM-82III,1.0,X7B9025195,,Bill Printer,POS,X7B9025195
VA16,16.0,POS,Bill Printer,Bill Printer Epson TM-82III,1.0,X7BA007402,,Bill Printer,POS,X7BA007402
VA16,17.0,Back-end,A4 Printer,A4 Printer Canon LBP 2900,1.0,NMYA585779,,A4 Printer,BACK-END,NMYA585779
VA16,18.0,Back-end,Other,UPS SMC 1500,1.0,,,Other,BACK-END,
VA16,19.0,Back-end,Other,HP-Display port to VGA,1.0,CNK3380795,,Other,BACK-END,CNK3380795
VA16,20.0,Back-end,Other,HP-Display port to VGA,1.0,CNK3380795,,Other,BACK-END,CNK3380795
VA16,21.0,Network,Firewall,Fortigate-40F,1.0,FGT40FTK24006198,,Firewall,NETWORK,FGT40FTK24006198
VA16,22.0,Back-end,PDT,Zebra TC26BK,1.0,S24144523021519,,Pdt,BACK-END,S24144523021519
VA16,23.0,Back-end,Table,Samsung S6 Lite,1.0,352294624028836,,Table,BACK-END,352294624028836
VA16,24.0,Back-end,Printer (O2O),Postek printer,1.0,I1622F0008,,Printer (O2O),BACK-END,I1622F0008
VA16,25.0,Network,Access Point,Wifi UBIQUITI UniFi,1.0,9C05D6798F4E,,Access Point,NETWORK,9C05D6798F4E
VA16,26.0,Back-end,PDT Printer,Printer Star SM-L200-UB40,1.0,2530022102300542,,Pdt Printer,BACK-END,2530022102300542
VA16,27.0,Back-end,Table,Samsung Tab S10 FE (for livestream),1.0,356160460749106,,Table,BACK-END,356160460749106
VA16,28.0,Back-end,Micro,Saramonic Air 01 (for livestream),1.0,SR25102704450,,Micro,BACK-END,SR25102704450
VA16,29.0,Back-end,Micro,Saramonic Air 01 (for livestream),1.0,SR25102704455,,Micro,BACK-END,SR25102704455
VA16,30.0,Back-end,Light,Proton FD1000EB (for livestream),1.0,,,Light,BACK-END,
VA18,1.0,POS,Mini Pc,HP Prodesk 400 G7,1.0,4CE234DC9C,DSV,Mini Pc,POS,4CE234DC9C
VA18,2.0,POS,Keyboard,Keyboard,1.0,,,Keyboard,POS,
VA18,3.0,POS,Mouse,Mouse,1.0,,,Mouse,POS,
VA18,4.0,POS,Cash Drawer,Maken 410,1.0,MK410211200950,,Cash Drawer,POS,MK410211200950
VA18,5.0,POS,Pole Display,Pole Display VFD,1.0,DH240328010036,,Pole Display,POS,DH240328010036
VA18,6.0,POS,Scanning gun,Datalogic QW2100,1.0,G19M33798,,Scanning Gun,POS,G19M33798
VA18,7.0,POS,Monitor,Monitor HP V190,1.0,1CR82307DH,,Monitor,POS,1CR82307DH
VA18,8.0,POS,Bill Printer,Epson TM-82III,1.0,X7BA000887,,Bill Printer,POS,X7BA000887
VA18,9.0,Network,"Switch (Internal Switch-POS, TF, Wifi)",Cisco CBS110-16T-EU,1.0,PSZ27111BN9,,"Switch (Internal Switch-Pos, Tf, Wifi)",NETWORK,PSZ27111BN9
VA18,10.0,Network,Access Point,Wifi UBIQUITI UniFi Swiss Army Knife (UK-Ultra),1.0,8C30664C8871,,Access Point,NETWORK,8C30664C8871
VA18,12.0,Network,Firewall,Fortigate FG-40F - 1  Year UTP license,1.0,FGT40FTK24012853,,Firewall,NETWORK,FGT40FTK24012853
VA18,13.0,Back-end,Printer,Canon LBP 2900,1.0,NMYA467026,,Printer,BACK-END,NMYA467026
VA18,16.0,PDT,PDT,Zebra TC27,1.0,26023524700917,,Pdt,PDT,26023524700917
VA18,17.0,PDT,PDT's Printer,Zebra ZQ210,1.0,XXZTN261200005,,Pdt'S Printer,PDT,XXZTN261200005
VA19,1.0,POS,Mini Pc,HP Pro Mini 400 G9 - Intel Core i5 12500T/ (8GB x2) DDR4 3200/ SSD 512GB/ Mouse & Keyboard/ W11H/ 1Y Onsite,1.0,8CC51110Q1,,Mini Pc,POS,8CC51110Q1
VA19,2.0,POS,Keyboard,Keyboard,1.0,,,Keyboard,POS,
VA19,3.0,POS,Mouse,Mouse,1.0,,,Mouse,POS,
VA19,4.0,POS,Cash Drawer,Maken 410,1.0,MK410221101694,,Cash Drawer,POS,MK410221101694
VA19,5.0,POS,Pole Display,Pole Display VFD,1.0,VFD220U13B20120033,,Pole Display,POS,VFD220U13B20120033
VA19,6.0,POS,Scanning gun,Datalogic QW2100,1.0,G21E85754,,Scanning Gun,POS,G21E85754
VA19,7.0,POS,Monitor,Monitor HP V190,1.0,1CR82307CB,,Monitor,POS,1CR82307CB
VA19,8.0,POS,Bill Printer,Epson TM-82III,1.0,X7B9023460,,Bill Printer,POS,X7B9023460
VA19,9.0,Network,"Switch (Internal Switch-POS, TF, Wifi)",Cisco CBS110-16T-EU,1.0,KWC29190Y1C,,"Switch (Internal Switch-Pos, Tf, Wifi)",NETWORK,KWC29190Y1C
VA19,10.0,Network,Access Point,Wifi UBIQUITI UniFi Swiss Army Knife (UK-Ultra),1.0,9C05D67658B6,,Access Point,NETWORK,9C05D67658B6
VA19,11.0,Network,Sim Data (O2O),SIM DATA,1.0,,,Sim Data (O2O),NETWORK,
VA19,12.0,Network,Firewall,Fortigate FG-40F - 1  Year UTP license,1.0,FGT40FTK24086985,,Firewall,NETWORK,FGT40FTK24086985
VA19,13.0,Back-end,Printer,Canon LBP 2900,1.0,NMYA802536,,Printer,BACK-END,NMYA802536
VA19,14.0,Back-end,Tablet (O2O),Samsung Galaxy Tab S10 FE 5G 8GB 128GB,1.0,356160460426515,,Tablet (O2O),BACK-END,356160460426515
VA19,15.0,Back-end,Printer (O2O),"Postek IQ200, 203dpi -Bluetooth",1.0,I1623F0001,,Printer (O2O),BACK-END,I1623F0001
VA19,16.0,PDT,PDT,Zebra TC26BK-11A222-A6,1.0,S24164523022684,,Pdt,PDT,S24164523022684
VA19,17.0,PDT,PDT's Printer,PDT Printer Star SM-L200-UB40,1.0,2530022102300950,,Pdt'S Printer,PDT,2530022102300950
VA20,1.0,POS,Mini Pc,OptiPlex 3090 Micro,1.0,8CC2231D4N,,Mini Pc,POS,8CC2231D4N
VA20,2.0,POS,Mini Pc,HP ProDesk 400 G6,1.0,8CC2231D5C,,Mini Pc,POS,8CC2231D5C
VA20,3.0,POS,Mini Pc,Optiplex 3090,1.0,BGC4LQ3,,Mini Pc,POS,BGC4LQ3
VA20,4.0,POS,Keyboard,Keyboard,2.0,,,Keyboard,POS,
VA20,5.0,POS,Mouse,Mouse,2.0,,,Mouse,POS,
VA20,6.0,POS,Cash Drawer,Maken 410,1.0,MK410211201512,,Cash Drawer,POS,MK410211201512
VA20,7.0,POS,Cash Drawer,Antech,1.0,DGAV11220182777,,Cash Drawer,POS,DGAV11220182777
VA20,8.0,POS,Pole Display,Pole Display VFD,1.0,211130000048,,Pole Display,POS,211130000048
VA20,9.0,POS,Pole Display,Pole Display VFD,1.0,211130000009,,Pole Display,POS,211130000009
VA20,10.0,POS,Scanning gun,Datalogic QW2100,2.0,"G22EB4589
G21E85804",,Scanning Gun,POS,"G22EB4589
G21E85804"
VA20,11.0,POS,Monitor,Monitor HP V20,1.0,3CQ2320CR6,,Monitor,POS,3CQ2320CR6
VA20,12.0,POS,Monitor,HP 185E,1.0,CNT930534Q,,Monitor,POS,CNT930534Q
VA20,13.0,POS,Bill Printer,Epson TM-82III,1.0,X7BA002787,,Bill Printer,POS,X7BA002787
VA20,14.0,POS,Bill Printer,Epson TM-82III,1.0,X7BA004091,,Bill Printer,POS,X7BA004091
VA20,15.0,Network,"Switch (Internal Switch-POS, TF, Wifi)",Network Switch Mercusys,1.0,2201552001939,,"Switch (Internal Switch-Pos, Tf, Wifi)",NETWORK,2201552001939
VA20,16.0,Network,Access Point,Wifi UBIQUITI UniFi Swiss Army Knife (UK-Ultra),1.0,9C05D67986D9,,Access Point,NETWORK,9C05D67986D9
VA20,17.0,Network,Firewall,Fortigate FG-40F - 1  Year UTP license,1.0,FGT40FTK2309D2HW,,Firewall,NETWORK,FGT40FTK2309D2HW
VA20,18.0,Back-end,Printer,Canon LBP 2900,1.0,NMYA746459,,Printer,BACK-END,NMYA746459
VA20,19.0,Back-end,Tablet (O2O),Lenovo tab M8,1.0,862884053049927,,Tablet (O2O),BACK-END,862884053049927
VA20,20.0,Back-end,Printer (O2O),"Postek IQ200, 203dpi -Bluetooth",1.0,I1624C0017,,Printer (O2O),BACK-END,I1624C0017
VA20,21.0,PDT,PDT,Zebra TC26BK-11A222-A6,1.0,24164523022756,,Pdt,PDT,24164523022756
VA20,22.0,PDT,PDT's Printer,PDT Printer Star SM-L200-UB40,1.0,2534123052300549,,Pdt'S Printer,PDT,2534123052300549
VA20,23.0,,Other,Angustos,1.0,2312178BADH21L0200002,,Other,,2312178BADH21L0200002
VA23,1.0,POS,Laptop,Laptop Hp ProBook 440 G9,1.0,5CD250F9ZW,,Laptop,POS,5CD250F9ZW
VA23,2.0,POS,Mouse,Mouse,1.0,,,Mouse,POS,
VA23,3.0,POS,Scanning gun,Datalogic QW2100,1.0,G20L70107,,Scanning Gun,POS,G20L70107
VA23,4.0,POS,Bill Printer,Epson TM-82III,1.0,X7BA000883,,Bill Printer,POS,X7BA000883
VA23,5.0,Network,"Switch (Internal Switch-POS, TF, Wifi)",Network Switch Mercusys,1.0,2201552001975,,"Switch (Internal Switch-Pos, Tf, Wifi)",NETWORK,2201552001975
VA23,6.0,Network,Firewall,Fortigate FG-40F - 1  Year UTP license,1.0,FGT40FTK24012877,,Firewall,NETWORK,FGT40FTK24012877
VA23,7.0,Back-end,Printer,A4 Printer Canon LBP 3300,1.0,NMYA467026,,Printer,BACK-END,NMYA467026
VA24,1.0,POS,Mini Pc,HP Prodesk 400 G7,1.0,4CE234DC6P,DSV,Mini Pc,POS,4CE234DC6P
VA24,2.0,POS,Keyboard,Keyboard,1.0,,,Keyboard,POS,
VA24,3.0,POS,Mouse,Mouse,1.0,,,Mouse,POS,
VA24,4.0,POS,Cash Drawer,Antech,1.0,B5AT100009,,Cash Drawer,POS,B5AT100009
VA24,5.0,POS,Pole Display,Pole Display VFD,1.0,DH240328010037,,Pole Display,POS,DH240328010037
VA24,6.0,POS,Scanning gun,Datalogic QW2100,1.0,G17NE9961,,Scanning Gun,POS,G17NE9961
VA24,7.0,POS,Monitor,Monitor HP V190,1.0,1CR8420G58,,Monitor,POS,1CR8420G58
VA24,8.0,POS,Bill Printer,Epson TM-82II,1.0,TCCY011123,,Bill Printer,POS,TCCY011123
VA24,9.0,Network,"Switch (Internal Switch-POS, TF, Wifi)",Cisco CBS110-16T-EU,1.0,PSZ26391W7N,,"Switch (Internal Switch-Pos, Tf, Wifi)",NETWORK,PSZ26391W7N
VA24,10.0,Network,Access Point,Wifi UBIQUITI UniFi Swiss Army Knife (UK-Ultra),1.0,84784886C6E7,,Access Point,NETWORK,84784886C6E7
VA24,11.0,Network,Sim Data (O2O),SIM DATA,1.0,,,Sim Data (O2O),NETWORK,
VA24,12.0,Network,Firewall,Fortigate FG-40F - 1  Year UTP license,1.0,FGT40FTK25089026,,Firewall,NETWORK,FGT40FTK25089026
VA24,13.0,Back-end,Printer,HP Neverstop Laser 1000w,1.0,CNBRP833GH,,Printer,BACK-END,CNBRP833GH
VA24,14.0,Back-end,Tablet (O2O),Samsung Galaxy Tab S10 FE 5G 8GB 128GB,1.0,R5GL20XDN3F,,Tablet (O2O),BACK-END,R5GL20XDN3F
VA24,15.0,Back-end,Printer (O2O),"Postek IQ200, 203dpi -Bluetooth",1.0,I1622F0002,DSV,Printer (O2O),BACK-END,I1622F0002
VA24,16.0,PDT,PDT,Zebra TC27,1.0,S26023524700890,,Pdt,PDT,S26023524700890
VA24,17.0,PDT,PDT's Printer,Zebra ZQ210,1.0,XXZTN261200001,,Pdt'S Printer,PDT,XXZTN261200001
VA24,18.0,Back-end,Tablet,Ipad A16,1.0,JL9XJ67CTP,,Tablet,BACK-END,JL9XJ67CTP
VA24,19.0,Network,Access Point,Ruijie RG-EW1200G Pro,1.0,ZAV10T500602A,,Access Point,NETWORK,ZAV10T500602A
VH01,1.0,POS,Mini Pc,HP Pro Mini 400 G9 - Intel Core i5 12500T/ (8GB x2) DDR4 3200/ SSD 512GB/ W11H/ 1Y Onsite,2.0,"8CC51110T0
8CC3500VT4",,Mini Pc,POS,"8CC51110T0
8CC3500VT4"
VH01,2.0,POS,Keyboard,Keyboard,3.0,,,Keyboard,POS,
VH01,3.0,POS,Mouse,Mouse,3.0,,,Mouse,POS,
VH01,4.0,POS,Cash Drawer,Maken 410,2.0,"MK410211201000
MK410221102371",,Cash Drawer,POS,"MK410211201000
MK410221102371"
VH01,5.0,POS,Pole Display,Pole Display VFD,2.0,"2108112341009
VFD220U13B20120034",,Pole Display,POS,"2108112341009
VFD220U13B20120034"
VH01,6.0,POS,Scanner-Bluetooth,Datalogic QW2100,2.0,"G23D05705
G23C76627",,Scanner-Bluetooth,POS,"G23D05705
G23C76627"
VH01,7.0,POS,Monitor,"Monitor HP 19,5 inch - widescreen (hdmi port)",3.0,"1CR82307C2
1CR82307CR
3CQ3240J5T",,Monitor,POS,"1CR82307C2
1CR82307CR
3CQ3240J5T"
VH01,8.0,POS,Bill printer,Epsion T82III,2.0,"X7B9025644
X7B9022786",,Bill Printer,POS,"X7B9025644
X7B9022786"
VH01,9.0,Network,Switch (External Switch-CCTV system),Cisco CBS110-16T-EU,1.0,KWC29190Y1G,,Switch (External Switch-Cctv System),NETWORK,KWC29190Y1G
VH01,10.0,Network,Access Point,Wifi UBIQUITI UniFi Swiss Army Knife (UK-Ultra),1.0,9C05D6797F57,,Access Point,NETWORK,9C05D6797F57
VH01,11.0,Network,Firewall,Fortigate FG-40F - 1  Year UTP license,1.0,FGT40FTK24086915,,Firewall,NETWORK,FGT40FTK24086915
VH01,12.0,Back-end,Printer,Canon LBP 2900,1.0,NMYA802553,,Printer,BACK-END,NMYA802553
VH01,13.0,Back-end,Server,Dell Precision 3680 Tower,1.0,C711P94,,Server,BACK-END,C711P94
VH01,14.0,PDT,PDT,Zebra TC26BK-11A222-A6,1.0,S23118523021439,,Pdt,PDT,S23118523021439
VH01,15.0,PDT,PDT's Printer,PDT Printer Star SM-L200-UB40,1.0,2530022102301150,,Pdt'S Printer,PDT,2530022102301150
VH02,1.0,POS,Laptop,Laptop Hp ProBook 440 G9,1.0,5CD250F9PD,,Laptop,POS,5CD250F9PD
VH02,2.0,POS,Keyboard,Keyboard,1.0,,,Keyboard,POS,
VH02,3.0,POS,Mouse,Mouse,1.0,,,Mouse,POS,
VH02,4.0,POS,Pole Display,Pole Display VFD,1.0,2TD311NAFR,,Pole Display,POS,2TD311NAFR
VH02,5.0,POS,Scanning gun,Datalogic QW2100,1.0,G23C76607,,Scanning Gun,POS,G23C76607
VH02,6.0,POS,Bill Printer,Epson TM-82III,1.0,X7BA003673,,Bill Printer,POS,X7BA003673
VH02,7.0,Back-end,Printer,Canon LBP 2900,1.0,NMYA834196,,Printer,BACK-END,NMYA834196
VH03,1.0,POS,Mini Pc,HP Prodesk 400 G7,2.0,4CE234DC8C,DSV,Mini Pc,POS,4CE234DC8C
VH03,,,,,,4CE234DC92,DSV,,,4CE234DC92
VH03,2.0,POS,Keyboard,Keyboard,3.0,,,Keyboard,POS,
VH03,3.0,POS,Mouse,Mouse,3.0,,,Mouse,POS,
VH03,4.0,POS,Cash Drawer,Maken 410,2.0,MK410210300453,,Cash Drawer,POS,MK410210300453
VH03,,,,,,MK410211201514,,,,MK410211201514
VH03,5.0,POS,Pole Display,Pole Display VFD,2.0,DH240328010039,,Pole Display,POS,DH240328010039
VH03,,,,,,DH240328010038,,,,DH240328010038
VH03,6.0,POS,Scanner,Datalogic QW2100,2.0,G20I34954,,Scanner,POS,G20I34954
VH03,,,,,,G21NG2046,,,,G21NG2046
VH03,7.0,POS,Monitor,"Monitor HP 19,5 inch - widescreen (hdmi port)",2.0,1CR84126GF,,Monitor,POS,1CR84126GF
VH03,,,,,,1CR82307BL,,,,1CR82307BL
VH03,8.0,POS,Monitor,HP V22,1.0,CN41484H9C,,Monitor,POS,CN41484H9C
VH03,,POS,Bill printer,Epsion T82III,2.0,X7BA003082,,Bill Printer,POS,X7BA003082
VH03,9.0,,,,,X7BA002788,,,,X7BA002788
VH03,,Network,Switch (External Switch-CCTV system),Cisco CBS110-16T-EU,1.0,KWC29190Y0Z,,Switch (External Switch-Cctv System),NETWORK,KWC29190Y0Z
VH03,10.0,Network,Access Point,Wifi UBIQUITI UniFi Swiss Army Knife (UK-Ultra),1.0,8C30664AD29C,,Access Point,NETWORK,8C30664AD29C
VH03,,Network,Firewall,Fortigate FG-40F - 1  Year UTP license,1.0,FGT40FTK25089193,,Firewall,NETWORK,FGT40FTK25089193
VH03,11.0,Back-end,Printer,HP Laser Jet Pro M15W,1.0,VNC3K05078,,Printer,BACK-END,VNC3K05078
VH03,,Back-end,Server,Dell Precision 3680 Tower,1.0,BVX97G4,,Server,BACK-END,BVX97G4
VH03,12.0,PDT,PDT,Zebra TC26BK-11A222-A6,1.0,S22182523022953,DSV,Pdt,PDT,S22182523022953
VH03,,PDT,PDT's Printer,Zebra ZQ210,1.0,XXZTN261200003,,Pdt'S Printer,PDT,XXZTN261200003
VI03,1.0,POS,Laptop,Lenovo legion,1.0,PF1FV71U,,Laptop,POS,PF1FV71U
VI03,3.0,POS,Mouse,Mouse,1.0,,,Mouse,POS,
VI03,4.0,POS,Cash Drawer,Maken 410,1.0,20201130015,,Cash Drawer,POS,20201130015
VI03,5.0,POS,Pole Display,Pole Display VFD,1.0,2TD843AAAN,,Pole Display,POS,2TD843AAAN
VI03,6.0,POS,Scanning gun,Datalogic QW2100,1.0,G20E58609,,Scanning Gun,POS,G20E58609
VI03,8.0,POS,Bill Printer,Epson TM-82III,1.0,X7BA001290,,Bill Printer,POS,X7BA001290
VI03,11.0,Network,Firewall,Fortigate FG-40F - 1  Year UTP license,1.0,FGT40FTK2309D2DB,,Firewall,NETWORK,FGT40FTK2309D2DB
VI03,12.0,Back-end,Printer,A4 Printer HP LaserJet,1.0,VNC3K04690,,Printer,BACK-END,VNC3K04690
VI03,13.0,Back-end,Tablet (O2O),Lenovo tab M8,1.0,862854053049620,,Tablet (O2O),BACK-END,862854053049620
VI03,14.0,Back-end,Printer (O2O),"Postek IQ200, 203dpi -Bluetooth",1.0,I1623H0003,,Printer (O2O),BACK-END,I1623H0003
VN05,1.0,POS,Mini Pc,HP Pro Mini 400 G9 - Intel Core i5 12500T/ (8GB x2) DDR4 3200/ SSD 512GB,1.0,8CC3500VT2,,Mini Pc,POS,8CC3500VT2
VN05,2.0,POS,Keyboard,Keyboard,1.0,,,Keyboard,POS,
VN05,3.0,POS,Mouse,Mouse,1.0,,,Mouse,POS,
VN05,4.0,POS,Cash Drawer,Maken 410,1.0,M3302021060398,,Cash Drawer,POS,M3302021060398
VN05,5.0,POS,Pole Display,Pole Display VFD,1.0,120035,,Pole Display,POS,120035
VN05,6.0,POS,Scanning gun,Datalogic QW2100,1.0,G21E85761,,Scanning Gun,POS,G21E85761
VN05,7.0,POS,Monitor,Monitor HP V190,1.0,1CR8420G67,,Monitor,POS,1CR8420G67
VN05,8.0,POS,Bill Printer,Epson TM-82III,1.0,X7BA004094,,Bill Printer,POS,X7BA004094
VN05,9.0,Network,"Switch (Internal Switch-POS, TF, Wifi)",Mercusys,1.0,22253D9009592,,"Switch (Internal Switch-Pos, Tf, Wifi)",NETWORK,22253D9009592
VN05,10.0,Network,Access Point,Wifi UBIQUITI UniFi Swiss Army Knife (UK-Ultra),1.0,9C05D67981E2,,Access Point,NETWORK,9C05D67981E2
VN05,11.0,Network,Firewall,Fortigate FG-40F - 1  Year UTP license,1.0,FGT40FTK24014025,,Firewall,NETWORK,FGT40FTK24014025
VN05,12.0,Back-end,Printer,A4 Printer HP Neverstop laser 1000w,1.0,CNBRP8297B,,Printer,BACK-END,CNBRP8297B
VN05,13.0,Back-end,Tablet (O2O),Lenovo tab M8,1.0,352294624029024,,Tablet (O2O),BACK-END,352294624029024
VN05,14.0,Back-end,Printer (O2O),"Postek IQ200, 203dpi -Bluetooth",1.0,11622C0003,,Printer (O2O),BACK-END,11622C0003
VN05,15.0,PDT,PDT,Zebra TC26BK-11A222-A6,1.0,24144523021654,,Pdt,PDT,24144523021654
VN05,16.0,PDT,PDT's Printer,PDT Printer Star SM-L200-UB40,1.0,2530022102300538,,Pdt'S Printer,PDT,2530022102300538
VN07,1.0,POS,Monitor,Monitor HP V190,1.0,1CR82307K2,,Monitor,POS,1CR82307K2
VN07,2.0,POS,Bill Printer,Bill Printer Xprinter Xp-K300l,1.0,BM2105270034,,Bill Printer,POS,BM2105270034
VN07,3.0,POS,Scanner,Scanner datalogic QW2100,1.0,G21EB1563,,Scanner,POS,G21EB1563
VN07,4.0,POS,Pole Display,Pole Display Customer,1.0,211130000045,,Pole Display,POS,211130000045
VN07,5.0,Back-end,A4 Printer,A4 Printer HP Neverstop laser 1000w,1.0,CNBRP8434C,,A4 Printer,BACK-END,CNBRP8434C
VN07,6.0,POS,Cash Drawer,Maken MK410,1.0,MK410221102041,,Cash Drawer,POS,MK410221102041
VN07,7.0,Network,Network Switch,Network Switch  MERCUSYS,1.0,22172W5002256,,Network Switch,NETWORK,22172W5002256
VN07,8.0,POS,Desktop,Desktop HP ProDesk 400 G7,1.0,1CZ04303Y7,,Desktop,POS,1CZ04303Y7
VN07,9.0,Back-end,PDT,Zebra TC26BK,1.0,24165523020914,,Pdt,BACK-END,24165523020914
VN07,10.0,Network,Access Point,Wifi UBIQUITI UniFi,1.0,9C05D6798563,,Access Point,NETWORK,9C05D6798563
VN07,11.0,Network,Firewall,Fortigate FG-40F - 1  Year UTP license,1.0,FGT40FTK24086985,,Firewall,NETWORK,FGT40FTK24086985
VN07,12.0,Back-end,PDT Printer,Printer Star SM-L200-UB40,1.0,2530022102300544,,Pdt Printer,BACK-END,2530022102300544
VN09,1.0,POS,Monitor,Monitor HP V190,1.0,3CQ7490XG4,,Monitor,POS,3CQ7490XG4
VN09,2.0,POS,Bill Printer,Bill Printer Epson TM-T82II,1.0,TCEY007561,,Bill Printer,POS,TCEY007561
VN09,3.0,POS,Scanner,Scanner Datalogic QW2100,1.0,G20I34943,,Scanner,POS,G20I34943
VN09,4.0,POS,Pole Display,Pole Display Topcash AL-CD1,1.0,ALCD20110003,,Pole Display,POS,ALCD20110003
VN09,5.0,POS,Cash Drawer,Cash Drawer Poscom 410,1.0,MK410211201237,,Cash Drawer,POS,MK410211201237
VN09,6.0,Back-end,A4 Printer,A4 Printer HP 107w,1.0,NMYA765067,,A4 Printer,BACK-END,NMYA765067
VN09,7.0,POS,Desktop,Desktop HP PRO MINI 400 G9,1.0,8CC51110SM,,Desktop,POS,8CC51110SM
VN09,8.0,Network,Switch,Mercusys,1.0,22172W5002268,,Switch,NETWORK,22172W5002268
VN09,9.0,Back-end,PDT,Zebra TC26BK,1.0,24161523023427,,Pdt,BACK-END,24161523023427
VN09,10.0,Network,Access Point,Wifi UBIQUITI UniFi,1.0,9C05D679862C,,Access Point,NETWORK,9C05D679862C
VN09,11.0,Back-end,PDT Printer,Printer Star SM-L200-UB40,1.0,2530022102300537,,Pdt Printer,BACK-END,2530022102300537
VN09,12.0,Network,Firewall,Fortigate FG-40F - 1  Year UTP license,1.0,FGT40FTK24006929,,Firewall,NETWORK,FGT40FTK24006929
VN09,13.0,POS,Keyboard,Keyboard,1.0,,,Keyboard,POS,
VN09,14.0,POS,Mouse,Mouse,1.0,,,Mouse,POS,
VN10,1.0,POS,Mini Pc,HP Pro Mini 400 G9 - Intel Core i5 12500T/ (8GB x2) DDR4 3200/ SSD 512GB,1.0,8CC51110PK,,Mini Pc,POS,8CC51110PK
VN10,2.0,POS,Keyboard,Keyboard,1.0,,,Keyboard,POS,
VN10,3.0,POS,Mouse,Mouse,1.0,,,Mouse,POS,
VN10,4.0,POS,Cash Drawer,Maken 410,1.0,MK410211201238,,Cash Drawer,POS,MK410211201238
VN10,5.0,POS,Pole Display,Pole Display VFD,1.0,211130000038,,Pole Display,POS,211130000038
VN10,6.0,POS,Scanning gun,Datalogic QW2100,1.0,G21M82790,,Scanning Gun,POS,G21M82790
VN10,7.0,POS,Monitor,Monitor HP V20,1.0,1CR82307D2,,Monitor,POS,1CR82307D2
VN10,8.0,POS,Bill Printer,Epson TM-82III,1.0,X7BA002747,,Bill Printer,POS,X7BA002747
VN10,9.0,Network,"Switch (Internal Switch-POS, TF, Wifi)",Mercusys,1.0,2225308008268,,"Switch (Internal Switch-Pos, Tf, Wifi)",NETWORK,2225308008268
VN10,10.0,Network,Firewall,Fortigate FG-40F - 1  Year UTP license,1.0,FGT40FTK24011504,,Firewall,NETWORK,FGT40FTK24011504
VN10,11.0,Back-end,Printer,Canon LBP 2900,1.0,NMYA585379,,Printer,BACK-END,NMYA585379
VN10,12.0,Network,Router,D-LINK DIR-619L,1.0,RZPK2G2000820,,Router,NETWORK,RZPK2G2000820
VN16,1.0,POS,Mini Pc,HP Pro Mini 400 G9 - Intel Core i5 12500T/ (8GB x2) DDR4 3200/ SSD 512GB,1.0,8CC3500VVD,,Mini Pc,POS,8CC3500VVD
VN16,2.0,POS,Keyboard,Keyboard,1.0,,,Keyboard,POS,
VN16,3.0,POS,Mouse,Mouse,1.0,,,Mouse,POS,
VN16,4.0,POS,Cash Drawer,Cash Drawer MAXCODE M330E,1.0,MK410211201237,,Cash Drawer,POS,MK410211201237
VN16,5.0,POS,Pole Display,Pole Display VFD,1.0,211130000042,,Pole Display,POS,211130000042
VN16,6.0,POS,Scanning gun,Datalogic QW2100,1.0,G21E85804,,Scanning Gun,POS,G21E85804
VN16,7.0,POS,Monitor,Monitor HP V20,1.0,3CQ7490XGD,,Monitor,POS,3CQ7490XGD
VN16,8.0,POS,Bill Printer,Epson TM-82III,1.0,X7BA002821,,Bill Printer,POS,X7BA002821
VN16,9.0,Network,"Switch (Internal Switch-POS, TF, Wifi)",Mercusys,1.0,22172W5002261,,"Switch (Internal Switch-Pos, Tf, Wifi)",NETWORK,22172W5002261
VN16,10.0,Network,Access Point,Wifi UBIQUITI UniFi Swiss Army Knife (UK-Ultra),1.0,9C05D6798854,,Access Point,NETWORK,9C05D6798854
VN16,11.0,Network,Firewall,Fortigate FG-40F - 1  Year UTP license,1.0,FGT40FTK24009393,,Firewall,NETWORK,FGT40FTK24009393
VN16,12.0,Back-end,Printer,Canon LBP 2900,1.0,8CG8105N38,,Printer,BACK-END,8CG8105N38
VN16,13.0,Back-end,Tablet (O2O),Tablet samsung GALAXY S6 LITE,1.0,352294624027796,,Tablet (O2O),BACK-END,352294624027796
VN16,14.0,Back-end,Printer (O2O),"Postek IQ200, 203dpi -Bluetooth",1.0,I1622F0003,,Printer (O2O),BACK-END,I1622F0003
VN16,15.0,PDT,PDT,Zebra TC26BK-11A222-A6,1.0,24165523020341,,Pdt,PDT,24165523020341
VN16,16.0,PDT,PDT's Printer,PDT Printer Star SM-L200-UB40,1.0,2530022102300547,,Pdt'S Printer,PDT,2530022102300547
VN19,1.0,POS,Laptop,Laptop HP Dell Latitude 3520,1.0,CND53878ZC,,Laptop,POS,CND53878ZC
VN19,2.0,POS,Keyboard,Keyboard,1.0,,,Keyboard,POS,
VN19,4.0,POS,Mouse,Mouse Logitech M185,1.0,215LZ0428,,Mouse,POS,215LZ0428
VN19,3.0,POS,Scanner,Scanner Datalogic QW2100,1.0,G21M82726,,Scanner,POS,G21M82726
VN19,7.0,POS,Monitor,Monitor HP V190,1.0,1CR82307CB,,Monitor,POS,1CR82307CB
VN19,2.0,POS,Bill Printer,Bill Printer Epson TM-T82III,1.0,X7BA002775,,Bill Printer,POS,X7BA002775
VN19,6.0,Network,Firewall,Fortigate-40F,1.0,FGT40FTK24006198,,Firewall,NETWORK,FGT40FTK24006198
VN19,5.0,Back-end,Printer A4,Canon LBP 2900,1.0,NMYA782038,,Printer A4,BACK-END,NMYA782038
VN27,1.0,POS,Desktop,Desktop HP PRO MINI 400G6,1.0,8CC22011GD,,Desktop,POS,8CC22011GD
VN27,2.0,POS,Desktop,Desktop HP PRO MINI 400G6,1.0,8CC2231CY7,,Desktop,POS,8CC2231CY7
VN27,3.0,POS,Desktop,Desktop HP PRO MINI 400G6,1.0,8CC22011BC,,Desktop,POS,8CC22011BC
VN27,4.0,POS,Desktop,Desktop HP PRO MINI 400G6,1.0,8CC22011BS,,Desktop,POS,8CC22011BS
VN27,5.0,POS,Monitor,Monitor HP LCD V20,1.0,3CQ2320CRY,,Monitor,POS,3CQ2320CRY
VN27,6.0,POS,Monitor,Monitor HP LCD V20,1.0,3CQ2320CRN,,Monitor,POS,3CQ2320CRN
VN27,7.0,POS,Monitor,Monitor HP LCD V20,1.0,3CQ2320CRF,,Monitor,POS,3CQ2320CRF
VN27,8.0,POS,Bill Printer,Bill Printer Epson TM-82III,1.0,X7B9022775,,Bill Printer,POS,X7B9022775
VN27,9.0,POS,Bill Printer,Bill Printer Epson TM-82III,1.0,X7B9023235,,Bill Printer,POS,X7B9023235
VN27,10.0,POS,Scanner,Scanner Datalogic QW2100,1.0,G23C76662,,Scanner,POS,G23C76662
VN27,11.0,POS,Scanner,Scanner Datalogic QW2100,1.0,G23C76677,,Scanner,POS,G23C76677
VN27,12.0,Back-end,A4 Printer,A4 Printer Canon LBP 2900,1.0,NMYA804390,,A4 Printer,BACK-END,NMYA804390
VN27,13.0,POS,Cash Drawer,Cash Drawer Maken MK410,1.0,MK410221102016,,Cash Drawer,POS,MK410221102016
VN27,14.0,POS,Pole Display,Pole Display BIRCH DSP-V9,1.0,D190928010009,,Pole Display,POS,D190928010009
VN27,15.0,POS,Pole Display,Pole Display BIRCH DSP-V9,1.0,D190928010004,,Pole Display,POS,D190928010004
VN27,16.0,Back-end,Other,Other Vesa Mount Kit,1.0,,,Other,BACK-END,
VN27,17.0,Back-end,Other,Other Vesa Mount Kit,1.0,,,Other,BACK-END,
VN27,18.0,Network,Network Switch,Network Switch Cisco CBS110-16TEU,1.0,PSZ26391WAB,,Network Switch,NETWORK,PSZ26391WAB
VN27,19.0,Back-end,USB Hub,USB Hub,1.0,,,Usb Hub,BACK-END,
VN27,20.0,Back-end,Other,Other  KVM,1.0,,,Other,BACK-END,
VN27,21.0,Back-end,Other,Other SANTAK  UPS 1500VA SANTAK 900W 10AH WITH USB PORT MORNITOR,1.0,529101223400048,,Other,BACK-END,529101223400048
VN27,22.0,Back-end,Other,Other Lioa Power supply (Square),1.0,,,Other,BACK-END,
VN27,23.0,Back-end,Tablet,Samsung Tab S6,1.0,354348130452001,,Tablet,BACK-END,354348130452001
VN27,24.0,Back-end,O2O Printer,Postek printer,1.0,I1624C0002,,O2O Printer,BACK-END,I1624C0002
VN27,25.0,Back-end,Sim 4G,Sim 4G Mobifone,1.0,8401230250322103,,Sim 4G,BACK-END,8401230250322103
VN27,26.0,Back-end,PDT,Zebra TC26BK,1.0,24161523020532,,Pdt,BACK-END,24161523020532
VN27,27.0,Network,Firewall,Fortigate FG-40F,1.0,FGT40FTK24006970,,Firewall,NETWORK,FGT40FTK24006970
VN28,1.0,POS,Mini Pc,HP Pro Mini 400 G9 - Intel Core i5 12500T/ (8GB x2) DDR4 3200/ SSD 512GB/ Mouse & Keyboard/ W11H/ 1Y Onsite,1.0,8CC51110R7,,Mini Pc,POS,8CC51110R7
VN28,2.0,POS,Keyboard,Keyboard,1.0,,,Keyboard,POS,
VN28,3.0,POS,Mouse,Mouse,1.0,,,Mouse,POS,
VN28,4.0,POS,Cash Drawer,Maken 410,1.0,MK410221102347,,Cash Drawer,POS,MK410221102347
VN28,5.0,POS,Pole Display,Pole Display VFD,1.0,211130000024,,Pole Display,POS,211130000024
VN28,6.0,POS,Scanning gun,Datalogic QW2100,1.0,G23C76551,,Scanning Gun,POS,G23C76551
VN28,7.0,POS,Monitor,Monitor HP V190,1.0,1CR8420G66,,Monitor,POS,1CR8420G66
VN28,8.0,POS,Bill Printer,Epson TM-82III,1.0,X7BA004103,,Bill Printer,POS,X7BA004103
VN28,9.0,Network,"Switch (Internal Switch-POS, TF, Wifi)",Cisco CBS110-16T-EU,1.0,KWC29190Y0E,,"Switch (Internal Switch-Pos, Tf, Wifi)",NETWORK,KWC29190Y0E
VN28,10.0,Network,Access Point,Wifi UBIQUITI UniFi Swiss Army Knife (UK-Ultra),1.0,9C05D679A3DC,,Access Point,NETWORK,9C05D679A3DC
VN28,11.0,Network,Sim Data (O2O),SIM DATA,1.0,,,Sim Data (O2O),NETWORK,
VN28,12.0,Network,Firewall,Fortigate FG-40F - 1  Year UTP license,1.0,FGT40FTK24086493,,Firewall,NETWORK,FGT40FTK24086493
VN28,13.0,Back-end,Printer,Canon LBP 2900,1.0,NMYA467073,,Printer,BACK-END,NMYA467073
VN28,14.0,Back-end,Tablet (O2O),Samsung Galaxy Tab S6 Lite 4GB 64GB,1.0,352294624027473,,Tablet (O2O),BACK-END,352294624027473
VN28,15.0,Back-end,Printer (O2O),"Postek IQ200, 203dpi -Bluetooth",1.0,I1624C00019,,Printer (O2O),BACK-END,I1624C00019
VN28,16.0,PDT,PDT,Zebra TC26BK-11A222-A6,1.0,S23118523021190,,Pdt,PDT,S23118523021190
VN28,17.0,PDT,PDT's Printer,PDT Printer Star SM-L200-UB40,1.0,2530022102300930,,Pdt'S Printer,PDT,2530022102300930
VO02,1.0,POS,Desktop,Desktop HP Elite Mini 600 G9,1.0,8CC323166M,,Desktop,POS,8CC323166M
VO02,4.0,POS,Desktop,Desktop HP Elite Mini 600 G9,1.0,8CC3231667,,Desktop,POS,8CC3231667
VO02,5.0,POS,Desktop,Desktop HP Elite Mini 600 G9,1.0,8CC323166K,,Desktop,POS,8CC323166K
VO02,6.0,POS,Desktop,Desktop HP Elite Mini 600 G9,1.0,8CC3231668,,Desktop,POS,8CC3231668
VO02,8.0,POS,Desktop,Desktop HP Elite Mini 600 G9,1.0,8CC323166B,,Desktop,POS,8CC323166B
VO02,9.0,POS,Monitor,Monitor HP V19,1.0,3CQ3100DB8,,Monitor,POS,3CQ3100DB8
VO02,10.0,POS,Monitor,Monitor HP V19,1.0,3CQ3100DBJ,,Monitor,POS,3CQ3100DBJ
VO02,11.0,POS,Monitor,Monitor HP V19,1.0,3CQ3100GSJ,,Monitor,POS,3CQ3100GSJ
VO02,12.0,POS,Monitor,Monitor HP V19,1.0,3CQ3100DBK,,Monitor,POS,3CQ3100DBK
VO02,13.0,POS,Monitor,Monitor HP V19,1.0,3CQ3110GSB,,Monitor,POS,3CQ3110GSB
VO02,14.0,POS,Cash Drawer,Cash Drawer Maken Mk-410,1.0,MK410221102416,,Cash Drawer,POS,MK410221102416
VO02,15.0,POS,Cash Drawer,Cash Drawer Maken Mk-410,1.0,MK410221102358,,Cash Drawer,POS,MK410221102358
VO02,16.0,POS,Cash Drawer,Cash Drawer Maken Mk-410,1.0,MK410221102392,,Cash Drawer,POS,MK410221102392
VO02,17.0,POS,Pole Display,Pole Display HP Engage 2 x 20 Pole Display (5RD97AA),1.0,2TD216NAXV,,Pole Display,POS,2TD216NAXV
VO02,18.0,POS,Pole Display,Pole Display HP Engage 2 x 20 Pole Display (5RD97AA),1.0,2TD216NATN,,Pole Display,POS,2TD216NATN
VO02,19.0,POS,Pole Display,Pole Display HP Engage 2 x 20 Pole Display (5RD97AA),1.0,2TD216NBAX,,Pole Display,POS,2TD216NBAX
VO02,20.0,POS,Scanner,Scanner Zebra Wireless DS2278,1.0,22127523428423,,Scanner,POS,22127523428423
VO02,21.0,POS,Scanner,Scanner Zebra Wireless DS2278,1.0,22127523428227,,Scanner,POS,22127523428227
VO02,22.0,POS,Scanner,Scanner Zebra Wireless DS2278,1.0,22127523428422,,Scanner,POS,22127523428422
VO02,23.0,POS,Bill Printer,"Bill Printer Star Thermal Star printer MCP31L, USB",1.0,2580022090600005,,Bill Printer,POS,2580022090600005
VO02,24.0,POS,Bill Printer,"Bill Printer Star Thermal Star printer MCP31L, USB",1.0,2580022120601399,,Bill Printer,POS,2580022120601399
VO02,25.0,POS,Bill Printer,"Bill Printer Star Thermal Star printer MCP31L, USB",1.0,2580022120601396,,Bill Printer,POS,2580022120601396
VO02,26.0,Back-end,A4 Printer,Canon LBP 2900,1.0,NMYA783808,,A4 Printer,BACK-END,NMYA783808
VO02,27.0,PDT,PDT,PDT Zebra TC21 / TC26BK-11A222-A6,1.0,22349523021212,,Pdt,PDT,22349523021212
VO02,28.0,PDT,PDT,PDT Zebra TC21 / TC26BK-11A222-A6,1.0,23058523022779,,Pdt,PDT,23058523022779
VO02,29.0,PDT,PDT,PDT Zebra TC21 / TC26BK-11A222-A6,1.0,22349523021237,,Pdt,PDT,22349523021237
VO02,30.0,PDT,PDT,PDT Zebra TC21 / TC26BK-11A222-A6,1.0,22349523021227,,Pdt,PDT,22349523021227
VO02,31.0,PDT,PDT,PDT Zebra TC21 / TC26BK-11A222-A6,1.0,23058523022744,,Pdt,PDT,23058523022744
VO02,32.0,PDT,PDT,PDT Zebra TC21 / TC26BK-11A222-A6,1.0,23058523022830,,Pdt,PDT,23058523022830
VO02,33.0,PDT,PDT,PDT Zebra TC21 / TC26BK-11A222-A6,1.0,23059523020062,,Pdt,PDT,23059523020062
VO02,34.0,PDT,PDT,PDT Zebra TC21 / TC26BK-11A222-A6,1.0,23059523020086,,Pdt,PDT,23059523020086
VO02,35.0,PDT,PDT,PDT Zebra TC21 / TC26BK-11A222-A6,1.0,22349523021319,,Pdt,PDT,22349523021319
VO02,36.0,PDT,PDT,PDT Zebra TC21 / TC26BK-11A222-A6,1.0,22349523021217,,Pdt,PDT,22349523021217
VO02,37.0,PDT,PDT,PDT Zebra TC21 / TC26BK-11A222-A6,1.0,22349523021234,,Pdt,PDT,22349523021234
VO02,38.0,PDT,PDT,PDT Zebra TC21 / TC26BK-11A222-A6,1.0,23058523022788,,Pdt,PDT,23058523022788
VO02,39.0,PDT,PDT,PDT Zebra TC21 / TC26BK-11A222-A6,1.0,23059523020095,,Pdt,PDT,23059523020095
VO02,40.0,PDT,PDT,PDT Zebra TC21 / TC26BK-11A222-A6,1.0,22349523021208,,Pdt,PDT,22349523021208
VO02,41.0,PDT,PDT,PDT Zebra TC21 / TC26BK-11A222-A6,1.0,23059523020687,,Pdt,PDT,23059523020687
VO02,42.0,PDT,PDT,PDT Zebra TC21 / TC26BK-11A222-A6,1.0,22349523021205,,Pdt,PDT,22349523021205
VO02,43.0,PDT,PDT,PDT Zebra TC21 / TC26BK-11A222-A6,1.0,23059523020084,,Pdt,PDT,23059523020084
VO02,44.0,PDT,PDT Printer,Printer Star SM-L200-UB40,1.0,2530022102301149,,Pdt Printer,PDT,2530022102301149
VO02,45.0,PDT,PDT Printer,Printer Star SM-L200-UB40,1.0,2530022102301145,,Pdt Printer,PDT,2530022102301145
VO02,46.0,PDT,PDT Printer,Printer Star SM-L200-UB40,1.0,2530022102301148,,Pdt Printer,PDT,2530022102301148
VO02,47.0,PDT,PDT Printer,Printer Star SM-L200-UB40,1.0,2530022102301151,,Pdt Printer,PDT,2530022102301151
VO02,48.0,PDT,PDT Printer,Printer Star SM-L200-UB40,1.0,2530022102301147,,Pdt Printer,PDT,2530022102301147
VO02,49.0,PDT,PDT Printer,Printer Star SM-L200-UB40,1.0,2530022102301152,,Pdt Printer,PDT,2530022102301152
VO02,51.0,Network,Firewall,Fortigate-60F,1.0,FGT60FTK23087443,,Firewall,NETWORK,FGT60FTK23087443
VO02,52.0,Network,Access Point,UniFi UAP nanoHD,1.0,AC8BA954563E,,Access Point,NETWORK,AC8BA954563E
VO02,53.0,Network,Access Point,UniFi UAP nanoHD,1.0,AC8BA9543BA7,,Access Point,NETWORK,AC8BA9543BA7
VO02,54.0,Network,Access Point,UniFi UAP nanoHD,1.0,AC8BA9545908,,Access Point,NETWORK,AC8BA9545908
VO02,55.0,Network,Access Point,UniFi UAP nanoHD,1.0,AC8BA9548B3C,,Access Point,NETWORK,AC8BA9548B3C
VO02,56.0,Network,Access Point,UniFi UAP nanoHD,1.0,AC8BA94CC48C,,Access Point,NETWORK,AC8BA94CC48C
VO02,57.0,Network,Access Point,UniFi UAP nanoHD,1.0,AC8BA94C76A1,,Access Point,NETWORK,AC8BA94C76A1
VO02,58.0,POS,Desktop,HP Pavilion TP01-3006d,1.0,4CE246CMQ7,,Desktop,POS,4CE246CMQ7
VO02,56.0,Network,Switch,Ubiquiti UniFi Switch 24 PoE,1.0,AC8BA9A52CEC,,Switch,NETWORK,AC8BA9A52CEC
VO02,2.0,POS,Keyboard,Keyboard,5.0,,,Keyboard,POS,
VO02,3.0,POS,Mouse,Mouse,5.0,,,Mouse,POS,
VO04,1.0,POS,Mini Pc,HP Prodesk 400 G7,1.0,8CC33807N6,,Mini Pc,POS,8CC33807N6
VO04,2.0,POS,Mini Pc,HP Prodesk 400 G7,1.0,8CC33807NS,,Mini Pc,POS,8CC33807NS
VO04,3.0,Network,Switch,Switch Ubiquiti UniFi Switch 24 PoE (USW-24-PoE),1.0,58D61F887469,,Switch,NETWORK,58D61F887469
VO04,4.0,Network,Switch,Cisco CBS110-16T-EU,1.0,KWC294003EG,,Switch,NETWORK,KWC294003EG
VO04,6.0,Network,Access Point,Unibiti UAP nanohd wifi,1.0,9041B204B634,,Access Point,NETWORK,9041B204B634
VO04,7.0,Network,Access Point,Unibiti UAP nanohd wifi,1.0,A89C6CD23F84,,Access Point,NETWORK,A89C6CD23F84
VO04,8.0,Network,Access Point,Unibiti UAP nanohd wifi,1.0,9041B204915F,,Access Point,NETWORK,9041B204915F
VO04,8.0,PDT,PDT,Zebra TC27,1.0,S26023524700851,,Pdt,PDT,S26023524700851
VO04,9.0,PDT,PDT,Zebra TC27,1.0,S26023524701186,,Pdt,PDT,S26023524701186
VO04,10.0,PDT,PDT,Zebra TC27,1.0,S26023524701058,,Pdt,PDT,S26023524701058
VO04,11.0,PDT,PDT,Zebra TC27,1.0,S26024524700326,,Pdt,PDT,S26024524700326
VO04,12.0,PDT,PDT,Zebra TC27,1.0,S26024524700308,,Pdt,PDT,S26024524700308
VO04,13.0,PDT,PDT printer,Zebra ZQ210,1.0,XXZTN261200011,,Pdt Printer,PDT,XXZTN261200011
VO04,14.0,PDT,PDT printer,Zebra ZQ210,1.0,XXZTN261200006,,Pdt Printer,PDT,XXZTN261200006
VO04,15.0,POS,PC Workstation,Máy tính trạm Dell Precision 3680 Tower,1.0,JVX97G4,,Pc Workstation,POS,JVX97G4
VO04,16.0,POS,Monitor,Monitor HP V190,1.0,1CR82307CY,,Monitor,POS,1CR82307CY
VO04,17.0,POS,Monitor,Monitor HP V190,1.0,1CR82307D4,,Monitor,POS,1CR82307D4
VO04,18.0,POS,Monitor,Monitor HP V22,1.0,CN41383K50,,Monitor,POS,CN41383K50
VO04,19.0,POS,Keyboard,Keyboard,3.0,,,Keyboard,POS,
VO04,20.0,POS,Mouse,Mouse,3.0,,,Mouse,POS,
VO04,21.0,POS,Cash Drawer,Poscom 410,1.0,20201130015,,Cash Drawer,POS,20201130015
VO04,22.0,POS,Cash Drawer,Poscom 410,1.0,2020092533,,Cash Drawer,POS,2020092533
VO04,23.0,POS,Pole Display,Pole Display,1.0,D190928010055,,Pole Display,POS,D190928010055
VO04,24.0,POS,Pole Display,Pole Display,1.0,D190928010054,,Pole Display,POS,D190928010054
VO04,25.0,POS,Scanner,Scanner Wireless DS2278,1.0,2208523423456,,Scanner,POS,2208523423456
VO04,26.0,POS,Scanner,Scanner Wireless DS2278,1.0,2208523408905,,Scanner,POS,2208523408905
VO04,27.0,POS,Bill printer,"Printer Cashier - Thermal Star printer MCP31L, USB",1.0,2580022120601400,,Bill Printer,POS,2580022120601400
VO04,28.0,POS,Bill printer,Epson TM-82III,1.0,X7BA014973,,Bill Printer,POS,X7BA014973
VO04,29.0,Back-end,A4 Printer,HP Laserjet pro M15w,1.0,VNC3K04690,,A4 Printer,BACK-END,VNC3K04690
VO04,30.0,POS,Mpos,HP EngageGo10 Mobile tablet (i5 8Gb with scanner),1.0,5CG3350NKC,,Mpos,POS,5CG3350NKC
VO04,31.0,POS,Printer for Mpos,mPOS Printer Star SM­T300i2-DB50,1.0,4951319256007,,Printer For Mpos,POS,4951319256007
VO04,32.0,Network,Firewall,Fortigate FG-60F - 3  Year UTP license,1.0,FGT60FTK25056910,,Firewall,NETWORK,FGT60FTK25056910
VO04,33.0,POS,Scanner,Zebra DS2208-SR (wired),1.0,2210010555452,,Scanner,POS,2210010555452
VO05,1.0,POS,Mini Pc,HP Prodesk 400 G7,1.0,8CC33807QS,,Mini Pc,POS,8CC33807QS
VO05,2.0,POS,Mini Pc,HP Prodesk 400 G7,1.0,8CC3372982,,Mini Pc,POS,8CC3372982
VO05,3.0,POS,Mini Pc,HP Prodesk 400 G7,1.0,8CC33807PT,,Mini Pc,POS,8CC33807PT
VO05,4.0,Network,Switch,Switch Ubiquiti UniFi Switch 24 PoE (USW-24-PoE),1.0,58D61F885EBB,,Switch,NETWORK,58D61F885EBB
VO05,5.0,Network,Switch,Cisco CBS110-16T-EU,1.0,KWC294003DP,,Switch,NETWORK,KWC294003DP
VO05,6.0,Network,Switch,Mercusys,1.0,22253D9009558,,Switch,NETWORK,22253D9009558
VO05,7.0,Network,Switch,Mercusys,1.0,22253D9009594,,Switch,NETWORK,22253D9009594
VO05,8.0,Network,Access Point,Unibiti UAP nanohd wifi,1.0,9041B204B62B,,Access Point,NETWORK,9041B204B62B
VO05,9.0,Network,Access Point,Unibiti UAP nanohd wifi,1.0,9041B204BAD2,,Access Point,NETWORK,9041B204BAD2
VO05,10.0,Network,Access Point,Unibiti UAP nanohd wifi,1.0,9041B204B9BB,,Access Point,NETWORK,9041B204B9BB
VO05,11.0,PDT,PDT,Zebra TC27,1.0,S26023524700800,,Pdt,PDT,S26023524700800
VO05,12.0,PDT,PDT,Zebra TC27,1.0,S26023524700919,,Pdt,PDT,S26023524700919
VO05,13.0,PDT,PDT,Zebra TC27,1.0,S26023524700908,,Pdt,PDT,S26023524700908
VO05,14.0,PDT,PDT,Zebra TC27,1.0,S26023524700668,,Pdt,PDT,S26023524700668
VO05,15.0,PDT,PDT,Zebra TC27,1.0,S26023524700848,,Pdt,PDT,S26023524700848
VO05,16.0,PDT,PDT printer,Zebra ZQ210,1.0,XXZTN261200009,,Pdt Printer,PDT,XXZTN261200009
VO05,17.0,PDT,PDT printer,Zebra ZQ210,1.0,XXZTN261200007,,Pdt Printer,PDT,XXZTN261200007
VO05,18.0,POS,PC Workstation,Máy tính trạm Dell Precision 3680 Tower,1.0,7VX97G4,,Pc Workstation,POS,7VX97G4
VO05,19.0,POS,Monitor,Monitor HP V22,1.0,CN41484H9J,,Monitor,POS,CN41484H9J
VO05,20.0,POS,Monitor,Monitor HP V190,1.0,1CR82307D0,,Monitor,POS,1CR82307D0
VO05,21.0,POS,Monitor,Monitor HP V194,1.0,3CQ63709H1,,Monitor,POS,3CQ63709H1
VO05,22.0,POS,Monitor,Acer P196HQL,1.0,MMLNNSS002238003D34301,,Monitor,POS,MMLNNSS002238003D34301
VO05,23.0,POS,Keyboard,Keyboard,4.0,,,Keyboard,POS,
VO05,24.0,POS,Mouse,Mouse,4.0,,,Mouse,POS,
VO05,25.0,POS,Cash Drawer,Poscom,1.0,B5AT100015,,Cash Drawer,POS,B5AT100015
VO05,26.0,POS,Cash Drawer,Maken 410,1.0,MK410211201490,,Cash Drawer,POS,MK410211201490
VO05,28.0,POS,Pole Display,Pole Display,1.0,D190928010051,,Pole Display,POS,D190928010051
VO05,29.0,POS,Pole Display,Pole Display,1.0,D190928010130,,Pole Display,POS,D190928010130
VO05,30.0,POS,Pole Display,Pole Display,1.0,D190928010208,,Pole Display,POS,D190928010208
VO05,31.0,POS,Scanner,Scanner Wireless DS2278,1.0,26037523701271,,Scanner,POS,26037523701271
VO05,32.0,POS,Scanner,Scanner Wireless DS2278,1.0,26037523702491,,Scanner,POS,26037523702491
VO05,33.0,POS,Scanner,Scanner Wireless DS2278,1.0,22008523400021,,Scanner,POS,22008523400021
VO05,34.0,POS,Bill printer,Star-MCP31L BK EU,1.0,2651026011403152,,Bill Printer,POS,2651026011403152
VO05,35.0,POS,Bill printer,Star-MCP31L BK EU,1.0,2651026011403154,,Bill Printer,POS,2651026011403154
VO05,36.0,POS,Bill printer,EPSON TM82II,1.0,TCEY007558,,Bill Printer,POS,TCEY007558
VO05,37.0,Back-end,A4 Printer,HP neverstop laser 1000w,1.0,CNBRP837ZY,,A4 Printer,BACK-END,CNBRP837ZY
VO05,38.0,POS,Mpos,HP EngageGo10 Mobile tablet (i5 8Gb with scanner),1.0,5CG3350NKB,,Mpos,POS,5CG3350NKB
VO05,39.0,POS,Printer for Mpos,mPOS Printer Star SM­T300i2-DB50,1.0,2560023022000021,,Printer For Mpos,POS,2560023022000021
VO05,40.0,Network,Firewall,Fortigate FG-60F - 3  Year UTP license,1.0,FGT60FTK25056298,,Firewall,NETWORK,FGT60FTK25056298
