model_code,name,manufacturer,category_code,source_refs
M-314ACABD20,Laptop HP Latitude 7420,,LAP,Asset management/Office/Office assets.xlsx#Sheet1!row=2 | Audit 2026 device/Office assets.xlsx#Asset!row=2
M-3CC4BECE8A,Laptop Dell Latitude 7420,,LAP,Asset management/Office/Office assets.xlsx#Sheet1!row=3 | Audit 2026 device/Office assets.xlsx#Asset!row=3
M-485AB63FDB,Laptop Dell Latitude 5420,,LAP,Asset management/Office/Office assets.xlsx#Sheet1!row=4 | Asset management/Office/Office assets.xlsx#Sheet1!row=28 | Asset management/Office/Office assets.xlsx#Sheet1!row=32 | Asset management/Office/Office assets.xlsx#Sheet1!row=36 | Asset management/Office/Office assets.xlsx#Sheet1!row=47 | Asset management/Office/Office assets.xlsx#Sheet1!row=51 | Asset management/Office/Office assets.xlsx#Sheet1!row=58 | Asset management/Office/Office assets.xlsx#Sheet1!row=59 | Asset management/Office/Office assets.xlsx#Sheet1!row=98 | Audit 2026 device/Office assets.xlsx#Asset!row=4 | Audit 2026 device/Office assets.xlsx#Asset!row=28 | Audit 2026 device/Office assets.xlsx#Asset!row=31 | Audit 2026 device/Office assets.xlsx#Asset!row=35 | Audit 2026 device/Office assets.xlsx#Asset!row=46 | Audit 2026 device/Office assets.xlsx#Asset!row=50 | Audit 2026 device/Office assets.xlsx#Asset!row=57 | Audit 2026 device/Office assets.xlsx#Asset!row=58 | Audit 2026 device/Office assets.xlsx#Asset!row=96
M-C77A43B17B,Laptop Dell Latitude 5430,,LAP,Asset management/Office/Office assets.xlsx#Sheet1!row=5 | Asset management/Office/Office assets.xlsx#Sheet1!row=10 | Asset management/Office/Office assets.xlsx#Sheet1!row=12 | Asset management/Office/Office assets.xlsx#Sheet1!row=16 | Asset management/Office/Office assets.xlsx#Sheet1!row=21 | Asset management/Office/Office assets.xlsx#Sheet1!row=26 | Asset management/Office/Office assets.xlsx#Sheet1!row=38 | Asset management/Office/Office assets.xlsx#Sheet1!row=41 | Asset management/Office/Office assets.xlsx#Sheet1!row=50 | Asset management/Office/Office assets.xlsx#Sheet1!row=52 | Asset management/Office/Office assets.xlsx#Sheet1!row=53 | Asset management/Office/Office assets.xlsx#Sheet1!row=64 | Asset management/Office/Office assets.xlsx#Sheet1!row=65 | Asset management/Office/Office assets.xlsx#Sheet1!row=70 | Asset management/Office/Office assets.xlsx#Sheet1!row=71 | Asset management/Office/Office assets.xlsx#Sheet1!row=72 | Asset management/Office/Office assets.xlsx#Sheet1!row=73 | Asset management/Office/Office assets.xlsx#Sheet1!row=75 | Asset management/Office/Office assets.xlsx#Sheet1!row=76 | Asset management/Office/Office assets.xlsx#Sheet1!row=77 | Asset management/Office/Office assets.xlsx#Sheet1!row=80 | Asset management/Office/Office assets.xlsx#Sheet1!row=84 | Asset management/Office/Office assets.xlsx#Sheet1!row=87 | Asset management/Office/Office assets.xlsx#Sheet1!row=88 | Asset management/Office/Office assets.xlsx#Sheet1!row=91 | Audit 2026 device/Office assets.xlsx#Asset!row=5 | Audit 2026 device/Office assets.xlsx#Asset!row=8 | Audit 2026 device/Office assets.xlsx#Asset!row=10 | Audit 2026 device/Office assets.xlsx#Asset!row=11 | Audit 2026 device/Office assets.xlsx#Asset!row=15 | Audit 2026 device/Office assets.xlsx#Asset!row=21 | Audit 2026 device/Office assets.xlsx#Asset!row=26 | Audit 2026 device/Office assets.xlsx#Asset!row=37 | Audit 2026 device/Office assets.xlsx#Asset!row=39 | Audit 2026 device/Office assets.xlsx#Asset!row=49 | Audit 2026 device/Office assets.xlsx#Asset!row=51 | Audit 2026 device/Office assets.xlsx#Asset!row=52 | Audit 2026 device/Office assets.xlsx#Asset!row=62 | Audit 2026 device/Office assets.xlsx#Asset!row=67 | Audit 2026 device/Office assets.xlsx#Asset!row=68 | Audit 2026 device/Office assets.xlsx#Asset!row=69 | Audit 2026 device/Office assets.xlsx#Asset!row=70 | Audit 2026 device/Office assets.xlsx#Asset!row=72 | Audit 2026 device/Office assets.xlsx#Asset!row=73 | Audit 2026 device/Office assets.xlsx#Asset!row=74 | Audit 2026 device/Office assets.xlsx#Asset!row=77 | Audit 2026 device/Office assets.xlsx#Asset!row=78 | Audit 2026 device/Office assets.xlsx#Asset!row=82 | Audit 2026 device/Office assets.xlsx#Asset!row=86 | Audit 2026 device/Office assets.xlsx#Asset!row=87 | Audit 2026 device/Office assets.xlsx#Asset!row=89
M-EC8F0C4F53,Laptop Dell Latitude 3520,,LAP,Asset management/Office/Office assets.xlsx#Sheet1!row=6 | Asset management/Office/Office assets.xlsx#Sheet1!row=7 | Asset management/Office/Office assets.xlsx#Sheet1!row=9 | Asset management/Office/Office assets.xlsx#Sheet1!row=11 | Asset management/Office/Office assets.xlsx#Sheet1!row=13 | Asset management/Office/Office assets.xlsx#Sheet1!row=15 | Asset management/Office/Office assets.xlsx#Sheet1!row=17 | Asset management/Office/Office assets.xlsx#Sheet1!row=18 | Asset management/Office/Office assets.xlsx#Sheet1!row=19 | Asset management/Office/Office assets.xlsx#Sheet1!row=20 | Asset management/Office/Office assets.xlsx#Sheet1!row=22 | Asset management/Office/Office assets.xlsx#Sheet1!row=23 | Asset management/Office/Office assets.xlsx#Sheet1!row=24 | Asset management/Office/Office assets.xlsx#Sheet1!row=25 | Asset management/Office/Office assets.xlsx#Sheet1!row=29 | Asset management/Office/Office assets.xlsx#Sheet1!row=30 | Asset management/Office/Office assets.xlsx#Sheet1!row=34 | Asset management/Office/Office assets.xlsx#Sheet1!row=35 | Asset management/Office/Office assets.xlsx#Sheet1!row=37 | Asset management/Office/Office assets.xlsx#Sheet1!row=39 | Asset management/Office/Office assets.xlsx#Sheet1!row=40 | Asset management/Office/Office assets.xlsx#Sheet1!row=42 | Asset management/Office/Office assets.xlsx#Sheet1!row=43 | Asset management/Office/Office assets.xlsx#Sheet1!row=44 | Asset management/Office/Office assets.xlsx#Sheet1!row=49 | Asset management/Office/Office assets.xlsx#Sheet1!row=54 | Asset management/Office/Office assets.xlsx#Sheet1!row=55 | Asset management/Office/Office assets.xlsx#Sheet1!row=56 | Asset management/Office/Office assets.xlsx#Sheet1!row=57 | Asset management/Office/Office assets.xlsx#Sheet1!row=61 | Asset management/Office/Office assets.xlsx#Sheet1!row=62 | Asset management/Office/Office assets.xlsx#Sheet1!row=63 | Asset management/Office/Office assets.xlsx#Sheet1!row=66 | Asset management/Office/Office assets.xlsx#Sheet1!row=68 | Asset management/Office/Office assets.xlsx#Sheet1!row=69 | Asset management/Office/Office assets.xlsx#Sheet1!row=81 | Asset management/Office/Office assets.xlsx#Sheet1!row=82 | Asset management/Office/Office assets.xlsx#Sheet1!row=83 | Asset management/Office/Office assets.xlsx#Sheet1!row=85 | Audit 2026 device/Office assets.xlsx#Asset!row=7 | Audit 2026 device/Office assets.xlsx#Asset!row=9 | Audit 2026 device/Office assets.xlsx#Asset!row=12 | Audit 2026 device/Office assets.xlsx#Asset!row=14 | Audit 2026 device/Office assets.xlsx#Asset!row=16 | Audit 2026 device/Office assets.xlsx#Asset!row=17 | Audit 2026 device/Office assets.xlsx#Asset!row=18 | Audit 2026 device/Office assets.xlsx#Asset!row=19 | Audit 2026 device/Office assets.xlsx#Asset!row=20 | Audit 2026 device/Office assets.xlsx#Asset!row=22 | Audit 2026 device/Office assets.xlsx#Asset!row=23 | Audit 2026 device/Office assets.xlsx#Asset!row=24 | Audit 2026 device/Office assets.xlsx#Asset!row=25 | Audit 2026 device/Office assets.xlsx#Asset!row=29 | Audit 2026 device/Office assets.xlsx#Asset!row=33 | Audit 2026 device/Office assets.xlsx#Asset!row=34 | Audit 2026 device/Office assets.xlsx#Asset!row=36 | Audit 2026 device/Office assets.xlsx#Asset!row=38 | Audit 2026 device/Office assets.xlsx#Asset!row=40 | Audit 2026 device/Office assets.xlsx#Asset!row=41 | Audit 2026 device/Office assets.xlsx#Asset!row=42 | Audit 2026 device/Office assets.xlsx#Asset!row=47 | Audit 2026 device/Office assets.xlsx#Asset!row=48 | Audit 2026 device/Office assets.xlsx#Asset!row=53 | Audit 2026 device/Office assets.xlsx#Asset!row=54 | Audit 2026 device/Office assets.xlsx#Asset!row=55 | Audit 2026 device/Office assets.xlsx#Asset!row=56 | Audit 2026 device/Office assets.xlsx#Asset!row=59 | Audit 2026 device/Office assets.xlsx#Asset!row=60 | Audit 2026 device/Office assets.xlsx#Asset!row=61 | Audit 2026 device/Office assets.xlsx#Asset!row=63 | Audit 2026 device/Office assets.xlsx#Asset!row=65 | Audit 2026 device/Office assets.xlsx#Asset!row=66 | Audit 2026 device/Office assets.xlsx#Asset!row=79 | Audit 2026 device/Office assets.xlsx#Asset!row=80 | Audit 2026 device/Office assets.xlsx#Asset!row=81 | Audit 2026 device/Office assets.xlsx#Asset!row=83 | Audit 2026 device/Office assets.xlsx#Asset!row=84 | Audit 2026 device/Office assets.xlsx#Asset!row=101 | Data clear/05_Broken_and_Transfers_Cleaned.xlsx#Office_Broken!row=3 | Data clear/05_Broken_and_Transfers_Cleaned.xlsx#Office_Broken!row=4
M-AB5CBB65FB,Laptop Dell Latitude 3420,,LAP,Asset management/Office/Office assets.xlsx#Sheet1!row=8 | Asset management/Office/Office assets.xlsx#Sheet1!row=33 | Asset management/Office/Office assets.xlsx#Sheet1!row=92 | Asset management/Office/Office assets.xlsx#Sheet1!row=93 | Asset management/Office/Office assets.xlsx#Sheet1!row=94 | Asset management/Office/Office assets.xlsx#Sheet1!row=95 | Asset management/Office/Office assets.xlsx#Sheet1!row=96 | Asset management/Office/Office assets.xlsx#Sheet1!row=97 | Audit 2026 device/Office assets.xlsx#Asset!row=6 | Audit 2026 device/Office assets.xlsx#Asset!row=32 | Audit 2026 device/Office assets.xlsx#Asset!row=90 | Audit 2026 device/Office assets.xlsx#Asset!row=91 | Audit 2026 device/Office assets.xlsx#Asset!row=92 | Audit 2026 device/Office assets.xlsx#Asset!row=93 | Audit 2026 device/Office assets.xlsx#Asset!row=94 | Audit 2026 device/Office assets.xlsx#Asset!row=95
M-A645DD1D89,Laptop HP Pavilion 15-eg0xxx,,LAP,Asset management/Office/Office assets.xlsx#Sheet1!row=14 | Asset management/Office/Office assets.xlsx#Sheet1!row=46 | Audit 2026 device/Office assets.xlsx#Asset!row=13 | Audit 2026 device/Office assets.xlsx#Asset!row=45
M-9544C1F5DF,Laptop HP ProBook 440 G4,,LAP,Asset management/Office/Office assets.xlsx#Sheet1!row=27 | Audit 2026 device/Office assets.xlsx#Asset!row=27
M-367DE2FF9D,Laptop Lenovo Thinkpad X280,,LAP,Asset management/Office/Office assets.xlsx#Sheet1!row=31 | Asset management/Office/Office assets.xlsx#Sheet1!row=60 | Asset management/Office/Office assets.xlsx#Sheet1!row=74 | Asset management/Office/Office assets.xlsx#Sheet1!row=86 | Asset management/Office/Office assets.xlsx#Sheet1!row=89 | Asset management/Office/Office assets.xlsx#Sheet1!row=90 | Audit 2026 device/Office assets.xlsx#Asset!row=30 | Audit 2026 device/Office assets.xlsx#Asset!row=71 | Audit 2026 device/Office assets.xlsx#Asset!row=85 | Audit 2026 device/Office assets.xlsx#Asset!row=88
M-76DECFD34A,Laptop Dell Latitude 7490,,LAP,Asset management/Office/Office assets.xlsx#Sheet1!row=45 | Audit 2026 device/Office assets.xlsx#Asset!row=43 | Audit 2026 device/Office assets.xlsx#Asset!row=44
M-B8DF3B782A,Laptop Lenovo ThinkPad E490,,LAP,Asset management/Office/Office assets.xlsx#Sheet1!row=48
M-63CA6AA708,Laptop HP ProBook 440 G9,,LAP,Asset management/Office/Office assets.xlsx#Sheet1!row=67 | Asset management/Office/Office assets.xlsx#Sheet1!row=103 | Audit 2026 device/Office assets.xlsx#Asset!row=64
M-B75167F1BE,Laptop Dell G15 5520,,LAP,Asset management/Office/Office assets.xlsx#Sheet1!row=78 | Asset management/Office/Office assets.xlsx#Sheet1!row=79 | Audit 2026 device/Office assets.xlsx#Asset!row=75 | Audit 2026 device/Office assets.xlsx#Asset!row=76
M-39E74F20EF,Laptop HP Elite x360 1040,,LAP,Asset management/Office/Office assets.xlsx#Sheet1!row=99 | Asset management/Office/Office assets.xlsx#Sheet1!row=100 | Audit 2026 device/Office assets.xlsx#Asset!row=97 | Audit 2026 device/Office assets.xlsx#Asset!row=98
M-FA43C641B7,Laptop HP 14s-cf2xxx,,LAP,Asset management/Office/Office assets.xlsx#Sheet1!row=101 | Asset management/Office/Office assets.xlsx#Sheet1!row=102 | Audit 2026 device/Office assets.xlsx#Asset!row=99 | Audit 2026 device/Office assets.xlsx#Asset!row=100
M-1EA571DA3F,Office Asset,,OFF,Asset management/Office/Office assets.xlsx#Sheet1!row=104 | Audit 2026 device/Office assets.xlsx#Asset!row=102 | Audit 2026 device/Office assets.xlsx#Asset!row=103 | Audit 2026 device/Office assets.xlsx#Asset!row=104 | Audit 2026 device/Office assets.xlsx#Asset!row=105 | Audit 2026 device/Office assets.xlsx#Asset!row=106 | Audit 2026 device/Office assets.xlsx#Asset!row=107 | Audit 2026 device/Office assets.xlsx#Asset!row=108 | Audit 2026 device/Office assets.xlsx#Asset!row=109 | Audit 2026 device/Office assets.xlsx#Asset!row=110 | Audit 2026 device/Office assets.xlsx#Asset!row=111
M-342A24822F,HP Pro Mini 400 G9 - Intel Core i5 12500T/ (8GB x2) DDR4 3200/ SSD 512GB/ Mouse & Keyboard/ W11H/ 1Y Onsite,,POS,Audit 2026 device/Data store/Audit/A001.xlsx#A001!row=2 | Audit 2026 device/Data store/Audit/V003.xlsx#V003!row=2 | Audit 2026 device/Data store/Audit/VA19.xlsx#VA19!row=2 | Audit 2026 device/Data store/Audit/VN28.xlsx#VN28!row=2
M-763A1D1E90,Keyboard,,POS,Audit 2026 device/Data store/Audit/A001.xlsx#A001!row=3 | Audit 2026 device/Data store/Audit/A003.xlsx#A003 ASICS GOLD COAST!row=3 | Audit 2026 device/Data store/Audit/V003.xlsx#V003!row=13 | Audit 2026 device/Data store/Audit/VA01.xlsx#VA01!row=3 | Audit 2026 device/Data store/Audit/VA03.xlsx#VA03!row=3 | Audit 2026 device/Data store/Audit/VA04.xlsx#VA04!row=3 | Audit 2026 device/Data store/Audit/VA05.xlsx#VA05!row=3 | Audit 2026 device/Data store/Audit/VA14.xlsx#VA14!row=5 | Audit 2026 device/Data store/Audit/VA18.xlsx#VA18 NEW BALANCE AEON HA DONG!row=3 | Audit 2026 device/Data store/Audit/VA19.xlsx#VA19!row=3 | Audit 2026 device/Data store/Audit/VA20.xlsx#VA20!row=5 | Audit 2026 device/Data store/Audit/VA24.xlsx#VA24 NEW BALANCE VINCOM BATRIEU!row=3 | Audit 2026 device/Data store/Audit/VH01.xlsx#VH01!row=3 | Audit 2026 device/Data store/Audit/VH02.xlsx#VH02!row=3 | Audit 2026 device/Data store/Audit/VH03.xlsx#VH03 SKECHERS AEON HAI PHONG!row=4 | Audit 2026 device/Data store/Audit/VN05.xlsx#VN05!row=3 | Audit 2026 device/Data store/Audit/VN09.xlsx#VN09!row=14 | Audit 2026 device/Data store/Audit/VN10.xlsx#VN10!row=3 | Audit 2026 device/Data store/Audit/VN16.xlsx#VN16!row=3 | Audit 2026 device/Data store/Audit/VN19.xlsx#VN19!row=3 | Audit 2026 device/Data store/Audit/VN28.xlsx#VN28!row=3 | Audit 2026 device/Data store/Audit/VO02.xlsx#VO02!row=57 | Audit 2026 device/Data store/Audit/VO04.xlsx#VO04 FOOT LOCKER AEON THANH KHE!row=20
M-C4141157CB,Mouse,,POS,Audit 2026 device/Data store/Audit/A001.xlsx#A001!row=4 | Audit 2026 device/Data store/Audit/A003.xlsx#A003 ASICS GOLD COAST!row=4 | Audit 2026 device/Data store/Audit/V003.xlsx#V003!row=14 | Audit 2026 device/Data store/Audit/VA01.xlsx#VA01!row=4 | Audit 2026 device/Data store/Audit/VA03.xlsx#VA03!row=4 | Audit 2026 device/Data store/Audit/VA04.xlsx#VA04!row=4 | Audit 2026 device/Data store/Audit/VA05.xlsx#VA05!row=4 | Audit 2026 device/Data store/Audit/VA06.xlsx#VA06!row=3 | Audit 2026 device/Data store/Audit/VA08.xlsx#VA08!row=3 | Audit 2026 device/Data store/Audit/VA14.xlsx#VA14!row=4 | Audit 2026 device/Data store/Audit/VA18.xlsx#VA18 NEW BALANCE AEON HA DONG!row=4 | Audit 2026 device/Data store/Audit/VA19.xlsx#VA19!row=4 | Audit 2026 device/Data store/Audit/VA20.xlsx#VA20!row=6 | Audit 2026 device/Data store/Audit/VA23.xlsx#VA23!row=3 | Audit 2026 device/Data store/Audit/VA24.xlsx#VA24 NEW BALANCE VINCOM BATRIEU!row=4 | Audit 2026 device/Data store/Audit/VH01.xlsx#VH01!row=4 | Audit 2026 device/Data store/Audit/VH02.xlsx#VH02!row=4 | Audit 2026 device/Data store/Audit/VH03.xlsx#VH03 SKECHERS AEON HAI PHONG!row=5 | Audit 2026 device/Data store/Audit/VI03.xlsx#VI03!row=3 | Audit 2026 device/Data store/Audit/VN05.xlsx#VN05!row=4 | Audit 2026 device/Data store/!!!/VN06.xlsx#VN06!row=3 | Audit 2026 device/Data store/Audit/VN09.xlsx#VN09!row=15 | Audit 2026 device/Data store/Audit/VN10.xlsx#VN10!row=4 | Audit 2026 device/Data store/Audit/VN16.xlsx#VN16!row=4 | Audit 2026 device/Data store/Audit/VN28.xlsx#VN28!row=4 | Audit 2026 device/Data store/Audit/VO02.xlsx#VO02!row=58 | Audit 2026 device/Data store/Audit/VO04.xlsx#VO04 FOOT LOCKER AEON THANH KHE!row=21
M-C37B899178,Poscom,,POS,Audit 2026 device/Data store/Audit/A001.xlsx#A001!row=5 | Audit 2026 device/Data store/Audit/A002.xlsx#A002!row=3
M-F1D669CAC8,Pole Display VFD,,POS,Audit 2026 device/Data store/Audit/A001.xlsx#A001!row=6 | Audit 2026 device/Data store/Audit/A002.xlsx#A002!row=4 | Audit 2026 device/Data store/Audit/VA01.xlsx#VA01!row=6 | Audit 2026 device/Data store/Audit/VA03.xlsx#VA03!row=6 | Audit 2026 device/Data store/Audit/VA13.xlsx#VA13!row=5 | Audit 2026 device/Data store/Audit/VA15.xlsx#VA15!row=5 | Audit 2026 device/Data store/Audit/VA16.xlsx#VA16!row=12 | Audit 2026 device/Data store/Audit/VA16.xlsx#VA16!row=13 | Audit 2026 device/Data store/Audit/VA18.xlsx#VA18 NEW BALANCE AEON HA DONG!row=6 | Audit 2026 device/Data store/Audit/VA19.xlsx#VA19!row=6 | Audit 2026 device/Data store/Audit/VA20.xlsx#VA20!row=9 | Audit 2026 device/Data store/Audit/VA20.xlsx#VA20!row=10 | Audit 2026 device/Data store/Audit/VA24.xlsx#VA24 NEW BALANCE VINCOM BATRIEU!row=6 | Audit 2026 device/Data store/Audit/VH01.xlsx#VH01!row=6 | Audit 2026 device/Data store/Audit/VH02.xlsx#VH02!row=5 | Audit 2026 device/Data store/Audit/VH03.xlsx#VH03 SKECHERS AEON HAI PHONG!row=8 | Audit 2026 device/Data store/Audit/VI03.xlsx#VI03!row=5 | Audit 2026 device/Data store/Audit/VN05.xlsx#VN05!row=6 | Audit 2026 device/Data store/!!!/VN06.xlsx#VN06!row=5 | Audit 2026 device/Data store/Audit/VN10.xlsx#VN10!row=6 | Audit 2026 device/Data store/Audit/VN16.xlsx#VN16!row=6 | Audit 2026 device/Data store/Audit/VN28.xlsx#VN28!row=6
M-CD90B4BBAE,Datalogic QW2100,,POS,Audit 2026 device/Data store/Audit/A001.xlsx#A001!row=7 | Audit 2026 device/Data store/Audit/A002.xlsx#A002!row=5 | Audit 2026 device/Data store/Audit/VA01.xlsx#VA01!row=7 | Audit 2026 device/Data store/Audit/VA03.xlsx#VA03!row=7 | Audit 2026 device/Data store/Audit/VA05.xlsx#VA05!row=7 | Audit 2026 device/Data store/Audit/VA06.xlsx#VA06!row=5 | Audit 2026 device/Data store/Audit/VA08.xlsx#VA08!row=4 | Audit 2026 device/Data store/Audit/VA18.xlsx#VA18 NEW BALANCE AEON HA DONG!row=7 | Audit 2026 device/Data store/Audit/VA19.xlsx#VA19!row=7 | Audit 2026 device/Data store/Audit/VA20.xlsx#VA20!row=11 | Audit 2026 device/Data store/Audit/VA23.xlsx#VA23!row=4 | Audit 2026 device/Data store/Audit/VA24.xlsx#VA24 NEW BALANCE VINCOM BATRIEU!row=7 | Audit 2026 device/Data store/Audit/VH01.xlsx#VH01!row=7 | Audit 2026 device/Data store/Audit/VH02.xlsx#VH02!row=6 | Audit 2026 device/Data store/Audit/VH03.xlsx#VH03 SKECHERS AEON HAI PHONG!row=10 | Audit 2026 device/Data store/Audit/VI03.xlsx#VI03!row=6 | Audit 2026 device/Data store/Audit/VN05.xlsx#VN05!row=7 | Audit 2026 device/Data store/!!!/VN06.xlsx#VN06!row=6 | Audit 2026 device/Data store/Audit/VN10.xlsx#VN10!row=7 | Audit 2026 device/Data store/Audit/VN16.xlsx#VN16!row=7 | Audit 2026 device/Data store/Audit/VN28.xlsx#VN28!row=7
M-1EBD026F66,Monitor HP V190,,POS,Audit 2026 device/Data store/Audit/A001.xlsx#A001!row=8 | Audit 2026 device/Data store/Audit/A002.xlsx#A002!row=6 | Audit 2026 device/Data store/Audit/VA03.xlsx#VA03!row=8 | Audit 2026 device/Data store/Audit/VA18.xlsx#VA18 NEW BALANCE AEON HA DONG!row=8 | Audit 2026 device/Data store/Audit/VA19.xlsx#VA19!row=8 | Audit 2026 device/Data store/Audit/VA24.xlsx#VA24 NEW BALANCE VINCOM BATRIEU!row=8 | Audit 2026 device/Data store/Audit/VN05.xlsx#VN05!row=8 | Audit 2026 device/Data store/Audit/VN07.xlsx#VN07!row=2 | Audit 2026 device/Data store/Audit/VN09.xlsx#VN09!row=2 | Audit 2026 device/Data store/Audit/VN19.xlsx#VN19!row=6 | Audit 2026 device/Data store/Audit/VN28.xlsx#VN28!row=8 | Audit 2026 device/Data store/Audit/VO04.xlsx#VO04 FOOT LOCKER AEON THANH KHE!row=17 | Audit 2026 device/Data store/Audit/VO04.xlsx#VO04 FOOT LOCKER AEON THANH KHE!row=18
M-A44B40D714,Epson TM-82III,,BACKEND,Audit 2026 device/Data store/Audit/A001.xlsx#A001!row=9 | Audit 2026 device/Data store/Audit/A002.xlsx#A002!row=7 | Audit 2026 device/Data store/Audit/A003.xlsx#A003 ASICS GOLD COAST!row=9 | Audit 2026 device/Data store/Audit/VA01.xlsx#VA01!row=9 | Audit 2026 device/Data store/Audit/VA03.xlsx#VA03!row=9 | Audit 2026 device/Data store/Audit/VA05.xlsx#VA05!row=9 | Audit 2026 device/Data store/Audit/VA06.xlsx#VA06!row=6 | Audit 2026 device/Data store/Audit/VA08.xlsx#VA08!row=5 | Audit 2026 device/Data store/Audit/VA18.xlsx#VA18 NEW BALANCE AEON HA DONG!row=9 | Audit 2026 device/Data store/Audit/VA19.xlsx#VA19!row=9 | Audit 2026 device/Data store/Audit/VA20.xlsx#VA20!row=14 | Audit 2026 device/Data store/Audit/VA20.xlsx#VA20!row=15 | Audit 2026 device/Data store/Audit/VA23.xlsx#VA23!row=5 | Audit 2026 device/Data store/Audit/VH02.xlsx#VH02!row=7 | Audit 2026 device/Data store/Audit/VI03.xlsx#VI03!row=7 | Audit 2026 device/Data store/Audit/VN05.xlsx#VN05!row=9 | Audit 2026 device/Data store/Audit/VN10.xlsx#VN10!row=9 | Audit 2026 device/Data store/Audit/VN16.xlsx#VN16!row=9 | Audit 2026 device/Data store/Audit/VN28.xlsx#VN28!row=9 | Audit 2026 device/Data store/Audit/VO04.xlsx#VO04 FOOT LOCKER AEON THANH KHE!row=29
M-7359091762,Cisco CBS110-16T-EU,,NET,Audit 2026 device/Data store/Audit/A001.xlsx#A001!row=10 | Audit 2026 device/Data store/Audit/A002.xlsx#A002!row=8 | Audit 2026 device/Data store/Audit/A003.xlsx#A003 ASICS GOLD COAST!row=10 | Audit 2026 device/Data store/Audit/V003.xlsx#V003!row=4 | Audit 2026 device/Data store/Audit/VA01.xlsx#VA01!row=10 | Audit 2026 device/Data store/Audit/VA01.xlsx#Sheet1!row=10 | Audit 2026 device/Data store/Audit/VA03.xlsx#VA03!row=10 | Audit 2026 device/Data store/Audit/VA05.xlsx#VA05!row=10 | Audit 2026 device/Data store/Audit/VA06.xlsx#VA06!row=7 | Audit 2026 device/Data store/Audit/VA08.xlsx#VA08!row=6 | Audit 2026 device/Data store/Audit/VA18.xlsx#VA18 NEW BALANCE AEON HA DONG!row=10 | Audit 2026 device/Data store/Audit/VA19.xlsx#VA19!row=10 | Audit 2026 device/Data store/Audit/VA24.xlsx#VA24 NEW BALANCE VINCOM BATRIEU!row=10 | Audit 2026 device/Data store/Audit/VH01.xlsx#VH01!row=10 | Audit 2026 device/Data store/Audit/VH03.xlsx#VH03 SKECHERS AEON HAI PHONG!row=17 | Audit 2026 device/Data store/!!!/VN06.xlsx#VN06!row=8 | Audit 2026 device/Data store/Audit/VN28.xlsx#VN28!row=10 | Audit 2026 device/Data store/Audit/VO04.xlsx#VO04 FOOT LOCKER AEON THANH KHE!row=5
M-0EF0AAD3FE,Unifi NanoHD,,NET,Audit 2026 device/Data store/Audit/A001.xlsx#A001!row=11
M-1D807E3F07,Fortigate FG-40F - 1 Year UTP license,,NET,Audit 2026 device/Data store/Audit/A001.xlsx#A001!row=12 | Audit 2026 device/Data store/Audit/A003.xlsx#A003 ASICS GOLD COAST!row=12 | Audit 2026 device/Data store/Audit/VA01.xlsx#VA01!row=12 | Audit 2026 device/Data store/Audit/VA01.xlsx#Sheet1!row=13 | Audit 2026 device/Data store/Audit/VA03.xlsx#VA03!row=12 | Audit 2026 device/Data store/Audit/VA05.xlsx#VA05!row=12 | Audit 2026 device/Data store/Audit/VA06.xlsx#VA06!row=8 | Audit 2026 device/Data store/Audit/VA08.xlsx#VA08!row=8 | Audit 2026 device/Data store/Audit/VA18.xlsx#VA18 NEW BALANCE AEON HA DONG!row=12 | Audit 2026 device/Data store/Audit/VA19.xlsx#VA19!row=13 | Audit 2026 device/Data store/Audit/VA20.xlsx#VA20!row=18 | Audit 2026 device/Data store/Audit/VA23.xlsx#VA23!row=7 | Audit 2026 device/Data store/Audit/VA24.xlsx#VA24 NEW BALANCE VINCOM BATRIEU!row=13 | Audit 2026 device/Data store/Audit/VH01.xlsx#VH01!row=12 | Audit 2026 device/Data store/Audit/VH03.xlsx#VH03 SKECHERS AEON HAI PHONG!row=19 | Audit 2026 device/Data store/Audit/VI03.xlsx#VI03!row=8 | Audit 2026 device/Data store/Audit/VN05.xlsx#VN05!row=12 | Audit 2026 device/Data store/!!!/VN06.xlsx#VN06!row=9 | Audit 2026 device/Data store/Audit/VN07.xlsx#VN07!row=12 | Audit 2026 device/Data store/Audit/VN09.xlsx#VN09!row=13 | Audit 2026 device/Data store/Audit/VN10.xlsx#VN10!row=11 | Audit 2026 device/Data store/Audit/VN16.xlsx#VN16!row=12 | Audit 2026 device/Data store/Audit/VN28.xlsx#VN28!row=13
M-D1FAD0A5C2,HP laser 107a,,BACKEND,Audit 2026 device/Data store/Audit/A001.xlsx#A001!row=13 | Audit 2026 device/Data store/Audit/V003.xlsx#V003!row=19
M-3CA18C0ABD,Zebra TC26BK-11A222-A6,,PDT,Audit 2026 device/Data store/Audit/A001.xlsx#A001!row=14 | Audit 2026 device/Data store/Audit/A003.xlsx#A003 ASICS GOLD COAST!row=14 | Audit 2026 device/Data store/Audit/V003.xlsx#V003!row=7 | Audit 2026 device/Data store/Audit/VA01.xlsx#VA01!row=16 | Audit 2026 device/Data store/Audit/VA03.xlsx#VA03!row=14 | Audit 2026 device/Data store/Audit/VA05.xlsx#VA05!row=16 | Audit 2026 device/Data store/Audit/VA08.xlsx#VA08!row=10 | Audit 2026 device/Data store/Audit/VA19.xlsx#VA19!row=17 | Audit 2026 device/Data store/Audit/VA20.xlsx#VA20!row=22 | Audit 2026 device/Data store/Audit/VH01.xlsx#VH01!row=15 | Audit 2026 device/Data store/Audit/VH03.xlsx#VH03 SKECHERS AEON HAI PHONG!row=22 | Audit 2026 device/Data store/Audit/VN05.xlsx#VN05!row=16 | Audit 2026 device/Data store/Audit/VN16.xlsx#VN16!row=16 | Audit 2026 device/Data store/Audit/VN28.xlsx#VN28!row=17
M-E1FE6E4D6E,Ipad Air 13-inch(M3),,BACKEND,Audit 2026 device/Data store/Audit/A001.xlsx#A001!row=15 | Audit 2026 device/Data store/Audit/A002.xlsx#A002!row=13 | Audit 2026 device/Data store/Audit/A003.xlsx#A003 ASICS GOLD COAST!row=15
M-C716B96A9A,PDT Printer Star SM-L200-UB40,,PDT,Audit 2026 device/Data store/Audit/A001.xlsx#A001!row=16 | Audit 2026 device/Data store/Audit/V003.xlsx#V003!row=8 | Audit 2026 device/Data store/Audit/VA01.xlsx#VA01!row=17 | Audit 2026 device/Data store/Audit/VA01.xlsx#Sheet1!row=18 | Audit 2026 device/Data store/Audit/VA03.xlsx#VA03!row=15 | Audit 2026 device/Data store/Audit/VA05.xlsx#VA05!row=17 | Audit 2026 device/Data store/Audit/VA08.xlsx#VA08!row=11 | Audit 2026 device/Data store/Audit/VA19.xlsx#VA19!row=18 | Audit 2026 device/Data store/Audit/VA20.xlsx#VA20!row=23 | Audit 2026 device/Data store/Audit/VH01.xlsx#VH01!row=16 | Audit 2026 device/Data store/Audit/VN05.xlsx#VN05!row=17 | Audit 2026 device/Data store/Audit/VN16.xlsx#VN16!row=17 | Audit 2026 device/Data store/Audit/VN28.xlsx#VN28!row=18
M-5D3B848B56,Desktop HP PRO MINI 400 G9,,POS,Audit 2026 device/Data store/Audit/A002.xlsx#A002!row=2 | Audit 2026 device/Data store/Audit/VA01.xlsx#Sheet1!row=2 | Audit 2026 device/Data store/Audit/VA11.xlsx#VA11!row=2 | Audit 2026 device/Data store/Audit/VN09.xlsx#VN09!row=8
M-6C874DB6B9,Wifi UBIQUITI UniFi,,NET,Audit 2026 device/Data store/Audit/A002.xlsx#A002!row=9 | Audit 2026 device/Data store/Audit/VA11.xlsx#VA11!row=15 | Audit 2026 device/Data store/Audit/VA12.xlsx#VA12!row=20 | Audit 2026 device/Data store/Audit/VA13.xlsx#VA13!row=16 | Audit 2026 device/Data store/Audit/VA14.xlsx#VA14!row=15 | Audit 2026 device/Data store/Audit/VA15.xlsx#VA15!row=14 | Audit 2026 device/Data store/Audit/VA16.xlsx#VA16!row=27 | Audit 2026 device/Data store/Audit/VN07.xlsx#VN07!row=11 | Audit 2026 device/Data store/Audit/VN09.xlsx#VN09!row=11
M-ECEE1E3A15,Fortigate-40F,,NET,Audit 2026 device/Data store/Audit/A002.xlsx#A002!row=10 | Audit 2026 device/Data store/Audit/VA04.xlsx#VA04!row=9 | Audit 2026 device/Data store/Audit/VA11.xlsx#VA11!row=11 | Audit 2026 device/Data store/Audit/VA12.xlsx#VA12!row=21 | Audit 2026 device/Data store/Audit/VA13.xlsx#VA13!row=8 | Audit 2026 device/Data store/Audit/VA14.xlsx#VA14!row=10 | Audit 2026 device/Data store/Audit/VA15.xlsx#VA15!row=11 | Audit 2026 device/Data store/Audit/VA16.xlsx#VA16!row=23 | Audit 2026 device/Data store/Audit/VN19.xlsx#VN19!row=8
M-15204634F4,Ruijie RG-EW1200G Pro,,NET,Audit 2026 device/Data store/Audit/A002.xlsx#A002!row=11 | Audit 2026 device/Data store/Audit/VA24.xlsx#VA24 NEW BALANCE VINCOM BATRIEU!row=20
M-21E65D4CEE,Hp laserjet 107a,,BACKEND,Audit 2026 device/Data store/Audit/A002.xlsx#A002!row=12
M-582F976207,Zebra TC26BK,,PDT,Audit 2026 device/Data store/Audit/A002.xlsx#A002!row=14 | Audit 2026 device/Data store/Audit/VA01.xlsx#Sheet1!row=17 | Audit 2026 device/Data store/Audit/VA11.xlsx#VA11!row=12 | Audit 2026 device/Data store/Audit/VA12.xlsx#VA12!row=19 | Audit 2026 device/Data store/Audit/VA13.xlsx#VA13!row=15 | Audit 2026 device/Data store/Audit/VA14.xlsx#VA14!row=12 | Audit 2026 device/Data store/Audit/VA15.xlsx#VA15!row=12 | Audit 2026 device/Data store/Audit/VA16.xlsx#VA16!row=24 | Audit 2026 device/Data store/Audit/VN07.xlsx#VN07!row=10 | Audit 2026 device/Data store/Audit/VN09.xlsx#VN09!row=10 | Audit 2026 device/Data store/!!!/VN12.xlsx#VN12!row=11 | Audit 2026 device/Data store/Audit/VN27.xlsx#VN27!row=27
M-8F37E7C9A1,Star-SM-L200-UB40,,PDT,Audit 2026 device/Data store/Audit/A002.xlsx#A002!row=15
M-179027EACA,HP Prodesk 400 G7,,POS,Audit 2026 device/Data store/Audit/A003.xlsx#A003 ASICS GOLD COAST!row=2 | Audit 2026 device/Data store/Audit/VA18.xlsx#VA18 NEW BALANCE AEON HA DONG!row=2 | Audit 2026 device/Data store/Audit/VA24.xlsx#VA24 NEW BALANCE VINCOM BATRIEU!row=2 | Audit 2026 device/Data store/Audit/VH03.xlsx#VH03 SKECHERS AEON HAI PHONG!row=2 | Audit 2026 device/Data store/Audit/VO04.xlsx#VO04 FOOT LOCKER AEON THANH KHE!row=2 | Audit 2026 device/Data store/Audit/VO04.xlsx#VO04 FOOT LOCKER AEON THANH KHE!row=3
M-90AB8F8668,Maken 410,,POS,Audit 2026 device/Data store/Audit/A003.xlsx#A003 ASICS GOLD COAST!row=5 | Audit 2026 device/Data store/Audit/V003.xlsx#V003!row=15 | Audit 2026 device/Data store/Audit/VA01.xlsx#VA01!row=5 | Audit 2026 device/Data store/Audit/VA03.xlsx#VA03!row=5 | Audit 2026 device/Data store/Audit/VA05.xlsx#VA05!row=5 | Audit 2026 device/Data store/Audit/VA06.xlsx#VA06!row=4 | Audit 2026 device/Data store/Audit/VA18.xlsx#VA18 NEW BALANCE AEON HA DONG!row=5 | Audit 2026 device/Data store/Audit/VA19.xlsx#VA19!row=5 | Audit 2026 device/Data store/Audit/VA20.xlsx#VA20!row=7 | Audit 2026 device/Data store/Audit/VH01.xlsx#VH01!row=5 | Audit 2026 device/Data store/Audit/VH03.xlsx#VH03 SKECHERS AEON HAI PHONG!row=6 | Audit 2026 device/Data store/Audit/VI03.xlsx#VI03!row=4 | Audit 2026 device/Data store/Audit/VN05.xlsx#VN05!row=5 | Audit 2026 device/Data store/!!!/VN06.xlsx#VN06!row=4 | Audit 2026 device/Data store/Audit/VN10.xlsx#VN10!row=5 | Audit 2026 device/Data store/Audit/VN28.xlsx#VN28!row=5
M-8359CEDB8A,Pole Display LD220-HP,,POS,Audit 2026 device/Data store/Audit/A003.xlsx#A003 ASICS GOLD COAST!row=6
M-66AC3BDEB6,Zebex Z-3100 Magic C,,POS,Audit 2026 device/Data store/Audit/A003.xlsx#A003 ASICS GOLD COAST!row=7
M-0509F825CA,Monitor HP V19,,POS,Audit 2026 device/Data store/Audit/A003.xlsx#A003 ASICS GOLD COAST!row=8 | Audit 2026 device/Data store/Audit/VO02.xlsx#VO02!row=7 | Audit 2026 device/Data store/Audit/VO02.xlsx#VO02!row=8 | Audit 2026 device/Data store/Audit/VO02.xlsx#VO02!row=9 | Audit 2026 device/Data store/Audit/VO02.xlsx#VO02!row=10 | Audit 2026 device/Data store/Audit/VO02.xlsx#VO02!row=11
M-659A0372E9,UniFi U7 Lite,,NET,Audit 2026 device/Data store/Audit/A003.xlsx#A003 ASICS GOLD COAST!row=11
M-86DBA21F9C,Canon LBP 2900,,BACKEND,Audit 2026 device/Data store/Audit/A003.xlsx#A003 ASICS GOLD COAST!row=13 | Audit 2026 device/Data store/Audit/VA01.xlsx#VA01!row=13 | Audit 2026 device/Data store/Audit/VA03.xlsx#VA03!row=13 | Audit 2026 device/Data store/Audit/VA05.xlsx#VA05!row=13 | Audit 2026 device/Data store/Audit/VA06.xlsx#VA06!row=9 | Audit 2026 device/Data store/Audit/VA08.xlsx#VA08!row=9 | Audit 2026 device/Data store/Audit/VA18.xlsx#VA18 NEW BALANCE AEON HA DONG!row=13 | Audit 2026 device/Data store/Audit/VA19.xlsx#VA19!row=14 | Audit 2026 device/Data store/Audit/VA20.xlsx#VA20!row=19 | Audit 2026 device/Data store/Audit/VH01.xlsx#VH01!row=13 | Audit 2026 device/Data store/Audit/VH02.xlsx#VH02!row=8 | Audit 2026 device/Data store/!!!/VN06.xlsx#VN06!row=10 | Audit 2026 device/Data store/Audit/VN10.xlsx#VN10!row=12 | Audit 2026 device/Data store/Audit/VN16.xlsx#VN16!row=13 | Audit 2026 device/Data store/Audit/VN19.xlsx#VN19!row=9 | Audit 2026 device/Data store/Audit/VN28.xlsx#VN28!row=14 | Audit 2026 device/Data store/Audit/VO02.xlsx#VO02!row=24
M-B9A38D5EC4,Zebra ZQ210,,PDT,Audit 2026 device/Data store/Audit/A003.xlsx#A003 ASICS GOLD COAST!row=16 | Audit 2026 device/Data store/Audit/VA06.xlsx#VA06!row=12 | Audit 2026 device/Data store/Audit/VA18.xlsx#VA18 NEW BALANCE AEON HA DONG!row=15 | Audit 2026 device/Data store/Audit/VA24.xlsx#VA24 NEW BALANCE VINCOM BATRIEU!row=18 | Audit 2026 device/Data store/Audit/VH03.xlsx#VH03 SKECHERS AEON HAI PHONG!row=23 | Audit 2026 device/Data store/Audit/VO04.xlsx#VO04 FOOT LOCKER AEON THANH KHE!row=14 | Audit 2026 device/Data store/Audit/VO04.xlsx#VO04 FOOT LOCKER AEON THANH KHE!row=15
M-AF0FB2078E,Switch Ubiquiti UniFi Switch 24 PoE (USW-24-PoE),,NET,Audit 2026 device/Data store/Audit/V003.xlsx#V003!row=3 | Audit 2026 device/Data store/Audit/VO04.xlsx#VO04 FOOT LOCKER AEON THANH KHE!row=4
M-7147363B65,Unibiti UAP nanohd wifi,,NET,Audit 2026 device/Data store/Audit/V003.xlsx#V003!row=5 | Audit 2026 device/Data store/Audit/VO04.xlsx#VO04 FOOT LOCKER AEON THANH KHE!row=6 | Audit 2026 device/Data store/Audit/VO04.xlsx#VO04 FOOT LOCKER AEON THANH KHE!row=7 | Audit 2026 device/Data store/Audit/VO04.xlsx#VO04 FOOT LOCKER AEON THANH KHE!row=8
M-BE5E8A0E77,SIM DATA,,NET,Audit 2026 device/Data store/Audit/V003.xlsx#V003!row=6 | Audit 2026 device/Data store/Audit/VA01.xlsx#Sheet1!row=12 | Audit 2026 device/Data store/Audit/VA19.xlsx#VA19!row=12 | Audit 2026 device/Data store/Audit/VA24.xlsx#VA24 NEW BALANCE VINCOM BATRIEU!row=12 | Audit 2026 device/Data store/Audit/VN28.xlsx#VN28!row=12
M-01B48088F2,Samsung Galaxy Tab S10 FE 5G 8GB 128GB,,BACKEND,Audit 2026 device/Data store/Audit/V003.xlsx#V003!row=9 | Audit 2026 device/Data store/Audit/VA19.xlsx#VA19!row=15 | Audit 2026 device/Data store/Audit/VA24.xlsx#VA24 NEW BALANCE VINCOM BATRIEU!row=15
M-705B0BA418,"Máy in mã vạch Postek IQ200, 203dpi -Bluetooth",,BACKEND,Audit 2026 device/Data store/Audit/V003.xlsx#V003!row=10
M-CFD20E85A4,Máy tính trạm Dell Precision 3680 Tower,,POS,Audit 2026 device/Data store/Audit/V003.xlsx#V003!row=11 | Audit 2026 device/Data store/Audit/VO04.xlsx#VO04 FOOT LOCKER AEON THANH KHE!row=16
M-523DDF9C2A,"Monitor HP 19,5 inch - widescreen (hdmi port)",,POS,Audit 2026 device/Data store/Audit/V003.xlsx#V003!row=12 | Audit 2026 device/Data store/Audit/VH01.xlsx#VH01!row=8 | Audit 2026 device/Data store/Audit/VH03.xlsx#VH03 SKECHERS AEON HAI PHONG!row=12
M-BDF190445A,Pole Display,,POS,Audit 2026 device/Data store/Audit/V003.xlsx#V003!row=16 | Audit 2026 device/Data store/Audit/VO04.xlsx#VO04 FOOT LOCKER AEON THANH KHE!row=24 | Audit 2026 device/Data store/Audit/VO04.xlsx#VO04 FOOT LOCKER AEON THANH KHE!row=25
M-B87E31774F,Scanner Wireless DS2278,,POS,Audit 2026 device/Data store/Audit/V003.xlsx#V003!row=17 | Audit 2026 device/Data store/Audit/VO04.xlsx#VO04 FOOT LOCKER AEON THANH KHE!row=26 | Audit 2026 device/Data store/Audit/VO04.xlsx#VO04 FOOT LOCKER AEON THANH KHE!row=27
M-DA9914F8CA,"Printer Cashier - Thermal Star printer MCP31L, USB",,BACKEND,Audit 2026 device/Data store/Audit/V003.xlsx#V003!row=18 | Audit 2026 device/Data store/Audit/VO04.xlsx#VO04 FOOT LOCKER AEON THANH KHE!row=28
M-47245AD750,HP EngageGo10 Mobile tablet (i5 8Gb with scanner),,BACKEND,Audit 2026 device/Data store/Audit/V003.xlsx#V003!row=20 | Audit 2026 device/Data store/Audit/VO04.xlsx#VO04 FOOT LOCKER AEON THANH KHE!row=31
M-16DEC98C69,mPOS Printer Star SM­T300i2-DB50,,BACKEND,Audit 2026 device/Data store/Audit/V003.xlsx#V003!row=21 | Audit 2026 device/Data store/Audit/VO04.xlsx#VO04 FOOT LOCKER AEON THANH KHE!row=32
M-2D200ACCF1,Fortigate FG-60F - 3 Year UTP license,,NET,Audit 2026 device/Data store/Audit/V003.xlsx#V003!row=22 | Audit 2026 device/Data store/Audit/VO04.xlsx#VO04 FOOT LOCKER AEON THANH KHE!row=33
M-EECBA061D0,Dock zebra,,BACKEND,Audit 2026 device/Data store/Audit/V003.xlsx#V003!row=23
M-521E06FADD,HP Pro Mini 400 G9 - Intel Core i5 12500T/ (8GB x2) DDR4 3200/ SSD 512GB,,POS,Audit 2026 device/Data store/Audit/VA01.xlsx#VA01!row=2 | Audit 2026 device/Data store/Audit/VA03.xlsx#VA03!row=2 | Audit 2026 device/Data store/Audit/VA06.xlsx#VA06!row=2 | Audit 2026 device/Data store/Audit/VN05.xlsx#VN05!row=2 | Audit 2026 device/Data store/Audit/VN10.xlsx#VN10!row=2 | Audit 2026 device/Data store/Audit/VN16.xlsx#VN16!row=2
M-744A821E88,Monitor HP V20,,POS,Audit 2026 device/Data store/Audit/VA01.xlsx#VA01!row=8 | Audit 2026 device/Data store/Audit/VA05.xlsx#VA05!row=8 | Audit 2026 device/Data store/Audit/VA11.xlsx#VA11!row=9 | Audit 2026 device/Data store/Audit/VA12.xlsx#VA12!row=15 | Audit 2026 device/Data store/Audit/VA20.xlsx#VA20!row=12 | Audit 2026 device/Data store/Audit/VN10.xlsx#VN10!row=8 | Audit 2026 device/Data store/!!!/VN12.xlsx#VN12!row=7 | Audit 2026 device/Data store/Audit/VN16.xlsx#VN16!row=8
M-6EF0B7C827,Wifi UBIQUITI UniFi Swiss Army Knife (UK-Ultra),,NET,Audit 2026 device/Data store/Audit/VA01.xlsx#VA01!row=11 | Audit 2026 device/Data store/Audit/VA01.xlsx#Sheet1!row=11 | Audit 2026 device/Data store/Audit/VA03.xlsx#VA03!row=11 | Audit 2026 device/Data store/Audit/VA05.xlsx#VA05!row=11 | Audit 2026 device/Data store/Audit/VA08.xlsx#VA08!row=7 | Audit 2026 device/Data store/Audit/VA18.xlsx#VA18 NEW BALANCE AEON HA DONG!row=11 | Audit 2026 device/Data store/Audit/VA19.xlsx#VA19!row=11 | Audit 2026 device/Data store/Audit/VA20.xlsx#VA20!row=17 | Audit 2026 device/Data store/Audit/VA24.xlsx#VA24 NEW BALANCE VINCOM BATRIEU!row=11 | Audit 2026 device/Data store/Audit/VH01.xlsx#VH01!row=11 | Audit 2026 device/Data store/Audit/VH03.xlsx#VH03 SKECHERS AEON HAI PHONG!row=18 | Audit 2026 device/Data store/Audit/VN05.xlsx#VN05!row=11 | Audit 2026 device/Data store/Audit/VN16.xlsx#VN16!row=11 | Audit 2026 device/Data store/Audit/VN28.xlsx#VN28!row=11
M-F7755C45DD,Lenovo tab M8,,BACKEND,Audit 2026 device/Data store/Audit/VA01.xlsx#VA01!row=14 | Audit 2026 device/Data store/Audit/VA06.xlsx#VA06!row=10 | Audit 2026 device/Data store/Audit/VA13.xlsx#VA13!row=14 | Audit 2026 device/Data store/Audit/VA14.xlsx#VA14!row=13 | Audit 2026 device/Data store/Audit/VA20.xlsx#VA20!row=20 | Audit 2026 device/Data store/Audit/VI03.xlsx#VI03!row=10 | Audit 2026 device/Data store/Audit/VN05.xlsx#VN05!row=14
M-EE56F707EE,"Postek IQ200, 203dpi -Bluetooth",,BACKEND,Audit 2026 device/Data store/Audit/VA01.xlsx#VA01!row=15 | Audit 2026 device/Data store/Audit/VA01.xlsx#Sheet1!row=16 | Audit 2026 device/Data store/Audit/VA05.xlsx#VA05!row=15 | Audit 2026 device/Data store/Audit/VA06.xlsx#VA06!row=11 | Audit 2026 device/Data store/Audit/VA19.xlsx#VA19!row=16 | Audit 2026 device/Data store/Audit/VA20.xlsx#VA20!row=21 | Audit 2026 device/Data store/Audit/VA24.xlsx#VA24 NEW BALANCE VINCOM BATRIEU!row=16 | Audit 2026 device/Data store/Audit/VI03.xlsx#VI03!row=11 | Audit 2026 device/Data store/Audit/VN05.xlsx#VN05!row=15 | Audit 2026 device/Data store/Audit/VN16.xlsx#VN16!row=15 | Audit 2026 device/Data store/Audit/VN28.xlsx#VN28!row=16
M-800A456DE2,Cash Drawer Maken MK-410,,POS,Audit 2026 device/Data store/Audit/VA01.xlsx#Sheet1!row=5 | Audit 2026 device/Data store/Audit/VA11.xlsx#VA11!row=6 | Audit 2026 device/Data store/Audit/VO02.xlsx#VO02!row=12 | Audit 2026 device/Data store/Audit/VO02.xlsx#VO02!row=13 | Audit 2026 device/Data store/Audit/VO02.xlsx#VO02!row=14
M-C87CF724DF,Pole Display Brich DSP-V9,,POS,Audit 2026 device/Data store/Audit/VA01.xlsx#Sheet1!row=6 | Audit 2026 device/Data store/Audit/VA05.xlsx#VA05!row=6 | Audit 2026 device/Data store/Audit/VA11.xlsx#VA11!row=5
M-0335461D6F,Scanner Datalogic QW2100,,POS,Audit 2026 device/Data store/Audit/VA01.xlsx#Sheet1!row=7 | Audit 2026 device/Data store/Audit/VA11.xlsx#VA11!row=3 | Audit 2026 device/Data store/Audit/VA12.xlsx#VA12!row=3 | Audit 2026 device/Data store/Audit/VA13.xlsx#VA13!row=10 | Audit 2026 device/Data store/Audit/VA14.xlsx#VA14!row=11 | Audit 2026 device/Data store/Audit/VA15.xlsx#VA15!row=7 | Audit 2026 device/Data store/Audit/VA16.xlsx#VA16!row=15 | Audit 2026 device/Data store/Audit/VA16.xlsx#VA16!row=16 | Audit 2026 device/Data store/Audit/VN07.xlsx#VN07!row=4 | Audit 2026 device/Data store/Audit/VN09.xlsx#VN09!row=4 | Audit 2026 device/Data store/!!!/VN12.xlsx#VN12!row=4 | Audit 2026 device/Data store/Audit/VN19.xlsx#VN19!row=5 | Audit 2026 device/Data store/Audit/VN27.xlsx#VN27!row=11 | Audit 2026 device/Data store/Audit/VN27.xlsx#VN27!row=12
M-802FE3D739,Bill Printer Epson TM-82III,,BACKEND,Audit 2026 device/Data store/Audit/VA01.xlsx#Sheet1!row=9 | Audit 2026 device/Data store/Audit/VA11.xlsx#VA11!row=4 | Audit 2026 device/Data store/Audit/VA13.xlsx#VA13!row=3 | Audit 2026 device/Data store/Audit/VA14.xlsx#VA14!row=3 | Audit 2026 device/Data store/Audit/VA15.xlsx#VA15!row=8 | Audit 2026 device/Data store/Audit/VA16.xlsx#VA16!row=17 | Audit 2026 device/Data store/Audit/VA16.xlsx#VA16!row=18 | Audit 2026 device/Data store/Audit/VN27.xlsx#VN27!row=9 | Audit 2026 device/Data store/Audit/VN27.xlsx#VN27!row=10
M-C35CE66F95,A4 Printer Canon LBP 2900,,BACKEND,Audit 2026 device/Data store/Audit/VA01.xlsx#Sheet1!row=14 | Audit 2026 device/Data store/Audit/VA11.xlsx#VA11!row=7 | Audit 2026 device/Data store/Audit/VA12.xlsx#VA12!row=2 | Audit 2026 device/Data store/Audit/VA13.xlsx#VA13!row=4 | Audit 2026 device/Data store/Audit/VA14.xlsx#VA14!row=6 | Audit 2026 device/Data store/Audit/VA16.xlsx#VA16!row=19 | Audit 2026 device/Data store/!!!/VN12.xlsx#VN12!row=3 | Audit 2026 device/Data store/Audit/VN27.xlsx#VN27!row=13
M-4AA0266924,Laptop latitude 3520,,POS,Audit 2026 device/Data store/Audit/VA04.xlsx#VA04!row=2
M-CE4031F51A,Scanner Datalogic QW21000,,POS,Audit 2026 device/Data store/Audit/VA04.xlsx#VA04!row=5
M-00AA7EECF1,Bill Printer Epson TM82III,,BACKEND,Audit 2026 device/Data store/Audit/VA04.xlsx#VA04!row=6 | Audit 2026 device/Data store/Audit/VA12.xlsx#VA12!row=13 | Audit 2026 device/Data store/!!!/VN12.xlsx#VN12!row=5
M-5BD12329B1,USB Hub Orico 4 port,,BACKEND,Audit 2026 device/Data store/Audit/VA04.xlsx#VA04!row=7 | Audit 2026 device/Data store/Audit/VA12.xlsx#VA12!row=18 | Audit 2026 device/Data store/!!!/VN12.xlsx#VN12!row=10
M-90A7C731F1,Network Switch Mercusys 8 port,,NET,Audit 2026 device/Data store/Audit/VA04.xlsx#VA04!row=8
M-127F3DD54B,Canon LBP 3300,,BACKEND,Audit 2026 device/Data store/Audit/VA04.xlsx#VA04!row=10
M-9CE1E6AD64,Dell OptiPlex 3090 Micro - Intel Core i5 12500T/ (8GB x2) DDR4 3200/ SSD 512GB,,POS,Audit 2026 device/Data store/Audit/VA05.xlsx#VA05!row=2
M-0FDAAF7FF1,Samsung Galaxy Tab S6 Lite,,BACKEND,Audit 2026 device/Data store/Audit/VA05.xlsx#VA05!row=14
M-487ACA8093,Unifi UAP U7 Lite,,NET,Audit 2026 device/Data store/Audit/VA06.xlsx#VA06!row=13
M-32AFCDC6CA,Zebra TC27,,PDT,Audit 2026 device/Data store/Audit/VA06.xlsx#VA06!row=14 | Audit 2026 device/Data store/Audit/VA18.xlsx#VA18 NEW BALANCE AEON HA DONG!row=14 | Audit 2026 device/Data store/Audit/VA24.xlsx#VA24 NEW BALANCE VINCOM BATRIEU!row=17 | Audit 2026 device/Data store/Audit/VO04.xlsx#VO04 FOOT LOCKER AEON THANH KHE!row=9 | Audit 2026 device/Data store/Audit/VO04.xlsx#VO04 FOOT LOCKER AEON THANH KHE!row=10 | Audit 2026 device/Data store/Audit/VO04.xlsx#VO04 FOOT LOCKER AEON THANH KHE!row=11 | Audit 2026 device/Data store/Audit/VO04.xlsx#VO04 FOOT LOCKER AEON THANH KHE!row=12 | Audit 2026 device/Data store/Audit/VO04.xlsx#VO04 FOOT LOCKER AEON THANH KHE!row=13
M-5100694110,Laptop HP ProBook 440 14 inch G9 Notebook PC,,POS,Audit 2026 device/Data store/Audit/VA08.xlsx#VA08!row=2
M-030D3AB85F,Other Lioa Power Socket,,BACKEND,Audit 2026 device/Data store/Audit/VA11.xlsx#VA11!row=8
M-A91278B872,Network Switch Cisco CBS110-16T-EU,,NET,Audit 2026 device/Data store/Audit/VA11.xlsx#VA11!row=10 | Audit 2026 device/Data store/Audit/VA12.xlsx#VA12!row=8
M-E4C940D925,Postek printer,,BACKEND,Audit 2026 device/Data store/Audit/VA11.xlsx#VA11!row=13 | Audit 2026 device/Data store/Audit/VA13.xlsx#VA13!row=13 | Audit 2026 device/Data store/Audit/VA14.xlsx#VA14!row=14 | Audit 2026 device/Data store/Audit/VA16.xlsx#VA16!row=26 | Audit 2026 device/Data store/Audit/VN27.xlsx#VN27!row=25 | Asset management/Warehouse/Geodis device.xlsx#Sheet1!row=15 | Asset management/Warehouse/Geodis device.xlsx#Sheet1!row=16
M-462230A72A,Printer Star SM-L200-UB40,,PDT,Audit 2026 device/Data store/Audit/VA11.xlsx#VA11!row=14 | Audit 2026 device/Data store/Audit/VA12.xlsx#VA12!row=22 | Audit 2026 device/Data store/Audit/VA13.xlsx#VA13!row=17 | Audit 2026 device/Data store/Audit/VA14.xlsx#VA14!row=18 | Audit 2026 device/Data store/Audit/VA15.xlsx#VA15!row=13 | Audit 2026 device/Data store/Audit/VA16.xlsx#VA16!row=28 | Audit 2026 device/Data store/Audit/VN07.xlsx#VN07!row=13 | Audit 2026 device/Data store/Audit/VN09.xlsx#VN09!row=12 | Audit 2026 device/Data store/Audit/VO02.xlsx#VO02!row=42 | Audit 2026 device/Data store/Audit/VO02.xlsx#VO02!row=43 | Audit 2026 device/Data store/Audit/VO02.xlsx#VO02!row=44 | Audit 2026 device/Data store/Audit/VO02.xlsx#VO02!row=45 | Audit 2026 device/Data store/Audit/VO02.xlsx#VO02!row=46 | Audit 2026 device/Data store/Audit/VO02.xlsx#VO02!row=47
M-AAC6DA06E6,Bill Printer Epson TM-T82III,,BACKEND,Audit 2026 device/Data store/Audit/VA12.xlsx#VA12!row=4 | Audit 2026 device/Data store/Audit/VN19.xlsx#VN19!row=7
M-8312374DC3,Other Electric socket (LIOA 6 Slots 3m),,OFF,Audit 2026 device/Data store/Audit/VA12.xlsx#VA12!row=5
M-4BB721102E,Monitor HP HP V20 (with mount kit),,POS,Audit 2026 device/Data store/Audit/VA12.xlsx#VA12!row=6
M-FF37A256CF,Pole Display Birch DSP-V9,,POS,Audit 2026 device/Data store/Audit/VA12.xlsx#VA12!row=7 | Audit 2026 device/Data store/Audit/VN27.xlsx#VN27!row=15 | Audit 2026 device/Data store/Audit/VN27.xlsx#VN27!row=16
M-219A7A832E,USB Hub Orico,,BACKEND,Audit 2026 device/Data store/Audit/VA12.xlsx#VA12!row=9
M-E99D25C57D,Desktop HP PRO MINI 400G6,,POS,Audit 2026 device/Data store/Audit/VA12.xlsx#VA12!row=10 | Audit 2026 device/Data store/Audit/VA16.xlsx#VA16!row=2 | Audit 2026 device/Data store/!!!/VN12.xlsx#VN12!row=2 | Audit 2026 device/Data store/Audit/VN27.xlsx#VN27!row=2 | Audit 2026 device/Data store/Audit/VN27.xlsx#VN27!row=3 | Audit 2026 device/Data store/Audit/VN27.xlsx#VN27!row=4 | Audit 2026 device/Data store/Audit/VN27.xlsx#VN27!row=5
M-427B7A810B,Other Lioa Power Supply,,BACKEND,Audit 2026 device/Data store/Audit/VA12.xlsx#VA12!row=14 | Audit 2026 device/Data store/!!!/VN12.xlsx#VN12!row=6
M-BEE0AAC906,Pole Display DSP V9,,POS,Audit 2026 device/Data store/Audit/VA12.xlsx#VA12!row=16 | Audit 2026 device/Data store/!!!/VN12.xlsx#VN12!row=8
M-D5ED065579,Network Switch Cisco CBS110-16TEU,,NET,Audit 2026 device/Data store/Audit/VA12.xlsx#VA12!row=17 | Audit 2026 device/Data store/!!!/VN12.xlsx#VN12!row=9 | Audit 2026 device/Data store/Audit/VN27.xlsx#VN27!row=19
M-1566EC3FFD,HP 194V,,POS,Audit 2026 device/Data store/Audit/VA13.xlsx#VA13!row=2
M-4990EF9994,Hub usb orico,,BACKEND,Audit 2026 device/Data store/Audit/VA13.xlsx#VA13!row=6
M-C51759092B,Cash Drawer Maken MK410,,POS,Audit 2026 device/Data store/Audit/VA13.xlsx#VA13!row=7 | Audit 2026 device/Data store/Audit/VA14.xlsx#VA14!row=17 | Audit 2026 device/Data store/Audit/VA15.xlsx#VA15!row=4 | Audit 2026 device/Data store/Audit/VA16.xlsx#VA16!row=9 | Audit 2026 device/Data store/Audit/VN27.xlsx#VN27!row=14
M-3A294ADA95,Network Switch Mercusys,,NET,Audit 2026 device/Data store/Audit/VA13.xlsx#VA13!row=9 | Audit 2026 device/Data store/Audit/VA14.xlsx#VA14!row=9 | Audit 2026 device/Data store/Audit/VA15.xlsx#VA15!row=6 | Audit 2026 device/Data store/Audit/VA20.xlsx#VA20!row=16 | Audit 2026 device/Data store/Audit/VA23.xlsx#VA23!row=6 | Audit 2026 device/Data store/Audit/VN07.xlsx#VN07!row=8
M-324CFC0AF8,HP-Display port to VGA,,BACKEND,Audit 2026 device/Data store/Audit/VA13.xlsx#VA13!row=11 | Audit 2026 device/Data store/Audit/VA15.xlsx#VA15!row=10 | Audit 2026 device/Data store/Audit/VA16.xlsx#VA16!row=21
M-6D79E76F92,HP ProDesk 400 G6 DM,,POS,Audit 2026 device/Data store/Audit/VA13.xlsx#VA13!row=12
M-08D0C0DAE5,HP ProDesk 400 G3 DM,,POS,Audit 2026 device/Data store/Audit/VA14.xlsx#VA14!row=2
M-7BAD4E6229,Pole Display LD220,,POS,Audit 2026 device/Data store/Audit/VA14.xlsx#VA14!row=7
M-64EB61AFB2,Dell E1916,,POS,Audit 2026 device/Data store/Audit/VA14.xlsx#VA14!row=8
M-23D6D13F7A,Samsung S6 Lite,,BACKEND,Audit 2026 device/Data store/Audit/VA14.xlsx#VA14!row=16 | Audit 2026 device/Data store/Audit/VA16.xlsx#VA16!row=25 | Asset management/Store/Broken.xlsx#Sheet1!row=1
M-AA46B4F2F0,OptiPlex 3090 Micro,,POS,Audit 2026 device/Data store/Audit/VA15.xlsx#VA15!row=2 | Audit 2026 device/Data store/Audit/VA16.xlsx#VA16!row=3 | Audit 2026 device/Data store/Audit/VA16.xlsx#VA16!row=4 | Audit 2026 device/Data store/Audit/VA20.xlsx#VA20!row=2
M-8EEE14C3D9,HP 190V,,POS,Audit 2026 device/Data store/Audit/VA15.xlsx#VA15!row=3 | Audit 2026 device/Data store/Audit/VA16.xlsx#VA16!row=5 | Audit 2026 device/Data store/Audit/VA16.xlsx#VA16!row=6 | Audit 2026 device/Data store/Audit/VA16.xlsx#VA16!row=7
M-ED6EDBD62F,HP Laser NEVERSTOP 1000W,,BACKEND,Audit 2026 device/Data store/Audit/VA15.xlsx#VA15!row=9
M-E5F6F65458,KVM Switch,,NET,Audit 2026 device/Data store/Audit/VA16.xlsx#VA16!row=8
M-7D15C6B70A,Cash Drawer Antech,,POS,Audit 2026 device/Data store/Audit/VA16.xlsx#VA16!row=10
M-D0CE7EA4F3,D-Link DES-1016D,,NET,Audit 2026 device/Data store/Audit/VA16.xlsx#VA16!row=11
M-8C29E1B7B8,Hub Usb Unitek - 4 Port,,BACKEND,Audit 2026 device/Data store/Audit/VA16.xlsx#VA16!row=14
M-A82571F165,UPS SMC 1500,,BACKEND,Audit 2026 device/Data store/Audit/VA16.xlsx#VA16!row=20
M-D7915492A7,Samsung Tab S10 FE (for livestream),,BACKEND,Audit 2026 device/Data store/Audit/VA16.xlsx#VA16!row=29
M-57BCB45F01,Saramonic Air 01 (for livestream),,BACKEND,Audit 2026 device/Data store/Audit/VA16.xlsx#VA16!row=30 | Audit 2026 device/Data store/Audit/VA16.xlsx#VA16!row=31
M-D17094FD9A,Proton FD1000EB (for livestream),,BACKEND,Audit 2026 device/Data store/Audit/VA16.xlsx#VA16!row=32
M-411EA08C95,HP ProDesk 400 G6,,POS,Audit 2026 device/Data store/Audit/VA20.xlsx#VA20!row=3
M-A4C2289044,Optiplex 3090,,POS,Audit 2026 device/Data store/Audit/VA20.xlsx#VA20!row=4
M-6F670FFF0A,Antech,,POS,Audit 2026 device/Data store/Audit/VA20.xlsx#VA20!row=8 | Audit 2026 device/Data store/Audit/VA24.xlsx#VA24 NEW BALANCE VINCOM BATRIEU!row=5
M-224D0E6B25,HP 185E,,POS,Audit 2026 device/Data store/Audit/VA20.xlsx#VA20!row=13
M-5865EDC181,Angustos,,OFF,Audit 2026 device/Data store/Audit/VA20.xlsx#VA20!row=24
M-7682CEF827,Laptop Hp ProBook 440 G9,,POS,Audit 2026 device/Data store/Audit/VA23.xlsx#VA23!row=2 | Audit 2026 device/Data store/Audit/VH02.xlsx#VH02!row=2
M-AFD8007D2F,A4 Printer Canon LBP 3300,,BACKEND,Audit 2026 device/Data store/Audit/VA23.xlsx#VA23!row=8
M-F141FDDDE2,Epson TM-82II,,BACKEND,Audit 2026 device/Data store/Audit/VA24.xlsx#VA24 NEW BALANCE VINCOM BATRIEU!row=9
M-6CC26EDC11,HP Neverstop Laser 1000w,,BACKEND,Audit 2026 device/Data store/Audit/VA24.xlsx#VA24 NEW BALANCE VINCOM BATRIEU!row=14
M-DC45B0FEBF,Ipad A16,,BACKEND,Audit 2026 device/Data store/Audit/VA24.xlsx#VA24 NEW BALANCE VINCOM BATRIEU!row=19
M-F2131DF2CC,HP Pro Mini 400 G9 - Intel Core i5 12500T/ (8GB x2) DDR4 3200/ SSD 512GB/ W11H/ 1Y Onsite,,POS,Audit 2026 device/Data store/Audit/VH01.xlsx#VH01!row=2
M-4A5BEE488F,Epsion T82III,,BACKEND,Audit 2026 device/Data store/Audit/VH01.xlsx#VH01!row=9 | Audit 2026 device/Data store/Audit/VH03.xlsx#VH03 SKECHERS AEON HAI PHONG!row=15
M-ABF0D85892,Dell Precision 3680 Tower,,BACKEND,Audit 2026 device/Data store/Audit/VH01.xlsx#VH01!row=14 | Audit 2026 device/Data store/Audit/VH03.xlsx#VH03 SKECHERS AEON HAI PHONG!row=21
M-C334464919,Store Equipment,,OFF,Audit 2026 device/Data store/Audit/VH03.xlsx#VH03 SKECHERS AEON HAI PHONG!row=3 | Audit 2026 device/Data store/Audit/VH03.xlsx#VH03 SKECHERS AEON HAI PHONG!row=7 | Audit 2026 device/Data store/Audit/VH03.xlsx#VH03 SKECHERS AEON HAI PHONG!row=9 | Audit 2026 device/Data store/Audit/VH03.xlsx#VH03 SKECHERS AEON HAI PHONG!row=11 | Audit 2026 device/Data store/Audit/VH03.xlsx#VH03 SKECHERS AEON HAI PHONG!row=13 | Audit 2026 device/Data store/Audit/VH03.xlsx#VH03 SKECHERS AEON HAI PHONG!row=16
M-8CAC7A077F,HP V22,,POS,Audit 2026 device/Data store/Audit/VH03.xlsx#VH03 SKECHERS AEON HAI PHONG!row=14
M-781506EB79,HP Laser Jet Pro M15W,,BACKEND,Audit 2026 device/Data store/Audit/VH03.xlsx#VH03 SKECHERS AEON HAI PHONG!row=20
M-86C83C4F82,Lenovo legion,,POS,Audit 2026 device/Data store/Audit/VI03.xlsx#VI03!row=2
M-84CD7DF7AD,A4 Printer HP LaserJet,,BACKEND,Audit 2026 device/Data store/Audit/VI03.xlsx#VI03!row=9
M-64F95A6B74,Mercusys,,NET,Audit 2026 device/Data store/Audit/VN05.xlsx#VN05!row=10 | Audit 2026 device/Data store/Audit/VN09.xlsx#VN09!row=9 | Audit 2026 device/Data store/Audit/VN10.xlsx#VN10!row=10 | Audit 2026 device/Data store/Audit/VN16.xlsx#VN16!row=10
M-5438A61CC2,A4 Printer HP Neverstop laser 1000w,,BACKEND,Audit 2026 device/Data store/Audit/VN05.xlsx#VN05!row=13 | Audit 2026 device/Data store/Audit/VN07.xlsx#VN07!row=6
M-4A3E669FBE,Laptop Lenovo Thinkpad X280,,POS,Audit 2026 device/Data store/!!!/VN06.xlsx#VN06!row=2
M-8F657C320A,Xprinter Xp-k300L,,BACKEND,Audit 2026 device/Data store/!!!/VN06.xlsx#VN06!row=7
M-B4B98FB95A,Bill Printer Xprinter Xp-K300l,,BACKEND,Audit 2026 device/Data store/Audit/VN07.xlsx#VN07!row=3
M-AAA9AB52F3,Pole Display Customer,,POS,Audit 2026 device/Data store/Audit/VN07.xlsx#VN07!row=5
M-BA06DE143A,Maken MK410,,POS,Audit 2026 device/Data store/Audit/VN07.xlsx#VN07!row=7
M-B29FF9149B,Desktop HP ProDesk 400 G7,,POS,Audit 2026 device/Data store/Audit/VN07.xlsx#VN07!row=9
M-AE84A6A42E,Bill Printer Epson TM-T82II,,BACKEND,Audit 2026 device/Data store/Audit/VN09.xlsx#VN09!row=3
M-297AAEDDEE,Pole Display Topcash AL-CD1,,POS,Audit 2026 device/Data store/Audit/VN09.xlsx#VN09!row=5
M-0CA0A612ED,Cash Drawer Poscom 410,,POS,Audit 2026 device/Data store/Audit/VN09.xlsx#VN09!row=6
M-C7CAB28BCE,A4 Printer HP 107w,,BACKEND,Audit 2026 device/Data store/Audit/VN09.xlsx#VN09!row=7
M-22550F4DD8,D-LINK DIR-619L,,NET,Audit 2026 device/Data store/Audit/VN10.xlsx#VN10!row=13
M-A6DBC89538,Cash Drawer MAXCODE M330E,,POS,Audit 2026 device/Data store/Audit/VN16.xlsx#VN16!row=5
M-0887F2B944,Tablet samsung GALAXY S6 LITE,,BACKEND,Audit 2026 device/Data store/Audit/VN16.xlsx#VN16!row=14
M-60E643082A,Laptop HP Dell Latitude 3520,,POS,Audit 2026 device/Data store/Audit/VN19.xlsx#VN19!row=2
M-073F9D652C,Mouse Logitech M185,,POS,Audit 2026 device/Data store/Audit/VN19.xlsx#VN19!row=4
M-8310CF902C,Monitor HP LCD V20,,POS,Audit 2026 device/Data store/Audit/VN27.xlsx#VN27!row=6 | Audit 2026 device/Data store/Audit/VN27.xlsx#VN27!row=7 | Audit 2026 device/Data store/Audit/VN27.xlsx#VN27!row=8
M-7AF6A90B32,Other Vesa Mount Kit,,BACKEND,Audit 2026 device/Data store/Audit/VN27.xlsx#VN27!row=17
M-5E60FE5741,USB Hub,,BACKEND,Audit 2026 device/Data store/Audit/VN27.xlsx#VN27!row=20
M-E99DB67D2E,Other KVM,,BACKEND,Audit 2026 device/Data store/Audit/VN27.xlsx#VN27!row=21
M-AE63DDDB13,Other SANTAK UPS 1500VA SANTAK 900W 10AH WITH USB PORT MORNITOR,,BACKEND,Audit 2026 device/Data store/Audit/VN27.xlsx#VN27!row=22
M-AA89C89C97,Other Lioa Power supply (Square),,BACKEND,Audit 2026 device/Data store/Audit/VN27.xlsx#VN27!row=23
M-30E0E46CD9,Samsung Tab S6,,BACKEND,Audit 2026 device/Data store/Audit/VN27.xlsx#VN27!row=24
M-1C06C2D0F6,Sim 4G Mobifone,,BACKEND,Audit 2026 device/Data store/Audit/VN27.xlsx#VN27!row=26
M-0B9186A30B,Fortigate FG-40F,,NET,Audit 2026 device/Data store/Audit/VN27.xlsx#VN27!row=28
M-20353C3C23,Samsung Galaxy Tab S6 Lite 4GB 64GB,,BACKEND,Audit 2026 device/Data store/Audit/VN28.xlsx#VN28!row=15
M-E8BEF52F7F,Desktop HP Elite Mini 600 G9,,POS,Audit 2026 device/Data store/Audit/VO02.xlsx#VO02!row=2 | Audit 2026 device/Data store/Audit/VO02.xlsx#VO02!row=3 | Audit 2026 device/Data store/Audit/VO02.xlsx#VO02!row=4 | Audit 2026 device/Data store/Audit/VO02.xlsx#VO02!row=5 | Audit 2026 device/Data store/Audit/VO02.xlsx#VO02!row=6
M-D3D6AF164C,Pole Display HP Engage 2 x 20 Pole Display (5RD97AA),,POS,Audit 2026 device/Data store/Audit/VO02.xlsx#VO02!row=15 | Audit 2026 device/Data store/Audit/VO02.xlsx#VO02!row=16 | Audit 2026 device/Data store/Audit/VO02.xlsx#VO02!row=17
M-335C060551,Scanner Zebra Wireless DS2278,,POS,Audit 2026 device/Data store/Audit/VO02.xlsx#VO02!row=18 | Audit 2026 device/Data store/Audit/VO02.xlsx#VO02!row=19 | Audit 2026 device/Data store/Audit/VO02.xlsx#VO02!row=20
M-BA47E0BAA2,"Bill Printer Star Thermal Star printer MCP31L, USB",,BACKEND,Audit 2026 device/Data store/Audit/VO02.xlsx#VO02!row=21 | Audit 2026 device/Data store/Audit/VO02.xlsx#VO02!row=22 | Audit 2026 device/Data store/Audit/VO02.xlsx#VO02!row=23
M-3C08DDFD35,PDT Zebra TC21 / TC26BK-11A222-A6,,PDT,Audit 2026 device/Data store/Audit/VO02.xlsx#VO02!row=25 | Audit 2026 device/Data store/Audit/VO02.xlsx#VO02!row=26 | Audit 2026 device/Data store/Audit/VO02.xlsx#VO02!row=27 | Audit 2026 device/Data store/Audit/VO02.xlsx#VO02!row=28 | Audit 2026 device/Data store/Audit/VO02.xlsx#VO02!row=29 | Audit 2026 device/Data store/Audit/VO02.xlsx#VO02!row=30 | Audit 2026 device/Data store/Audit/VO02.xlsx#VO02!row=31 | Audit 2026 device/Data store/Audit/VO02.xlsx#VO02!row=32 | Audit 2026 device/Data store/Audit/VO02.xlsx#VO02!row=33 | Audit 2026 device/Data store/Audit/VO02.xlsx#VO02!row=34 | Audit 2026 device/Data store/Audit/VO02.xlsx#VO02!row=35 | Audit 2026 device/Data store/Audit/VO02.xlsx#VO02!row=36 | Audit 2026 device/Data store/Audit/VO02.xlsx#VO02!row=37 | Audit 2026 device/Data store/Audit/VO02.xlsx#VO02!row=38 | Audit 2026 device/Data store/Audit/VO02.xlsx#VO02!row=39 | Audit 2026 device/Data store/Audit/VO02.xlsx#VO02!row=40 | Audit 2026 device/Data store/Audit/VO02.xlsx#VO02!row=41
M-6891C15DDA,Fortigate-60F,,NET,Audit 2026 device/Data store/Audit/VO02.xlsx#VO02!row=48
M-CBF737F7F9,UniFi UAP nanoHD,,NET,Audit 2026 device/Data store/Audit/VO02.xlsx#VO02!row=49 | Audit 2026 device/Data store/Audit/VO02.xlsx#VO02!row=50 | Audit 2026 device/Data store/Audit/VO02.xlsx#VO02!row=51 | Audit 2026 device/Data store/Audit/VO02.xlsx#VO02!row=52 | Audit 2026 device/Data store/Audit/VO02.xlsx#VO02!row=53 | Audit 2026 device/Data store/Audit/VO02.xlsx#VO02!row=54
M-F44241FD3D,HP Pavilion TP01-3006d,,POS,Audit 2026 device/Data store/Audit/VO02.xlsx#VO02!row=55
M-D37236BBCC,Ubiquiti UniFi Switch 24 PoE,,NET,Audit 2026 device/Data store/Audit/VO02.xlsx#VO02!row=56
M-D11D44612D,Monitor HP V22,,POS,Audit 2026 device/Data store/Audit/VO04.xlsx#VO04 FOOT LOCKER AEON THANH KHE!row=19
M-1D8A84D7AB,Poscom 410,,POS,Audit 2026 device/Data store/Audit/VO04.xlsx#VO04 FOOT LOCKER AEON THANH KHE!row=22 | Audit 2026 device/Data store/Audit/VO04.xlsx#VO04 FOOT LOCKER AEON THANH KHE!row=23
M-46D9BE5CAB,HP Laserjet pro M15w,,BACKEND,Audit 2026 device/Data store/Audit/VO04.xlsx#VO04 FOOT LOCKER AEON THANH KHE!row=30
M-6E35E2A2FB,Zebra DS2208-SR (wired),,POS,Audit 2026 device/Data store/Audit/VO04.xlsx#VO04 FOOT LOCKER AEON THANH KHE!row=34
M-9963F9363E,Fortigate FG60 (Installation + Configuration),,OFF,Asset management/Warehouse/Asset_List_DSV.xlsx#Asset List!row=2
M-80E90DA3D3,Access Point with POE Injector,,NET,Asset management/Warehouse/Asset_List_DSV.xlsx#Asset List!row=3
M-3E2E652FF9,"Laptop (corporate model: Lenovo Thinkpad, HP Elitebook, Dell Latitude). With Ethernet Port.",,LAP,Asset management/Warehouse/Asset_List_DSV.xlsx#Asset List!row=4
M-DFD40B5F47,"PC (corporate model: Lenovo, HP Elitedesk, Dell). MiniPC form factor will be better",,OFF,Asset management/Warehouse/Asset_List_DSV.xlsx#Asset List!row=5
M-B33CC8C711,LCD: HP,,MON,Asset management/Warehouse/Asset_List_DSV.xlsx#Asset List!row=6
M-A3D0CCAE06,Label / Barcode Printer,,BACKEND,Asset management/Warehouse/Asset_List_DSV.xlsx#Asset List!row=7
M-4B1AEFB016,Label Printer (for Ecommerce),,BACKEND,Asset management/Warehouse/Asset_List_DSV.xlsx#Asset List!row=8
M-A0D808F0C6,Laser Printer,,BACKEND,Asset management/Warehouse/Asset_List_DSV.xlsx#Asset List!row=9
M-883D9E494D,RF Gun,,POS,Asset management/Warehouse/Asset_List_DSV.xlsx#Asset List!row=10
M-4972931B8C,RF Gun Battery Cradle,,POS,Asset management/Warehouse/Asset_List_DSV.xlsx#Asset List!row=11
M-E0677AEDB5,Spare battery,,POS,Asset management/Warehouse/Asset_List_DSV.xlsx#Asset List!row=12
M-77C7A694A3,2D Barcode Scanner,,POS,Asset management/Warehouse/Asset_List_DSV.xlsx#Asset List!row=13 | Asset management/Warehouse/Asset_List_DSV.xlsx#Asset List!row=14
M-C6F150A0BE,DS2278 Wireless dock,,POS,Asset management/Warehouse/Asset_List_DSV.xlsx#Asset List!row=15
M-A89A0EA991,Tablet android 8inch with SIM Card (for Ecommerce),,BACKEND,Asset management/Warehouse/Asset_List_DSV.xlsx#Asset List!row=16
M-9F4805B0F2,Switch 24 port Layer 2 (Non POE - Access point need to have power injector),,NET,Asset management/Warehouse/Asset_List_DSV.xlsx#Asset List!row=17
M-F75741C446,UPS 1-3KVA for Network Rack,,NET,Asset management/Warehouse/Asset_List_DSV.xlsx#Asset List!row=18
M-34A98661A2,UPS for Rack,,NET,Asset management/Warehouse/Asset_List_DSV.xlsx#Asset List!row=19
M-F26334BA07,SFP,,NET,Asset management/Warehouse/Asset_List_DSV.xlsx#Asset List!row=20
M-168EC57DF8,Latitude 3450,,LAP,Asset management/Warehouse/Geodis device.xlsx#Sheet1!row=2 | Asset management/Warehouse/Geodis device.xlsx#Sheet1!row=3 | Asset management/Warehouse/Geodis device.xlsx#Sheet1!row=4
M-D951D9542A,HP Pro Tower 400 G9 PCI Desktop PC,,POS,Asset management/Warehouse/Geodis device.xlsx#Sheet1!row=5 | Asset management/Warehouse/Geodis device.xlsx#Sheet1!row=6 | Asset management/Warehouse/Geodis device.xlsx#Sheet1!row=7 | Asset management/Warehouse/Geodis device.xlsx#Sheet1!row=8
M-429DC84138,HP P204V,,OFF,Asset management/Warehouse/Geodis device.xlsx#Sheet1!row=9 | Asset management/Warehouse/Geodis device.xlsx#Sheet1!row=10 | Asset management/Warehouse/Geodis device.xlsx#Sheet1!row=11 | Asset management/Warehouse/Geodis device.xlsx#Sheet1!row=12
M-D0085ADEF2,Samsung Galaxy Tab S10 FE,,OFF,Asset management/Warehouse/Geodis device.xlsx#Sheet1!row=13 | Asset management/Warehouse/Geodis device.xlsx#Sheet1!row=14
M-6EE35F53FE,HPE Aruba Networking AP-535 (RW),,OFF,Asset management/Warehouse/Geodis device.xlsx#Sheet1!row=17
M-6078132E7D,Aruba 6100 48G CL4,,OFF,Asset management/Warehouse/Geodis device.xlsx#Sheet1!row=18
M-B3F6A98CD8,HPE Aruba Compatible,,OFF,Asset management/Warehouse/Geodis device.xlsx#Sheet1!row=19
M-A7BD4B792C,FortiGate-60F Firewall,,NET,Asset management/Warehouse/Geodis device.xlsx#Sheet1!row=20
M-74AC776591,Máy in Brother MFC-L5710DN,,OFF,Asset management/Warehouse/Geodis device.xlsx#Sheet1!row=21
M-11B08AAFD4,Zebra Scanner DS2278,,POS,Asset management/Warehouse/Geodis device.xlsx#Sheet1!row=22
M-975C88D18C,Zebra Mobile Computer TC22,,OFF,Asset management/Warehouse/Geodis device.xlsx#Sheet1!row=23
M-8ECE13BB5E,Zebra TC26BK,,OFF,Asset management/Warehouse/Geodis device.xlsx#Sheet1!row=24
M-85D244254C,Zebra-Dock PDT,,PDT,Asset management/Warehouse/Geodis device.xlsx#Sheet1!row=25
M-44C7529FFF,ProDesk 400 G3 Mini,HP,OFF,Asset management/Transititons/IT tool.xlsx#Mini PC status!row=2 | Asset management/Transititons/IT tool.xlsx#Mini PC status!row=3 | Asset management/Transititons/IT tool.xlsx#Mini PC status!row=4 | Asset management/Transititons/IT tool.xlsx#Mini PC status!row=5 | Asset management/Transititons/IT tool.xlsx#Mini PC status!row=6
M-62D3E3EFFC,Optiplex 3090,Dell,OFF,Asset management/Transititons/IT tool.xlsx#Mini PC status!row=7
M-D52F39A889,Unspecified equipment,,OFF,Asset management/Transititons/IT tool.xlsx#Mini PC status!row=8 | Asset management/Transititons/IT tool.xlsx#Mini PC status!row=9 | Asset management/Transititons/IT tool.xlsx#Mini PC status!row=10
M-A9DA49935A,Laptop Dell Inspiron 3505,,LAP,Data clear/05_Broken_and_Transfers_Cleaned.xlsx#Office_Broken!row=6 | Data clear/05_Broken_and_Transfers_Cleaned.xlsx#Office_Broken!row=7
M-C0CF398D50,HP Elitebook 840 G4,,LAP,Data clear/05_Broken_and_Transfers_Cleaned.xlsx#Office_Broken!row=12
M-C0B9C76E47,Lenovo ThinkPad,,LAP,Data clear/05_Broken_and_Transfers_Cleaned.xlsx#Office_Broken!row=13
M-5F28F33951,Dell Vostro 14-5480,,OFF,Data clear/05_Broken_and_Transfers_Cleaned.xlsx#Office_Broken!row=14
M-B12C0E2C0E,HP Paviloin,,OFF,Data clear/05_Broken_and_Transfers_Cleaned.xlsx#Office_Broken!row=15
M-68985C1D2B,HP ProBook G2,,LAP,Data clear/05_Broken_and_Transfers_Cleaned.xlsx#Office_Broken!row=16
M-AA1792653C,Epson TM-82II,,PRN,Data clear/05_Broken_and_Transfers_Cleaned.xlsx#Transfer_Map_Fashion!row=6 | Data clear/05_Broken_and_Transfers_Cleaned.xlsx#Transfer_Map_Fashion!row=7 | Data clear/05_Broken_and_Transfers_Cleaned.xlsx#Transfer_Map_Fashion!row=8
M-EAD4E9D2A0,Datalogic QW2100,,OFF,Data clear/05_Broken_and_Transfers_Cleaned.xlsx#Transfer_Map_Fashion!row=9 | Data clear/05_Broken_and_Transfers_Cleaned.xlsx#Transfer_Map_Fashion!row=10 | Data clear/05_Broken_and_Transfers_Cleaned.xlsx#Transfer_Map_Fashion!row=11
