issue_id,severity,issue_type,message,source_ref,entity_type,entity_key,employee_id,holder_name,store_code,quantity,serial_count
ISSUE-00001,REVIEW,MISSING_STORE_MASTER,Store VN22 has no reliable store name/master row,Audit 2026 device/Data store/Firewall Serial Number.xlsx#Sheet1!row=25,location,VN22,,,,,
ISSUE-00002,REVIEW,MISSING_STORE_MASTER,Store VA19 has no reliable store name/master row,Audit 2026 device/Data store/Firewall Serial Number.xlsx#Sheet1!row=28 | Audit 2026 device/Data store/Audit/VA19.xlsx | Asset management/Store/Details/VA19.xlsx | Asset management/Store/Dashboard.xlsx#All Stores!row=244 | Asset management/Store/Dashboard.xlsx#All Stores!row=245 | Asset management/Store/Dashboard.xlsx#All Stores!row=246 | Asset management/Store/Dashboard.xlsx#All Stores!row=247 | Asset management/Store/Dashboard.xlsx#All Stores!row=248 | Asset management/Store/Dashboard.xlsx#All Stores!row=249 | Asset management/Store/Dashboard.xlsx#All Stores!row=250 | Asset management/Store/Dashboard.xlsx#All Stores!row=251 | Asset management/Store/Dashboard.xlsx#All Stores!row=252 | Asset management/Store/Dashboard.xlsx#All Stores!row=253 | Asset management/Store/Dashboard.xlsx#All Stores!row=254 | Asset management/Store/Dashboard.xlsx#All Stores!row=255 | Asset management/Store/Dashboard.xlsx#All Stores!row=256 | Asset management/Store/Dashboard.xlsx#All Stores!row=257 | Asset management/Store/Dashboard.xlsx#All Stores!row=258 | Asset management/Store/Dashboard.xlsx#All Stores!row=259 | Asset management/Store/Dashboard.xlsx#All Stores!row=260,location,VA19,,,,,
ISSUE-00003,REVIEW,MISSING_STORE_MASTER,Store VN28 has no reliable store name/master row,Audit 2026 device/Data store/Firewall Serial Number.xlsx#Sheet1!row=29 | Audit 2026 device/Data store/Audit/VN28.xlsx | Asset management/Store/Details/VN28.xlsx | Asset management/Store/Dashboard.xlsx#All Stores!row=418 | Asset management/Store/Dashboard.xlsx#All Stores!row=419 | Asset management/Store/Dashboard.xlsx#All Stores!row=420 | Asset management/Store/Dashboard.xlsx#All Stores!row=421 | Asset management/Store/Dashboard.xlsx#All Stores!row=422 | Asset management/Store/Dashboard.xlsx#All Stores!row=423 | Asset management/Store/Dashboard.xlsx#All Stores!row=424 | Asset management/Store/Dashboard.xlsx#All Stores!row=425 | Asset management/Store/Dashboard.xlsx#All Stores!row=426 | Asset management/Store/Dashboard.xlsx#All Stores!row=427 | Asset management/Store/Dashboard.xlsx#All Stores!row=428 | Asset management/Store/Dashboard.xlsx#All Stores!row=429 | Asset management/Store/Dashboard.xlsx#All Stores!row=430 | Asset management/Store/Dashboard.xlsx#All Stores!row=431 | Asset management/Store/Dashboard.xlsx#All Stores!row=432 | Asset management/Store/Dashboard.xlsx#All Stores!row=433 | Asset management/Store/Dashboard.xlsx#All Stores!row=434,location,VN28,,,,,
ISSUE-00004,REVIEW,MISSING_STORE_MASTER,Store VH01 has no reliable store name/master row,Audit 2026 device/Data store/Firewall Serial Number.xlsx#Sheet1!row=30 | Audit 2026 device/Data store/Audit/VH01.xlsx | Asset management/Store/Details/VH01.xlsx | Asset management/Store/Dashboard.xlsx#All Stores!row=291 | Asset management/Store/Dashboard.xlsx#All Stores!row=292 | Asset management/Store/Dashboard.xlsx#All Stores!row=293 | Asset management/Store/Dashboard.xlsx#All Stores!row=294 | Asset management/Store/Dashboard.xlsx#All Stores!row=295 | Asset management/Store/Dashboard.xlsx#All Stores!row=296 | Asset management/Store/Dashboard.xlsx#All Stores!row=297 | Asset management/Store/Dashboard.xlsx#All Stores!row=298 | Asset management/Store/Dashboard.xlsx#All Stores!row=299 | Asset management/Store/Dashboard.xlsx#All Stores!row=300 | Asset management/Store/Dashboard.xlsx#All Stores!row=301 | Asset management/Store/Dashboard.xlsx#All Stores!row=302 | Asset management/Store/Dashboard.xlsx#All Stores!row=303 | Asset management/Store/Dashboard.xlsx#All Stores!row=304 | Asset management/Store/Dashboard.xlsx#All Stores!row=305,location,VH01,,,,,
ISSUE-00005,REVIEW,MISSING_STORE_MASTER,Store VO03 has no reliable store name/master row,Audit 2026 device/Data store/Firewall Serial Number.xlsx#Sheet1!row=31,location,VO03,,,,,
ISSUE-00006,REVIEW,MISSING_STORE_MASTER,Store A001 has no reliable store name/master row,Audit 2026 device/Data store/Firewall Serial Number.xlsx#Sheet1!row=32 | Audit 2026 device/Data store/Audit/A001.xlsx | Asset management/Store/Details/A001.xlsx | Asset management/Store/Dashboard.xlsx#All Stores!row=2 | Asset management/Store/Dashboard.xlsx#All Stores!row=3 | Asset management/Store/Dashboard.xlsx#All Stores!row=4 | Asset management/Store/Dashboard.xlsx#All Stores!row=5 | Asset management/Store/Dashboard.xlsx#All Stores!row=6 | Asset management/Store/Dashboard.xlsx#All Stores!row=7 | Asset management/Store/Dashboard.xlsx#All Stores!row=8 | Asset management/Store/Dashboard.xlsx#All Stores!row=9 | Asset management/Store/Dashboard.xlsx#All Stores!row=10 | Asset management/Store/Dashboard.xlsx#All Stores!row=11 | Asset management/Store/Dashboard.xlsx#All Stores!row=12 | Asset management/Store/Dashboard.xlsx#All Stores!row=13 | Asset management/Store/Dashboard.xlsx#All Stores!row=14 | Asset management/Store/Dashboard.xlsx#All Stores!row=15 | Asset management/Store/Dashboard.xlsx#All Stores!row=16,location,A001,,,,,
ISSUE-00007,REVIEW,MISSING_STORE_MASTER,Store A002 has no reliable store name/master row,Audit 2026 device/Data store/Firewall Serial Number.xlsx#Sheet1!row=33 | Audit 2026 device/Data store/Audit/A002.xlsx | Asset management/Store/Details/A002.xlsx | Asset management/Store/Dashboard.xlsx#All Stores!row=17 | Asset management/Store/Dashboard.xlsx#All Stores!row=18 | Asset management/Store/Dashboard.xlsx#All Stores!row=19 | Asset management/Store/Dashboard.xlsx#All Stores!row=20 | Asset management/Store/Dashboard.xlsx#All Stores!row=21 | Asset management/Store/Dashboard.xlsx#All Stores!row=22 | Asset management/Store/Dashboard.xlsx#All Stores!row=23 | Asset management/Store/Dashboard.xlsx#All Stores!row=24 | Asset management/Store/Dashboard.xlsx#All Stores!row=25 | Asset management/Store/Dashboard.xlsx#All Stores!row=26 | Asset management/Store/Dashboard.xlsx#All Stores!row=27 | Asset management/Store/Dashboard.xlsx#All Stores!row=28 | Asset management/Store/Dashboard.xlsx#All Stores!row=29 | Asset management/Store/Dashboard.xlsx#All Stores!row=30,location,A002,,,,,
ISSUE-00008,REVIEW,MISSING_STORE_MASTER,Store A003 has no reliable store name/master row,Audit 2026 device/Data store/Audit/A003.xlsx | Asset management/Store/Details/A003.xlsx | Asset management/Store/Dashboard.xlsx#All Stores!row=547 | Asset management/Store/Dashboard.xlsx#All Stores!row=548 | Asset management/Store/Dashboard.xlsx#All Stores!row=549 | Asset management/Store/Dashboard.xlsx#All Stores!row=550 | Asset management/Store/Dashboard.xlsx#All Stores!row=551 | Asset management/Store/Dashboard.xlsx#All Stores!row=552 | Asset management/Store/Dashboard.xlsx#All Stores!row=553 | Asset management/Store/Dashboard.xlsx#All Stores!row=554 | Asset management/Store/Dashboard.xlsx#All Stores!row=555 | Asset management/Store/Dashboard.xlsx#All Stores!row=556 | Asset management/Store/Dashboard.xlsx#All Stores!row=557 | Asset management/Store/Dashboard.xlsx#All Stores!row=558 | Asset management/Store/Dashboard.xlsx#All Stores!row=559 | Asset management/Store/Dashboard.xlsx#All Stores!row=560 | Asset management/Store/Dashboard.xlsx#All Stores!row=561,location,A003,,,,,
ISSUE-00009,REVIEW,MISSING_STORE_MASTER,Store V003 has no reliable store name/master row,Audit 2026 device/Data store/Audit/V003.xlsx | Asset management/Store/Details/V003.xlsx | Asset management/Store/Dashboard.xlsx#All Stores!row=31 | Asset management/Store/Dashboard.xlsx#All Stores!row=32 | Asset management/Store/Dashboard.xlsx#All Stores!row=33 | Asset management/Store/Dashboard.xlsx#All Stores!row=34 | Asset management/Store/Dashboard.xlsx#All Stores!row=35 | Asset management/Store/Dashboard.xlsx#All Stores!row=36 | Asset management/Store/Dashboard.xlsx#All Stores!row=37 | Asset management/Store/Dashboard.xlsx#All Stores!row=38 | Asset management/Store/Dashboard.xlsx#All Stores!row=39 | Asset management/Store/Dashboard.xlsx#All Stores!row=40 | Asset management/Store/Dashboard.xlsx#All Stores!row=41 | Asset management/Store/Dashboard.xlsx#All Stores!row=42 | Asset management/Store/Dashboard.xlsx#All Stores!row=43 | Asset management/Store/Dashboard.xlsx#All Stores!row=44 | Asset management/Store/Dashboard.xlsx#All Stores!row=45 | Asset management/Store/Dashboard.xlsx#All Stores!row=46 | Asset management/Store/Dashboard.xlsx#All Stores!row=47 | Asset management/Store/Dashboard.xlsx#All Stores!row=48 | Asset management/Store/Dashboard.xlsx#All Stores!row=49 | Asset management/Store/Dashboard.xlsx#All Stores!row=50 | Asset management/Store/Dashboard.xlsx#All Stores!row=51 | Asset management/Store/Dashboard.xlsx#All Stores!row=52,location,V003,,,,,
ISSUE-00010,REVIEW,MISSING_STORE_MASTER,Store VA18 has no reliable store name/master row,Audit 2026 device/Data store/Audit/VA18.xlsx | Asset management/Store/Details/VA18.xlsx | Asset management/Store/Dashboard.xlsx#All Stores!row=533 | Asset management/Store/Dashboard.xlsx#All Stores!row=534 | Asset management/Store/Dashboard.xlsx#All Stores!row=535 | Asset management/Store/Dashboard.xlsx#All Stores!row=536 | Asset management/Store/Dashboard.xlsx#All Stores!row=537 | Asset management/Store/Dashboard.xlsx#All Stores!row=538 | Asset management/Store/Dashboard.xlsx#All Stores!row=539 | Asset management/Store/Dashboard.xlsx#All Stores!row=540 | Asset management/Store/Dashboard.xlsx#All Stores!row=541 | Asset management/Store/Dashboard.xlsx#All Stores!row=542 | Asset management/Store/Dashboard.xlsx#All Stores!row=543 | Asset management/Store/Dashboard.xlsx#All Stores!row=544 | Asset management/Store/Dashboard.xlsx#All Stores!row=545 | Asset management/Store/Dashboard.xlsx#All Stores!row=546,location,VA18,,,,,
ISSUE-00011,REVIEW,MISSING_STORE_MASTER,Store VA24 has no reliable store name/master row,Audit 2026 device/Data store/Audit/VA24.xlsx | Asset management/Store/Details/VA24.xlsx | Asset management/Store/Dashboard.xlsx#All Stores!row=514 | Asset management/Store/Dashboard.xlsx#All Stores!row=515 | Asset management/Store/Dashboard.xlsx#All Stores!row=516 | Asset management/Store/Dashboard.xlsx#All Stores!row=517 | Asset management/Store/Dashboard.xlsx#All Stores!row=518 | Asset management/Store/Dashboard.xlsx#All Stores!row=519 | Asset management/Store/Dashboard.xlsx#All Stores!row=520 | Asset management/Store/Dashboard.xlsx#All Stores!row=521 | Asset management/Store/Dashboard.xlsx#All Stores!row=522 | Asset management/Store/Dashboard.xlsx#All Stores!row=523 | Asset management/Store/Dashboard.xlsx#All Stores!row=524 | Asset management/Store/Dashboard.xlsx#All Stores!row=525 | Asset management/Store/Dashboard.xlsx#All Stores!row=526 | Asset management/Store/Dashboard.xlsx#All Stores!row=527 | Asset management/Store/Dashboard.xlsx#All Stores!row=528 | Asset management/Store/Dashboard.xlsx#All Stores!row=529 | Asset management/Store/Dashboard.xlsx#All Stores!row=530 | Asset management/Store/Dashboard.xlsx#All Stores!row=531 | Asset management/Store/Dashboard.xlsx#All Stores!row=532,location,VA24,,,,,
ISSUE-00012,REVIEW,MISSING_STORE_MASTER,Store VH03 has no reliable store name/master row,Audit 2026 device/Data store/Audit/VH03.xlsx | Asset management/Store/Details/VH03.xlsx | Asset management/Store/Dashboard.xlsx#All Stores!row=492 | Asset management/Store/Dashboard.xlsx#All Stores!row=493 | Asset management/Store/Dashboard.xlsx#All Stores!row=494 | Asset management/Store/Dashboard.xlsx#All Stores!row=495 | Asset management/Store/Dashboard.xlsx#All Stores!row=496 | Asset management/Store/Dashboard.xlsx#All Stores!row=497 | Asset management/Store/Dashboard.xlsx#All Stores!row=498 | Asset management/Store/Dashboard.xlsx#All Stores!row=499 | Asset management/Store/Dashboard.xlsx#All Stores!row=500 | Asset management/Store/Dashboard.xlsx#All Stores!row=501 | Asset management/Store/Dashboard.xlsx#All Stores!row=502 | Asset management/Store/Dashboard.xlsx#All Stores!row=503 | Asset management/Store/Dashboard.xlsx#All Stores!row=504 | Asset management/Store/Dashboard.xlsx#All Stores!row=505 | Asset management/Store/Dashboard.xlsx#All Stores!row=506 | Asset management/Store/Dashboard.xlsx#All Stores!row=507 | Asset management/Store/Dashboard.xlsx#All Stores!row=508 | Asset management/Store/Dashboard.xlsx#All Stores!row=509 | Asset management/Store/Dashboard.xlsx#All Stores!row=510 | Asset management/Store/Dashboard.xlsx#All Stores!row=511 | Asset management/Store/Dashboard.xlsx#All Stores!row=512 | Asset management/Store/Dashboard.xlsx#All Stores!row=513,location,VH03,,,,,
ISSUE-00013,REVIEW,MISSING_STORE_MASTER,Store VO04 has no reliable store name/master row,Audit 2026 device/Data store/Audit/VO04.xlsx | Asset management/Store/Details/VO04.xlsx | Asset management/Store/Dashboard.xlsx#All Stores!row=562 | Asset management/Store/Dashboard.xlsx#All Stores!row=563 | Asset management/Store/Dashboard.xlsx#All Stores!row=564 | Asset management/Store/Dashboard.xlsx#All Stores!row=565 | Asset management/Store/Dashboard.xlsx#All Stores!row=566 | Asset management/Store/Dashboard.xlsx#All Stores!row=567 | Asset management/Store/Dashboard.xlsx#All Stores!row=568 | Asset management/Store/Dashboard.xlsx#All Stores!row=569 | Asset management/Store/Dashboard.xlsx#All Stores!row=570 | Asset management/Store/Dashboard.xlsx#All Stores!row=571 | Asset management/Store/Dashboard.xlsx#All Stores!row=572 | Asset management/Store/Dashboard.xlsx#All Stores!row=573 | Asset management/Store/Dashboard.xlsx#All Stores!row=574 | Asset management/Store/Dashboard.xlsx#All Stores!row=575 | Asset management/Store/Dashboard.xlsx#All Stores!row=576 | Asset management/Store/Dashboard.xlsx#All Stores!row=577 | Asset management/Store/Dashboard.xlsx#All Stores!row=578 | Asset management/Store/Dashboard.xlsx#All Stores!row=579 | Asset management/Store/Dashboard.xlsx#All Stores!row=580 | Asset management/Store/Dashboard.xlsx#All Stores!row=581 | Asset management/Store/Dashboard.xlsx#All Stores!row=582 | Asset management/Store/Dashboard.xlsx#All Stores!row=583 | Asset management/Store/Dashboard.xlsx#All Stores!row=584 | Asset management/Store/Dashboard.xlsx#All Stores!row=585 | Asset management/Store/Dashboard.xlsx#All Stores!row=586 | Asset management/Store/Dashboard.xlsx#All Stores!row=587 | Asset management/Store/Dashboard.xlsx#All Stores!row=588 | Asset management/Store/Dashboard.xlsx#All Stores!row=589 | Asset management/Store/Dashboard.xlsx#All Stores!row=590 | Asset management/Store/Dashboard.xlsx#All Stores!row=591 | Asset management/Store/Dashboard.xlsx#All Stores!row=592 | Asset management/Store/Dashboard.xlsx#All Stores!row=593 | Asset management/Store/Dashboard.xlsx#All Stores!row=594,location,VO04,,,,,
ISSUE-00014,REVIEW,MISSING_STORE_MASTER,Store VO05 has no reliable store name/master row,Audit 2026 device/Data store/Audit/VO05.xlsx | Asset management/Store/Details/VO05.xlsx | Asset management/Store/Dashboard.xlsx#All Stores!row=595 | Asset management/Store/Dashboard.xlsx#All Stores!row=596 | Asset management/Store/Dashboard.xlsx#All Stores!row=597 | Asset management/Store/Dashboard.xlsx#All Stores!row=598 | Asset management/Store/Dashboard.xlsx#All Stores!row=599 | Asset management/Store/Dashboard.xlsx#All Stores!row=600 | Asset management/Store/Dashboard.xlsx#All Stores!row=601 | Asset management/Store/Dashboard.xlsx#All Stores!row=602 | Asset management/Store/Dashboard.xlsx#All Stores!row=603 | Asset management/Store/Dashboard.xlsx#All Stores!row=604 | Asset management/Store/Dashboard.xlsx#All Stores!row=605 | Asset management/Store/Dashboard.xlsx#All Stores!row=606 | Asset management/Store/Dashboard.xlsx#All Stores!row=607 | Asset management/Store/Dashboard.xlsx#All Stores!row=608 | Asset management/Store/Dashboard.xlsx#All Stores!row=609 | Asset management/Store/Dashboard.xlsx#All Stores!row=610 | Asset management/Store/Dashboard.xlsx#All Stores!row=611 | Asset management/Store/Dashboard.xlsx#All Stores!row=612 | Asset management/Store/Dashboard.xlsx#All Stores!row=613 | Asset management/Store/Dashboard.xlsx#All Stores!row=614 | Asset management/Store/Dashboard.xlsx#All Stores!row=615 | Asset management/Store/Dashboard.xlsx#All Stores!row=616 | Asset management/Store/Dashboard.xlsx#All Stores!row=617 | Asset management/Store/Dashboard.xlsx#All Stores!row=618 | Asset management/Store/Dashboard.xlsx#All Stores!row=619 | Asset management/Store/Dashboard.xlsx#All Stores!row=620 | Asset management/Store/Dashboard.xlsx#All Stores!row=621 | Asset management/Store/Dashboard.xlsx#All Stores!row=622 | Asset management/Store/Dashboard.xlsx#All Stores!row=623 | Asset management/Store/Dashboard.xlsx#All Stores!row=624 | Asset management/Store/Dashboard.xlsx#All Stores!row=625 | Asset management/Store/Dashboard.xlsx#All Stores!row=626 | Asset management/Store/Dashboard.xlsx#All Stores!row=627 | Asset management/Store/Dashboard.xlsx#All Stores!row=628 | Asset management/Store/Dashboard.xlsx#All Stores!row=629 | Asset management/Store/Dashboard.xlsx#All Stores!row=630 | Asset management/Store/Dashboard.xlsx#All Stores!row=631 | Asset management/Store/Dashboard.xlsx#All Stores!row=632 | Asset management/Store/Dashboard.xlsx#All Stores!row=633,location,VO05,,,,,
ISSUE-00015,REVIEW,UNKNOWN_EMPLOYEE_REFERENCE,Office asset references Employee Id MAP-FASHION not in employee master,Asset management/Office/Office assets.xlsx#Sheet1!row=6,asset,22VN00000005,MAP-FASHION,,,,
ISSUE-00016,REVIEW,UNKNOWN_EMPLOYEE_REFERENCE,Office asset references Employee Id 26028928 not in employee master,Asset management/Office/Office assets.xlsx#Sheet1!row=8,asset,22VN00000007,26028928,Vu Anh Thu,,,
ISSUE-00017,REVIEW,UNKNOWN_EMPLOYEE_REFERENCE,Office asset references Employee Id MAP-FASHION not in employee master,Asset management/Office/Office assets.xlsx#Sheet1!row=11,asset,22VN00000010,MAP-FASHION,,,,
ISSUE-00018,REVIEW,UNKNOWN_EMPLOYEE_REFERENCE,Office asset references Employee Id MAP-FASHION not in employee master,Asset management/Office/Office assets.xlsx#Sheet1!row=18,asset,22VN00000017,MAP-FASHION,,,,
ISSUE-00019,REVIEW,UNKNOWN_EMPLOYEE_REFERENCE,Office asset references Employee Id MAP-FASHION not in employee master,Asset management/Office/Office assets.xlsx#Sheet1!row=20,asset,22VN00000019,MAP-FASHION,,,,
ISSUE-00020,REVIEW,UNKNOWN_EMPLOYEE_REFERENCE,Office asset references Employee Id VA04 not in employee master,Asset management/Office/Office assets.xlsx#Sheet1!row=43,asset,22VN00000043,VA04,,,,
ISSUE-00021,REVIEW,UNKNOWN_EMPLOYEE_REFERENCE,Office asset references Employee Id 25019544 not in employee master,Asset management/Office/Office assets.xlsx#Sheet1!row=45,asset,22VN00000045,25019544,Bui Ngoc Mai,,,
ISSUE-00022,REVIEW,UNKNOWN_EMPLOYEE_REFERENCE,Office asset references Employee Id 26028928 not in employee master,Audit 2026 device/Office assets.xlsx#Asset!row=6,asset,22VN00000007,26028928,Vu Anh Thu,,,
ISSUE-00023,REVIEW,UNKNOWN_EMPLOYEE_REFERENCE,Office asset references Employee Id 24011698 not in employee master,Audit 2026 device/Office assets.xlsx#Asset!row=10,asset,22VN00000011,24011698,Nguyen Bao Ngoc,,,
ISSUE-00024,REVIEW,UNKNOWN_EMPLOYEE_REFERENCE,Office asset references Employee Id 25019544 not in employee master,Audit 2026 device/Office assets.xlsx#Asset!row=43,asset,22VN00000045,25019544,Bui Ngoc Mai,,,
ISSUE-00025,REVIEW,ASSET_KEY_CONFLICT,Asset key AID:22VN00000047 received two serial numbers,Audit 2026 device/Office assets.xlsx#Asset!row=46,asset,AID:22VN00000047,,,,,
ISSUE-00026,REVIEW,UNKNOWN_EMPLOYEE_REFERENCE,Office asset references Employee Id 23026889 not in employee master,Audit 2026 device/Office assets.xlsx#Asset!row=64,asset,22VN00000067,23026889,Le Ngoc Bao Minh,,,
ISSUE-00027,REVIEW,UNKNOWN_EMPLOYEE_REFERENCE,Office asset references Employee Id 26028050 not in employee master,Audit 2026 device/Office assets.xlsx#Asset!row=71,asset,22VN00000074,26028050,Nguyen Thanh Hai,,,
ISSUE-00028,REVIEW,DUPLICATE_SERIAL_CROSS_LOCATION,Same physical key observed at VA04 and HCM,Audit 2026 device/Office assets.xlsx#Asset!row=102,asset,AID:22VN00000029,,,,,
ISSUE-00029,REVIEW,MISSING_SERIAL_UNIT,Unit 1/1 has no serial number,Audit 2026 device/Data store/Audit/A001.xlsx#A001!row=3,asset,STORE:A001:3:1,,,A001,1,
ISSUE-00030,REVIEW,MISSING_SERIAL_UNIT,Unit 1/1 has no serial number,Audit 2026 device/Data store/Audit/A001.xlsx#A001!row=4,asset,STORE:A001:4:1,,,A001,1,
ISSUE-00031,REVIEW,MISSING_SERIAL_UNIT,Unit 1/1 has no serial number,Audit 2026 device/Data store/Audit/A003.xlsx#A003 ASICS GOLD COAST!row=3,asset,STORE:A003:3:1,,,A003,1,
ISSUE-00032,REVIEW,MISSING_SERIAL_UNIT,Unit 1/1 has no serial number,Audit 2026 device/Data store/Audit/A003.xlsx#A003 ASICS GOLD COAST!row=4,asset,STORE:A003:4:1,,,A003,1,
ISSUE-00033,REVIEW,MISSING_SERIAL_UNIT,Unit 2/2 has no serial number,Audit 2026 device/Data store/Audit/V003.xlsx#V003!row=2,asset,STORE:V003:2:2,,,V003,2,
ISSUE-00034,REVIEW,MISSING_SERIAL_UNIT,Unit 2/3 has no serial number,Audit 2026 device/Data store/Audit/V003.xlsx#V003!row=5,asset,STORE:V003:5:2,,,V003,3,
ISSUE-00035,REVIEW,MISSING_SERIAL_UNIT,Unit 3/3 has no serial number,Audit 2026 device/Data store/Audit/V003.xlsx#V003!row=5,asset,STORE:V003:5:3,,,V003,3,
ISSUE-00036,REVIEW,MISSING_SERIAL_UNIT,Unit 1/1 has no serial number,Audit 2026 device/Data store/Audit/V003.xlsx#V003!row=6,asset,STORE:V003:6:1,,,V003,1,
ISSUE-00037,REVIEW,MISSING_SERIAL_UNIT,Unit 2/5 has no serial number,Audit 2026 device/Data store/Audit/V003.xlsx#V003!row=7,asset,STORE:V003:7:2,,,V003,5,
ISSUE-00038,REVIEW,MISSING_SERIAL_UNIT,Unit 3/5 has no serial number,Audit 2026 device/Data store/Audit/V003.xlsx#V003!row=7,asset,STORE:V003:7:3,,,V003,5,
ISSUE-00039,REVIEW,MISSING_SERIAL_UNIT,Unit 4/5 has no serial number,Audit 2026 device/Data store/Audit/V003.xlsx#V003!row=7,asset,STORE:V003:7:4,,,V003,5,
ISSUE-00040,REVIEW,MISSING_SERIAL_UNIT,Unit 5/5 has no serial number,Audit 2026 device/Data store/Audit/V003.xlsx#V003!row=7,asset,STORE:V003:7:5,,,V003,5,
ISSUE-00041,REVIEW,MISSING_SERIAL_UNIT,Unit 2/2 has no serial number,Audit 2026 device/Data store/Audit/V003.xlsx#V003!row=8,asset,STORE:V003:8:2,,,V003,2,
ISSUE-00042,REVIEW,MISSING_SERIAL_UNIT,Unit 2/3 has no serial number,Audit 2026 device/Data store/Audit/V003.xlsx#V003!row=12,asset,STORE:V003:12:2,,,V003,3,
ISSUE-00043,REVIEW,MISSING_SERIAL_UNIT,Unit 3/3 has no serial number,Audit 2026 device/Data store/Audit/V003.xlsx#V003!row=12,asset,STORE:V003:12:3,,,V003,3,
ISSUE-00044,REVIEW,MISSING_SERIAL_UNIT,Unit 1/3 has no serial number,Audit 2026 device/Data store/Audit/V003.xlsx#V003!row=13,asset,STORE:V003:13:1,,,V003,3,
ISSUE-00045,REVIEW,MISSING_SERIAL_UNIT,Unit 2/3 has no serial number,Audit 2026 device/Data store/Audit/V003.xlsx#V003!row=13,asset,STORE:V003:13:2,,,V003,3,
ISSUE-00046,REVIEW,MISSING_SERIAL_UNIT,Unit 3/3 has no serial number,Audit 2026 device/Data store/Audit/V003.xlsx#V003!row=13,asset,STORE:V003:13:3,,,V003,3,
ISSUE-00047,REVIEW,MISSING_SERIAL_UNIT,Unit 1/3 has no serial number,Audit 2026 device/Data store/Audit/V003.xlsx#V003!row=14,asset,STORE:V003:14:1,,,V003,3,
ISSUE-00048,REVIEW,MISSING_SERIAL_UNIT,Unit 2/3 has no serial number,Audit 2026 device/Data store/Audit/V003.xlsx#V003!row=14,asset,STORE:V003:14:2,,,V003,3,
ISSUE-00049,REVIEW,MISSING_SERIAL_UNIT,Unit 3/3 has no serial number,Audit 2026 device/Data store/Audit/V003.xlsx#V003!row=14,asset,STORE:V003:14:3,,,V003,3,
ISSUE-00050,REVIEW,MISSING_SERIAL_UNIT,Unit 2/2 has no serial number,Audit 2026 device/Data store/Audit/V003.xlsx#V003!row=15,asset,STORE:V003:15:2,,,V003,2,
ISSUE-00051,REVIEW,MISSING_SERIAL_UNIT,Unit 2/2 has no serial number,Audit 2026 device/Data store/Audit/V003.xlsx#V003!row=16,asset,STORE:V003:16:2,,,V003,2,
ISSUE-00052,REVIEW,MISSING_SERIAL_UNIT,Unit 2/2 has no serial number,Audit 2026 device/Data store/Audit/V003.xlsx#V003!row=17,asset,STORE:V003:17:2,,,V003,2,
ISSUE-00053,REVIEW,MISSING_SERIAL_UNIT,Unit 2/2 has no serial number,Audit 2026 device/Data store/Audit/V003.xlsx#V003!row=18,asset,STORE:V003:18:2,,,V003,2,
ISSUE-00054,REVIEW,DUPLICATE_SOURCE_SHEET_ROW,Same inventory row repeated in another sheet of the workbook,Audit 2026 device/Data store/Audit/VA01.xlsx#Sheet1!row=3,source,,,,,,
ISSUE-00055,REVIEW,DUPLICATE_SOURCE_SHEET_ROW,Same inventory row repeated in another sheet of the workbook,Audit 2026 device/Data store/Audit/VA01.xlsx#Sheet1!row=4,source,,,,,,
ISSUE-00056,REVIEW,DUPLICATE_SOURCE_SHEET_ROW,Same inventory row repeated in another sheet of the workbook,Audit 2026 device/Data store/Audit/VA01.xlsx#Sheet1!row=8,source,,,,,,
ISSUE-00057,REVIEW,DUPLICATE_SOURCE_SHEET_ROW,Same inventory row repeated in another sheet of the workbook,Audit 2026 device/Data store/Audit/VA01.xlsx#Sheet1!row=15,source,,,,,,
ISSUE-00058,REVIEW,MISSING_SERIAL_UNIT,Unit 1/1 has no serial number,Audit 2026 device/Data store/Audit/VA01.xlsx#VA01!row=3,asset,STORE:VA01:3:1,,,VA01,1,
ISSUE-00059,REVIEW,MISSING_SERIAL_UNIT,Unit 1/1 has no serial number,Audit 2026 device/Data store/Audit/VA01.xlsx#VA01!row=4,asset,STORE:VA01:4:1,,,VA01,1,
ISSUE-00060,REVIEW,MISSING_SERIAL_UNIT,Unit 1/1 has no serial number,Audit 2026 device/Data store/Audit/VA01.xlsx#Sheet1!row=12,asset,STORE:VA01:12:1,,,VA01,1,
ISSUE-00061,REVIEW,MISSING_SERIAL_UNIT,Unit 1/1 has no serial number,Audit 2026 device/Data store/Audit/VA03.xlsx#VA03!row=3,asset,STORE:VA03:3:1,,,VA03,1,
ISSUE-00062,REVIEW,MISSING_SERIAL_UNIT,Unit 1/1 has no serial number,Audit 2026 device/Data store/Audit/VA03.xlsx#VA03!row=4,asset,STORE:VA03:4:1,,,VA03,1,
ISSUE-00063,REVIEW,MISSING_SERIAL_UNIT,Unit 1/1 has no serial number,Audit 2026 device/Data store/Audit/VA04.xlsx#VA04!row=3,asset,STORE:VA04:3:1,,,VA04,1,
ISSUE-00064,REVIEW,MISSING_SERIAL_UNIT,Unit 1/1 has no serial number,Audit 2026 device/Data store/Audit/VA04.xlsx#VA04!row=4,asset,STORE:VA04:4:1,,,VA04,1,
ISSUE-00065,REVIEW,MISSING_SERIAL_UNIT,Unit 1/1 has no serial number,Audit 2026 device/Data store/Audit/VA04.xlsx#VA04!row=7,asset,STORE:VA04:7:1,,,VA04,1,
ISSUE-00066,REVIEW,MISSING_SERIAL_UNIT,Unit 1/1 has no serial number,Audit 2026 device/Data store/Audit/VA05.xlsx#VA05!row=3,asset,STORE:VA05:3:1,,,VA05,1,
ISSUE-00067,REVIEW,MISSING_SERIAL_UNIT,Unit 1/1 has no serial number,Audit 2026 device/Data store/Audit/VA05.xlsx#VA05!row=4,asset,STORE:VA05:4:1,,,VA05,1,
ISSUE-00068,REVIEW,DUPLICATE_SERIAL_CROSS_LOCATION,Same physical key observed at VA01 and VA05,Audit 2026 device/Data store/Audit/VA05.xlsx#VA05!row=5,asset,SN:MK410221102375,,,,,
ISSUE-00069,REVIEW,DUPLICATE_SERIAL_CROSS_LOCATION,Same physical key observed at VA01 and VA05,Audit 2026 device/Data store/Audit/VA05.xlsx#VA05!row=6,asset,SN:D190928010059,,,,,
ISSUE-00070,REVIEW,DUPLICATE_SERIAL_CROSS_LOCATION,Same physical key observed at VA01 and VA05,Audit 2026 device/Data store/Audit/VA05.xlsx#VA05!row=7,asset,SN:G23C76633,,,,,
ISSUE-00071,REVIEW,DUPLICATE_SERIAL_CROSS_LOCATION,Same physical key observed at VA01 and VA05,Audit 2026 device/Data store/Audit/VA05.xlsx#VA05!row=8,asset,SN:3CQ23207GZ,,,,,
ISSUE-00072,REVIEW,DUPLICATE_SERIAL_CROSS_LOCATION,Same physical key observed at VA01 and VA05,Audit 2026 device/Data store/Audit/VA05.xlsx#VA05!row=9,asset,SN:X7B9027872,,,,,
ISSUE-00073,REVIEW,DUPLICATE_SERIAL_CROSS_LOCATION,Same physical key observed at VA01 and VA05,Audit 2026 device/Data store/Audit/VA05.xlsx#VA05!row=13,asset,SN:NMYA846446,,,,,
ISSUE-00074,REVIEW,MISSING_SERIAL_UNIT,Unit 1/1 has no serial number,Audit 2026 device/Data store/Audit/VA06.xlsx#VA06!row=3,asset,STORE:VA06:3:1,,,VA06,1,
ISSUE-00075,REVIEW,MISSING_SERIAL_UNIT,Unit 1/1 has no serial number,Audit 2026 device/Data store/Audit/VA08.xlsx#VA08!row=3,asset,STORE:VA08:3:1,,,VA08,1,
ISSUE-00076,REVIEW,MISSING_SERIAL_UNIT,Unit 1/1 has no serial number,Audit 2026 device/Data store/Audit/VA11.xlsx#VA11!row=8,asset,STORE:VA11:8:1,,,VA11,1,
ISSUE-00077,REVIEW,DUPLICATE_SOURCE_SHEET_ROW,Same inventory row repeated in another sheet of the workbook,Audit 2026 device/Data store/Audit/VA12.xlsx#VA12!row=11,source,,,,,,
ISSUE-00078,REVIEW,DUPLICATE_SOURCE_SHEET_ROW,Same inventory row repeated in another sheet of the workbook,Audit 2026 device/Data store/Audit/VA12.xlsx#VA12!row=12,source,,,,,,
ISSUE-00079,REVIEW,MISSING_SERIAL_UNIT,Unit 1/1 has no serial number,Audit 2026 device/Data store/Audit/VA12.xlsx#VA12!row=5,asset,STORE:VA12:5:1,,,VA12,1,
ISSUE-00080,REVIEW,MISSING_SERIAL_UNIT,Unit 1/1 has no serial number,Audit 2026 device/Data store/Audit/VA12.xlsx#VA12!row=6,asset,STORE:VA12:6:1,,,VA12,1,
ISSUE-00081,REVIEW,MISSING_SERIAL_UNIT,Unit 1/1 has no serial number,Audit 2026 device/Data store/Audit/VA12.xlsx#VA12!row=9,asset,STORE:VA12:9:1,,,VA12,1,
ISSUE-00082,REVIEW,MISSING_SERIAL_UNIT,Unit 1/1 has no serial number,Audit 2026 device/Data store/Audit/VA12.xlsx#VA12!row=14,asset,STORE:VA12:14:1,,,VA12,1,
ISSUE-00083,REVIEW,MISSING_SERIAL_UNIT,Unit 1/1 has no serial number,Audit 2026 device/Data store/Audit/VA12.xlsx#VA12!row=18,asset,STORE:VA12:18:1,,,VA12,1,
ISSUE-00084,REVIEW,MISSING_SERIAL_UNIT,Unit 1/1 has no serial number,Audit 2026 device/Data store/Audit/VA13.xlsx#VA13!row=6,asset,STORE:VA13:6:1,,,VA13,1,
ISSUE-00085,REVIEW,MISSING_SERIAL_UNIT,Unit 1/1 has no serial number,Audit 2026 device/Data store/Audit/VA13.xlsx#VA13!row=11,asset,STORE:VA13:11:1,,,VA13,1,
ISSUE-00086,REVIEW,MISSING_SERIAL_UNIT,Unit 1/1 has no serial number,Audit 2026 device/Data store/Audit/VA14.xlsx#VA14!row=4,asset,STORE:VA14:4:1,,,VA14,1,
ISSUE-00087,REVIEW,MISSING_SERIAL_UNIT,Unit 1/1 has no serial number,Audit 2026 device/Data store/Audit/VA14.xlsx#VA14!row=5,asset,STORE:VA14:5:1,,,VA14,1,
ISSUE-00088,REVIEW,DUPLICATE_SERIAL_CROSS_LOCATION,Same physical key observed at VA08 and VA14,Audit 2026 device/Data store/Audit/VA14.xlsx#VA14!row=11,asset,SN:G23C76615,,,,,
ISSUE-00089,REVIEW,DUPLICATE_SOURCE_SHEET_ROW,Same inventory row repeated in another sheet of the workbook,Audit 2026 device/Data store/Audit/VA15.xlsx#VA15!row=15,source,,,,,,
ISSUE-00090,REVIEW,MISSING_SERIAL_UNIT,Unit 1/1 has no serial number,Audit 2026 device/Data store/Audit/VA15.xlsx#VA15!row=10,asset,STORE:VA15:10:1,,,VA15,1,
ISSUE-00091,REVIEW,DUPLICATE_SERIAL_CROSS_LOCATION,Same physical key observed at VA12 and VA15,Audit 2026 device/Data store/Audit/VA15.xlsx#VA15!row=13,asset,SN:2534123052300531,,,,,
ISSUE-00092,REVIEW,DUPLICATE_SOURCE_SHEET_ROW,Same inventory row repeated in another sheet of the workbook,Audit 2026 device/Data store/Audit/VA16.xlsx#VA16!row=22,source,,,,,,
ISSUE-00093,REVIEW,DUPLICATE_SERIAL_CROSS_LOCATION,Same physical key observed at VA05 and VA16,Audit 2026 device/Data store/Audit/VA16.xlsx#VA16!row=4,asset,SN:DHC4LQ3,,,,,
ISSUE-00094,REVIEW,MISSING_SERIAL_UNIT,Unit 1/1 has no serial number,Audit 2026 device/Data store/Audit/VA16.xlsx#VA16!row=14,asset,STORE:VA16:14:1,,,VA16,1,
ISSUE-00095,REVIEW,MISSING_SERIAL_UNIT,Unit 1/1 has no serial number,Audit 2026 device/Data store/Audit/VA16.xlsx#VA16!row=20,asset,STORE:VA16:20:1,,,VA16,1,
ISSUE-00096,REVIEW,DUPLICATE_SERIAL_CROSS_LOCATION,Same physical key observed at VA11 and VA16,Audit 2026 device/Data store/Audit/VA16.xlsx#VA16!row=23,asset,SN:FGT40FTK24006198,,,,,
ISSUE-00097,REVIEW,MISSING_SERIAL_UNIT,Unit 1/1 has no serial number,Audit 2026 device/Data store/Audit/VA16.xlsx#VA16!row=32,asset,STORE:VA16:32:1,,,VA16,1,
ISSUE-00098,REVIEW,MISSING_SERIAL_UNIT,Unit 1/1 has no serial number,Audit 2026 device/Data store/Audit/VA18.xlsx#VA18 NEW BALANCE AEON HA DONG!row=3,asset,STORE:VA18:3:1,,,VA18,1,
ISSUE-00099,REVIEW,MISSING_SERIAL_UNIT,Unit 1/1 has no serial number,Audit 2026 device/Data store/Audit/VA18.xlsx#VA18 NEW BALANCE AEON HA DONG!row=4,asset,STORE:VA18:4:1,,,VA18,1,
ISSUE-00100,REVIEW,MISSING_SERIAL_UNIT,Unit 1/1 has no serial number,Audit 2026 device/Data store/Audit/VA19.xlsx#VA19!row=3,asset,STORE:VA19:3:1,,,VA19,1,
ISSUE-00101,REVIEW,MISSING_SERIAL_UNIT,Unit 1/1 has no serial number,Audit 2026 device/Data store/Audit/VA19.xlsx#VA19!row=4,asset,STORE:VA19:4:1,,,VA19,1,
ISSUE-00102,REVIEW,DUPLICATE_SERIAL_CROSS_LOCATION,Same physical key observed at VA01 and VA19,Audit 2026 device/Data store/Audit/VA19.xlsx#VA19!row=10,asset,SN:KWC29190Y1C,,,,,
ISSUE-00103,REVIEW,DUPLICATE_SERIAL_CROSS_LOCATION,Same physical key observed at VA01 and VA19,Audit 2026 device/Data store/Audit/VA19.xlsx#VA19!row=11,asset,SN:9C05D67658B6,,,,,
ISSUE-00104,REVIEW,MISSING_SERIAL_UNIT,Unit 1/1 has no serial number,Audit 2026 device/Data store/Audit/VA19.xlsx#VA19!row=12,asset,STORE:VA19:12:1,,,VA19,1,
ISSUE-00105,REVIEW,DUPLICATE_SERIAL_CROSS_LOCATION,Same physical key observed at VA01 and VA19,Audit 2026 device/Data store/Audit/VA19.xlsx#VA19!row=13,asset,SN:FGT40FTK24086985,,,,,
ISSUE-00106,REVIEW,DUPLICATE_SERIAL_CROSS_LOCATION,Same physical key observed at VA01 and VA19,Audit 2026 device/Data store/Audit/VA19.xlsx#VA19!row=16,asset,SN:I1623F0001,,,,,
ISSUE-00107,REVIEW,DUPLICATE_SERIAL_CROSS_LOCATION,Same physical key observed at VA01 and VA19,Audit 2026 device/Data store/Audit/VA19.xlsx#VA19!row=18,asset,SN:2530022102300950,,,,,
ISSUE-00108,REVIEW,MISSING_SERIAL_UNIT,Unit 1/2 has no serial number,Audit 2026 device/Data store/Audit/VA20.xlsx#VA20!row=5,asset,STORE:VA20:5:1,,,VA20,2,
ISSUE-00109,REVIEW,MISSING_SERIAL_UNIT,Unit 2/2 has no serial number,Audit 2026 device/Data store/Audit/VA20.xlsx#VA20!row=5,asset,STORE:VA20:5:2,,,VA20,2,
ISSUE-00110,REVIEW,MISSING_SERIAL_UNIT,Unit 1/2 has no serial number,Audit 2026 device/Data store/Audit/VA20.xlsx#VA20!row=6,asset,STORE:VA20:6:1,,,VA20,2,
ISSUE-00111,REVIEW,MISSING_SERIAL_UNIT,Unit 2/2 has no serial number,Audit 2026 device/Data store/Audit/VA20.xlsx#VA20!row=6,asset,STORE:VA20:6:2,,,VA20,2,
ISSUE-00112,REVIEW,MISSING_SERIAL_UNIT,Unit 2/2 has no serial number,Audit 2026 device/Data store/Audit/VA20.xlsx#VA20!row=11,asset,STORE:VA20:11:2,,,VA20,2,
ISSUE-00113,REVIEW,DUPLICATE_SERIAL_CROSS_LOCATION,Same physical key observed at VA12 and VA20,Audit 2026 device/Data store/Audit/VA20.xlsx#VA20!row=18,asset,SN:FGT40FTK2309D2HW,,,,,
ISSUE-00114,REVIEW,MISSING_SERIAL_UNIT,Unit 1/1 has no serial number,Audit 2026 device/Data store/Audit/VA23.xlsx#VA23!row=3,asset,STORE:VA23:3:1,,,VA23,1,
ISSUE-00115,REVIEW,DUPLICATE_SERIAL_CROSS_LOCATION,Same physical key observed at VA18 and VA23,Audit 2026 device/Data store/Audit/VA23.xlsx#VA23!row=8,asset,SN:NMYA467026,,,,,
ISSUE-00116,REVIEW,MISSING_SERIAL_UNIT,Unit 1/1 has no serial number,Audit 2026 device/Data store/Audit/VA24.xlsx#VA24 NEW BALANCE VINCOM BATRIEU!row=3,asset,STORE:VA24:3:1,,,VA24,1,
ISSUE-00117,REVIEW,MISSING_SERIAL_UNIT,Unit 1/1 has no serial number,Audit 2026 device/Data store/Audit/VA24.xlsx#VA24 NEW BALANCE VINCOM BATRIEU!row=4,asset,STORE:VA24:4:1,,,VA24,1,
ISSUE-00118,REVIEW,MISSING_SERIAL_UNIT,Unit 1/1 has no serial number,Audit 2026 device/Data store/Audit/VA24.xlsx#VA24 NEW BALANCE VINCOM BATRIEU!row=12,asset,STORE:VA24:12:1,,,VA24,1,
ISSUE-00119,REVIEW,MISSING_SERIAL_UNIT,Unit 2/2 has no serial number,Audit 2026 device/Data store/Audit/VH01.xlsx#VH01!row=2,asset,STORE:VH01:2:2,,,VH01,2,
ISSUE-00120,REVIEW,MISSING_SERIAL_UNIT,Unit 1/3 has no serial number,Audit 2026 device/Data store/Audit/VH01.xlsx#VH01!row=3,asset,STORE:VH01:3:1,,,VH01,3,
ISSUE-00121,REVIEW,MISSING_SERIAL_UNIT,Unit 2/3 has no serial number,Audit 2026 device/Data store/Audit/VH01.xlsx#VH01!row=3,asset,STORE:VH01:3:2,,,VH01,3,
ISSUE-00122,REVIEW,MISSING_SERIAL_UNIT,Unit 3/3 has no serial number,Audit 2026 device/Data store/Audit/VH01.xlsx#VH01!row=3,asset,STORE:VH01:3:3,,,VH01,3,
ISSUE-00123,REVIEW,MISSING_SERIAL_UNIT,Unit 1/3 has no serial number,Audit 2026 device/Data store/Audit/VH01.xlsx#VH01!row=4,asset,STORE:VH01:4:1,,,VH01,3,
ISSUE-00124,REVIEW,MISSING_SERIAL_UNIT,Unit 2/3 has no serial number,Audit 2026 device/Data store/Audit/VH01.xlsx#VH01!row=4,asset,STORE:VH01:4:2,,,VH01,3,
ISSUE-00125,REVIEW,MISSING_SERIAL_UNIT,Unit 3/3 has no serial number,Audit 2026 device/Data store/Audit/VH01.xlsx#VH01!row=4,asset,STORE:VH01:4:3,,,VH01,3,
ISSUE-00126,REVIEW,MISSING_SERIAL_UNIT,Unit 2/2 has no serial number,Audit 2026 device/Data store/Audit/VH01.xlsx#VH01!row=5,asset,STORE:VH01:5:2,,,VH01,2,
ISSUE-00127,REVIEW,MISSING_SERIAL_UNIT,Unit 2/2 has no serial number,Audit 2026 device/Data store/Audit/VH01.xlsx#VH01!row=6,asset,STORE:VH01:6:2,,,VH01,2,
ISSUE-00128,REVIEW,MISSING_SERIAL_UNIT,Unit 2/2 has no serial number,Audit 2026 device/Data store/Audit/VH01.xlsx#VH01!row=7,asset,STORE:VH01:7:2,,,VH01,2,
ISSUE-00129,REVIEW,MISSING_SERIAL_UNIT,Unit 2/3 has no serial number,Audit 2026 device/Data store/Audit/VH01.xlsx#VH01!row=8,asset,STORE:VH01:8:2,,,VH01,3,
ISSUE-00130,REVIEW,MISSING_SERIAL_UNIT,Unit 3/3 has no serial number,Audit 2026 device/Data store/Audit/VH01.xlsx#VH01!row=8,asset,STORE:VH01:8:3,,,VH01,3,
ISSUE-00131,REVIEW,MISSING_SERIAL_UNIT,Unit 2/2 has no serial number,Audit 2026 device/Data store/Audit/VH01.xlsx#VH01!row=9,asset,STORE:VH01:9:2,,,VH01,2,
ISSUE-00132,REVIEW,MISSING_SERIAL_UNIT,Unit 1/1 has no serial number,Audit 2026 device/Data store/Audit/VH02.xlsx#VH02!row=3,asset,STORE:VH02:3:1,,,VH02,1,
ISSUE-00133,REVIEW,MISSING_SERIAL_UNIT,Unit 1/1 has no serial number,Audit 2026 device/Data store/Audit/VH02.xlsx#VH02!row=4,asset,STORE:VH02:4:1,,,VH02,1,
ISSUE-00134,REVIEW,MISSING_SERIAL_UNIT,Unit 2/2 has no serial number,Audit 2026 device/Data store/Audit/VH03.xlsx#VH03 SKECHERS AEON HAI PHONG!row=2,asset,STORE:VH03:2:2,,,VH03,2,
ISSUE-00135,REVIEW,MISSING_SERIAL_UNIT,Unit 1/3 has no serial number,Audit 2026 device/Data store/Audit/VH03.xlsx#VH03 SKECHERS AEON HAI PHONG!row=4,asset,STORE:VH03:4:1,,,VH03,3,
ISSUE-00136,REVIEW,MISSING_SERIAL_UNIT,Unit 2/3 has no serial number,Audit 2026 device/Data store/Audit/VH03.xlsx#VH03 SKECHERS AEON HAI PHONG!row=4,asset,STORE:VH03:4:2,,,VH03,3,
ISSUE-00137,REVIEW,MISSING_SERIAL_UNIT,Unit 3/3 has no serial number,Audit 2026 device/Data store/Audit/VH03.xlsx#VH03 SKECHERS AEON HAI PHONG!row=4,asset,STORE:VH03:4:3,,,VH03,3,
ISSUE-00138,REVIEW,MISSING_SERIAL_UNIT,Unit 1/3 has no serial number,Audit 2026 device/Data store/Audit/VH03.xlsx#VH03 SKECHERS AEON HAI PHONG!row=5,asset,STORE:VH03:5:1,,,VH03,3,
ISSUE-00139,REVIEW,MISSING_SERIAL_UNIT,Unit 2/3 has no serial number,Audit 2026 device/Data store/Audit/VH03.xlsx#VH03 SKECHERS AEON HAI PHONG!row=5,asset,STORE:VH03:5:2,,,VH03,3,
ISSUE-00140,REVIEW,MISSING_SERIAL_UNIT,Unit 3/3 has no serial number,Audit 2026 device/Data store/Audit/VH03.xlsx#VH03 SKECHERS AEON HAI PHONG!row=5,asset,STORE:VH03:5:3,,,VH03,3,
ISSUE-00141,REVIEW,MISSING_SERIAL_UNIT,Unit 2/2 has no serial number,Audit 2026 device/Data store/Audit/VH03.xlsx#VH03 SKECHERS AEON HAI PHONG!row=6,asset,STORE:VH03:6:2,,,VH03,2,
ISSUE-00142,REVIEW,MISSING_SERIAL_UNIT,Unit 2/2 has no serial number,Audit 2026 device/Data store/Audit/VH03.xlsx#VH03 SKECHERS AEON HAI PHONG!row=8,asset,STORE:VH03:8:2,,,VH03,2,
ISSUE-00143,REVIEW,MISSING_SERIAL_UNIT,Unit 2/2 has no serial number,Audit 2026 device/Data store/Audit/VH03.xlsx#VH03 SKECHERS AEON HAI PHONG!row=10,asset,STORE:VH03:10:2,,,VH03,2,
ISSUE-00144,REVIEW,MISSING_SERIAL_UNIT,Unit 2/2 has no serial number,Audit 2026 device/Data store/Audit/VH03.xlsx#VH03 SKECHERS AEON HAI PHONG!row=12,asset,STORE:VH03:12:2,,,VH03,2,
ISSUE-00145,REVIEW,MISSING_SERIAL_UNIT,Unit 2/2 has no serial number,Audit 2026 device/Data store/Audit/VH03.xlsx#VH03 SKECHERS AEON HAI PHONG!row=15,asset,STORE:VH03:15:2,,,VH03,2,
ISSUE-00146,REVIEW,MISSING_SERIAL_UNIT,Unit 1/1 has no serial number,Audit 2026 device/Data store/Audit/VI03.xlsx#VI03!row=3,asset,STORE:VI03:3:1,,,VI03,1,
ISSUE-00147,REVIEW,MISSING_SERIAL_UNIT,Unit 1/1 has no serial number,Audit 2026 device/Data store/Audit/VN05.xlsx#VN05!row=3,asset,STORE:VN05:3:1,,,VN05,1,
ISSUE-00148,REVIEW,MISSING_SERIAL_UNIT,Unit 1/1 has no serial number,Audit 2026 device/Data store/Audit/VN05.xlsx#VN05!row=4,asset,STORE:VN05:4:1,,,VN05,1,
ISSUE-00149,REVIEW,DUPLICATE_SERIAL_CROSS_LOCATION,Same physical key observed at HCM and VN06,Audit 2026 device/Data store/!!!/VN06.xlsx#VN06!row=2,asset,AID:22VN00000096,,,,,
ISSUE-00150,REVIEW,MISSING_SERIAL_UNIT,Unit 1/1 has no serial number,Audit 2026 device/Data store/!!!/VN06.xlsx#VN06!row=3,asset,STORE:VN06:3:1,,,VN06,1,
ISSUE-00151,REVIEW,MISSING_SERIAL_UNIT,Unit 1/1 has no serial number,Audit 2026 device/Data store/!!!/VN06.xlsx#VN06!row=4,asset,STORE:VN06:4:1,,,VN06,1,
ISSUE-00152,REVIEW,MISSING_SERIAL_UNIT,Unit 1/1 has no serial number,Audit 2026 device/Data store/!!!/VN06.xlsx#VN06!row=5,asset,STORE:VN06:5:1,,,VN06,1,
ISSUE-00153,REVIEW,MISSING_SERIAL_UNIT,Unit 1/1 has no serial number,Audit 2026 device/Data store/!!!/VN06.xlsx#VN06!row=8,asset,STORE:VN06:8:1,,,VN06,1,
ISSUE-00154,REVIEW,MISSING_SERIAL_UNIT,Unit 1/1 has no serial number,Audit 2026 device/Data store/!!!/VN06.xlsx#VN06!row=10,asset,STORE:VN06:10:1,,,VN06,1,
ISSUE-00155,REVIEW,DUPLICATE_SERIAL_CROSS_LOCATION,Same physical key observed at VA15 and VN07,Audit 2026 device/Data store/Audit/VN07.xlsx#VN07!row=5,asset,SN:211130000045,,,,,
ISSUE-00156,REVIEW,DUPLICATE_SERIAL_CROSS_LOCATION,Same physical key observed at VA01 and VN07,Audit 2026 device/Data store/Audit/VN07.xlsx#VN07!row=12,asset,SN:FGT40FTK24086985,,,,,
ISSUE-00157,REVIEW,DUPLICATE_SERIAL_CROSS_LOCATION,Same physical key observed at A003 and VN09,Audit 2026 device/Data store/Audit/VN09.xlsx#VN09!row=2,asset,SN:3CQ7490XG4,,,,,
ISSUE-00158,REVIEW,DUPLICATE_SERIAL_CROSS_LOCATION,Same physical key observed at VA03 and VN09,Audit 2026 device/Data store/Audit/VN09.xlsx#VN09!row=4,asset,SN:G20I34943,,,,,
ISSUE-00159,REVIEW,DUPLICATE_SERIAL_CROSS_LOCATION,Same physical key observed at VA03 and VN09,Audit 2026 device/Data store/Audit/VN09.xlsx#VN09!row=5,asset,SN:ALCD20110003,,,,,
ISSUE-00160,REVIEW,DUPLICATE_SERIAL_CROSS_LOCATION,Same physical key observed at VA12 and VN09,Audit 2026 device/Data store/Audit/VN09.xlsx#VN09!row=7,asset,SN:NMYA765067,,,,,
ISSUE-00161,REVIEW,MISSING_SERIAL_UNIT,Unit 1/1 has no serial number,Audit 2026 device/Data store/Audit/VN09.xlsx#VN09!row=14,asset,STORE:VN09:14:1,,,VN09,1,
ISSUE-00162,REVIEW,MISSING_SERIAL_UNIT,Unit 1/1 has no serial number,Audit 2026 device/Data store/Audit/VN09.xlsx#VN09!row=15,asset,STORE:VN09:15:1,,,VN09,1,
ISSUE-00163,REVIEW,MISSING_SERIAL_UNIT,Unit 1/1 has no serial number,Audit 2026 device/Data store/Audit/VN10.xlsx#VN10!row=3,asset,STORE:VN10:3:1,,,VN10,1,
ISSUE-00164,REVIEW,MISSING_SERIAL_UNIT,Unit 1/1 has no serial number,Audit 2026 device/Data store/Audit/VN10.xlsx#VN10!row=4,asset,STORE:VN10:4:1,,,VN10,1,
ISSUE-00165,REVIEW,MISSING_SERIAL_UNIT,Unit 1/1 has no serial number,Audit 2026 device/Data store/!!!/VN12.xlsx#VN12!row=3,asset,STORE:VN12:3:1,,,VN12,1,
ISSUE-00166,REVIEW,MISSING_SERIAL_UNIT,Unit 1/1 has no serial number,Audit 2026 device/Data store/!!!/VN12.xlsx#VN12!row=4,asset,STORE:VN12:4:1,,,VN12,1,
ISSUE-00167,REVIEW,MISSING_SERIAL_UNIT,Unit 1/1 has no serial number,Audit 2026 device/Data store/!!!/VN12.xlsx#VN12!row=5,asset,STORE:VN12:5:1,,,VN12,1,
ISSUE-00168,REVIEW,MISSING_SERIAL_UNIT,Unit 1/1 has no serial number,Audit 2026 device/Data store/!!!/VN12.xlsx#VN12!row=6,asset,STORE:VN12:6:1,,,VN12,1,
ISSUE-00169,REVIEW,MISSING_SERIAL_UNIT,Unit 1/1 has no serial number,Audit 2026 device/Data store/!!!/VN12.xlsx#VN12!row=7,asset,STORE:VN12:7:1,,,VN12,1,
ISSUE-00170,REVIEW,MISSING_SERIAL_UNIT,Unit 1/1 has no serial number,Audit 2026 device/Data store/!!!/VN12.xlsx#VN12!row=8,asset,STORE:VN12:8:1,,,VN12,1,
ISSUE-00171,REVIEW,MISSING_SERIAL_UNIT,Unit 1/1 has no serial number,Audit 2026 device/Data store/!!!/VN12.xlsx#VN12!row=9,asset,STORE:VN12:9:1,,,VN12,1,
ISSUE-00172,REVIEW,MISSING_SERIAL_UNIT,Unit 1/1 has no serial number,Audit 2026 device/Data store/!!!/VN12.xlsx#VN12!row=10,asset,STORE:VN12:10:1,,,VN12,1,
ISSUE-00173,REVIEW,MISSING_SERIAL_UNIT,Unit 1/1 has no serial number,Audit 2026 device/Data store/Audit/VN16.xlsx#VN16!row=3,asset,STORE:VN16:3:1,,,VN16,1,
ISSUE-00174,REVIEW,MISSING_SERIAL_UNIT,Unit 1/1 has no serial number,Audit 2026 device/Data store/Audit/VN16.xlsx#VN16!row=4,asset,STORE:VN16:4:1,,,VN16,1,
ISSUE-00175,REVIEW,DUPLICATE_SERIAL_CROSS_LOCATION,Same physical key observed at VN09 and VN16,Audit 2026 device/Data store/Audit/VN16.xlsx#VN16!row=5,asset,SN:MK410211201237,,,,,
ISSUE-00176,REVIEW,MISSING_SERIAL_UNIT,Unit 1/1 has no serial number,Audit 2026 device/Data store/Audit/VN19.xlsx#VN19!row=3,asset,STORE:VN19:3:1,,,VN19,1,
ISSUE-00177,REVIEW,DUPLICATE_SERIAL_CROSS_LOCATION,Same physical key observed at VA19 and VN19,Audit 2026 device/Data store/Audit/VN19.xlsx#VN19!row=6,asset,SN:1CR82307CB,,,,,
ISSUE-00178,REVIEW,DUPLICATE_SERIAL_CROSS_LOCATION,Same physical key observed at VA11 and VN19,Audit 2026 device/Data store/Audit/VN19.xlsx#VN19!row=8,asset,SN:FGT40FTK24006198,,,,,
ISSUE-00179,REVIEW,DUPLICATE_SOURCE_SHEET_ROW,Same inventory row repeated in another sheet of the workbook,Audit 2026 device/Data store/Audit/VN27.xlsx#VN27!row=18,source,,,,,,
ISSUE-00180,REVIEW,MISSING_SERIAL_UNIT,Unit 1/1 has no serial number,Audit 2026 device/Data store/Audit/VN27.xlsx#VN27!row=17,asset,STORE:VN27:17:1,,,VN27,1,
ISSUE-00181,REVIEW,MISSING_SERIAL_UNIT,Unit 1/1 has no serial number,Audit 2026 device/Data store/Audit/VN27.xlsx#VN27!row=20,asset,STORE:VN27:20:1,,,VN27,1,
ISSUE-00182,REVIEW,MISSING_SERIAL_UNIT,Unit 1/1 has no serial number,Audit 2026 device/Data store/Audit/VN27.xlsx#VN27!row=21,asset,STORE:VN27:21:1,,,VN27,1,
ISSUE-00183,REVIEW,MISSING_SERIAL_UNIT,Unit 1/1 has no serial number,Audit 2026 device/Data store/Audit/VN27.xlsx#VN27!row=23,asset,STORE:VN27:23:1,,,VN27,1,
ISSUE-00184,REVIEW,MISSING_SERIAL_UNIT,Unit 1/1 has no serial number,Audit 2026 device/Data store/Audit/VN28.xlsx#VN28!row=3,asset,STORE:VN28:3:1,,,VN28,1,
ISSUE-00185,REVIEW,MISSING_SERIAL_UNIT,Unit 1/1 has no serial number,Audit 2026 device/Data store/Audit/VN28.xlsx#VN28!row=4,asset,STORE:VN28:4:1,,,VN28,1,
ISSUE-00186,REVIEW,MISSING_SERIAL_UNIT,Unit 1/1 has no serial number,Audit 2026 device/Data store/Audit/VN28.xlsx#VN28!row=12,asset,STORE:VN28:12:1,,,VN28,1,
ISSUE-00187,REVIEW,DUPLICATE_SERIAL_CROSS_LOCATION,Same physical key observed at A001 and VO02,Audit 2026 device/Data store/Audit/VO02.xlsx#VO02!row=43,asset,SN:2530022102301145,,,,,
ISSUE-00188,REVIEW,MISSING_SERIAL_UNIT,Unit 1/5 has no serial number,Audit 2026 device/Data store/Audit/VO02.xlsx#VO02!row=57,asset,STORE:VO02:57:1,,,VO02,5,
ISSUE-00189,REVIEW,MISSING_SERIAL_UNIT,Unit 2/5 has no serial number,Audit 2026 device/Data store/Audit/VO02.xlsx#VO02!row=57,asset,STORE:VO02:57:2,,,VO02,5,
ISSUE-00190,REVIEW,MISSING_SERIAL_UNIT,Unit 3/5 has no serial number,Audit 2026 device/Data store/Audit/VO02.xlsx#VO02!row=57,asset,STORE:VO02:57:3,,,VO02,5,
ISSUE-00191,REVIEW,MISSING_SERIAL_UNIT,Unit 4/5 has no serial number,Audit 2026 device/Data store/Audit/VO02.xlsx#VO02!row=57,asset,STORE:VO02:57:4,,,VO02,5,
ISSUE-00192,REVIEW,MISSING_SERIAL_UNIT,Unit 5/5 has no serial number,Audit 2026 device/Data store/Audit/VO02.xlsx#VO02!row=57,asset,STORE:VO02:57:5,,,VO02,5,
ISSUE-00193,REVIEW,MISSING_SERIAL_UNIT,Unit 1/5 has no serial number,Audit 2026 device/Data store/Audit/VO02.xlsx#VO02!row=58,asset,STORE:VO02:58:1,,,VO02,5,
ISSUE-00194,REVIEW,MISSING_SERIAL_UNIT,Unit 2/5 has no serial number,Audit 2026 device/Data store/Audit/VO02.xlsx#VO02!row=58,asset,STORE:VO02:58:2,,,VO02,5,
ISSUE-00195,REVIEW,MISSING_SERIAL_UNIT,Unit 3/5 has no serial number,Audit 2026 device/Data store/Audit/VO02.xlsx#VO02!row=58,asset,STORE:VO02:58:3,,,VO02,5,
ISSUE-00196,REVIEW,MISSING_SERIAL_UNIT,Unit 4/5 has no serial number,Audit 2026 device/Data store/Audit/VO02.xlsx#VO02!row=58,asset,STORE:VO02:58:4,,,VO02,5,
ISSUE-00197,REVIEW,MISSING_SERIAL_UNIT,Unit 5/5 has no serial number,Audit 2026 device/Data store/Audit/VO02.xlsx#VO02!row=58,asset,STORE:VO02:58:5,,,VO02,5,
ISSUE-00198,REVIEW,MISSING_SERIAL_UNIT,Unit 1/3 has no serial number,Audit 2026 device/Data store/Audit/VO04.xlsx#VO04 FOOT LOCKER AEON THANH KHE!row=20,asset,STORE:VO04:20:1,,,VO04,3,
ISSUE-00199,REVIEW,MISSING_SERIAL_UNIT,Unit 2/3 has no serial number,Audit 2026 device/Data store/Audit/VO04.xlsx#VO04 FOOT LOCKER AEON THANH KHE!row=20,asset,STORE:VO04:20:2,,,VO04,3,
ISSUE-00200,REVIEW,MISSING_SERIAL_UNIT,Unit 3/3 has no serial number,Audit 2026 device/Data store/Audit/VO04.xlsx#VO04 FOOT LOCKER AEON THANH KHE!row=20,asset,STORE:VO04:20:3,,,VO04,3,
ISSUE-00201,REVIEW,MISSING_SERIAL_UNIT,Unit 1/3 has no serial number,Audit 2026 device/Data store/Audit/VO04.xlsx#VO04 FOOT LOCKER AEON THANH KHE!row=21,asset,STORE:VO04:21:1,,,VO04,3,
ISSUE-00202,REVIEW,MISSING_SERIAL_UNIT,Unit 2/3 has no serial number,Audit 2026 device/Data store/Audit/VO04.xlsx#VO04 FOOT LOCKER AEON THANH KHE!row=21,asset,STORE:VO04:21:2,,,VO04,3,
ISSUE-00203,REVIEW,MISSING_SERIAL_UNIT,Unit 3/3 has no serial number,Audit 2026 device/Data store/Audit/VO04.xlsx#VO04 FOOT LOCKER AEON THANH KHE!row=21,asset,STORE:VO04:21:3,,,VO04,3,
ISSUE-00204,REVIEW,DUPLICATE_SERIAL_CROSS_LOCATION,Same physical key observed at VI03 and VO04,Audit 2026 device/Data store/Audit/VO04.xlsx#VO04 FOOT LOCKER AEON THANH KHE!row=22,asset,SN:20201130015,,,,,
ISSUE-00205,REVIEW,DUPLICATE_SERIAL_CROSS_LOCATION,Same physical key observed at VI03 and VO04,Audit 2026 device/Data store/Audit/VO04.xlsx#VO04 FOOT LOCKER AEON THANH KHE!row=30,asset,SN:VNC3K04690,,,,,
ISSUE-00206,REVIEW,DUPLICATE_SERIAL_CROSS_LOCATION,Same physical key observed at HCM and DSV,Asset management/Warehouse/Asset_List_DSV.xlsx#Asset List!row=4,asset,AID:22VN00000047,,,,,
ISSUE-00207,REVIEW,MISSING_MAINTENANCE_REPORTER,Source has no employee reporter; import may use controlled system admin fallback,Data clear/05_Broken_and_Transfers_Cleaned.xlsx#Office_Broken!row=2,maintenance,TKT-E305931D4D,,,,,
ISSUE-00208,REVIEW,BROKEN_ASSET_NOT_IN_INVENTORY,Broken asset could not be matched to office/store inventory; created review record,Data clear/05_Broken_and_Transfers_Cleaned.xlsx#Office_Broken!row=3,asset,SN:4R4JGL3,,,,,
ISSUE-00209,REVIEW,MISSING_MAINTENANCE_REPORTER,Source has no employee reporter; import may use controlled system admin fallback,Data clear/05_Broken_and_Transfers_Cleaned.xlsx#Office_Broken!row=3,maintenance,TKT-E075C69018,,,,,
ISSUE-00210,REVIEW,BROKEN_ASSET_NOT_IN_INVENTORY,Broken asset could not be matched to office/store inventory; created review record,Data clear/05_Broken_and_Transfers_Cleaned.xlsx#Office_Broken!row=4,asset,AID:22VN00110026,,,,,
ISSUE-00211,REVIEW,MISSING_MAINTENANCE_REPORTER,Source has no employee reporter; import may use controlled system admin fallback,Data clear/05_Broken_and_Transfers_Cleaned.xlsx#Office_Broken!row=4,maintenance,TKT-70FC137C53,,,,,
ISSUE-00212,REVIEW,MISSING_MAINTENANCE_REPORTER,Source has no employee reporter; import may use controlled system admin fallback,Data clear/05_Broken_and_Transfers_Cleaned.xlsx#Office_Broken!row=5,maintenance,TKT-48CCC1387C,,,,,
ISSUE-00213,REVIEW,BROKEN_ASSET_NOT_IN_INVENTORY,Broken asset could not be matched to office/store inventory; created review record,Data clear/05_Broken_and_Transfers_Cleaned.xlsx#Office_Broken!row=6,asset,AID:22VN00110011,,,,,
ISSUE-00214,REVIEW,MISSING_MAINTENANCE_REPORTER,Source has no employee reporter; import may use controlled system admin fallback,Data clear/05_Broken_and_Transfers_Cleaned.xlsx#Office_Broken!row=6,maintenance,TKT-3640AD246B,,,,,
ISSUE-00215,REVIEW,BROKEN_ASSET_NOT_IN_INVENTORY,Broken asset could not be matched to office/store inventory; created review record,Data clear/05_Broken_and_Transfers_Cleaned.xlsx#Office_Broken!row=7,asset,AID:22VN00110024,,,,,
ISSUE-00216,REVIEW,MISSING_MAINTENANCE_REPORTER,Source has no employee reporter; import may use controlled system admin fallback,Data clear/05_Broken_and_Transfers_Cleaned.xlsx#Office_Broken!row=7,maintenance,TKT-AFC4A908CE,,,,,
ISSUE-00217,REVIEW,MISSING_MAINTENANCE_REPORTER,Source has no employee reporter; import may use controlled system admin fallback,Data clear/05_Broken_and_Transfers_Cleaned.xlsx#Office_Broken!row=8,maintenance,TKT-79B5D98E0E,,,,,
ISSUE-00218,REVIEW,MISSING_MAINTENANCE_REPORTER,Source has no employee reporter; import may use controlled system admin fallback,Data clear/05_Broken_and_Transfers_Cleaned.xlsx#Office_Broken!row=9,maintenance,TKT-9F599F2D3F,,,,,
ISSUE-00219,REVIEW,MISSING_MAINTENANCE_REPORTER,Source has no employee reporter; import may use controlled system admin fallback,Data clear/05_Broken_and_Transfers_Cleaned.xlsx#Office_Broken!row=10,maintenance,TKT-55EA9F79D2,,,,,
ISSUE-00220,REVIEW,MISSING_MAINTENANCE_REPORTER,Source has no employee reporter; import may use controlled system admin fallback,Data clear/05_Broken_and_Transfers_Cleaned.xlsx#Office_Broken!row=11,maintenance,TKT-18A258E05B,,,,,
ISSUE-00221,REVIEW,BROKEN_ASSET_NOT_IN_INVENTORY,Broken asset could not be matched to office/store inventory; created review record,Data clear/05_Broken_and_Transfers_Cleaned.xlsx#Office_Broken!row=12,asset,SN:5CG7325LVQ,,,,,
ISSUE-00222,REVIEW,MISSING_MAINTENANCE_REPORTER,Source has no employee reporter; import may use controlled system admin fallback,Data clear/05_Broken_and_Transfers_Cleaned.xlsx#Office_Broken!row=12,maintenance,TKT-60AEB765DC,,,,,
ISSUE-00223,REVIEW,BROKEN_ASSET_NOT_IN_INVENTORY,Broken asset could not be matched to office/store inventory; created review record,Data clear/05_Broken_and_Transfers_Cleaned.xlsx#Office_Broken!row=13,asset,SN:PC-OVT5R6,,,,,
ISSUE-00224,REVIEW,MISSING_MAINTENANCE_REPORTER,Source has no employee reporter; import may use controlled system admin fallback,Data clear/05_Broken_and_Transfers_Cleaned.xlsx#Office_Broken!row=13,maintenance,TKT-1D1A8D4326,,,,,
ISSUE-00225,REVIEW,BROKEN_ASSET_NOT_IN_INVENTORY,Broken asset could not be matched to office/store inventory; created review record,Data clear/05_Broken_and_Transfers_Cleaned.xlsx#Office_Broken!row=14,asset,SN:FXVJB62,,,,,
ISSUE-00226,REVIEW,MISSING_MAINTENANCE_REPORTER,Source has no employee reporter; import may use controlled system admin fallback,Data clear/05_Broken_and_Transfers_Cleaned.xlsx#Office_Broken!row=14,maintenance,TKT-888AE80125,,,,,
ISSUE-00227,REVIEW,BROKEN_ASSET_NOT_IN_INVENTORY,Broken asset could not be matched to office/store inventory; created review record,Data clear/05_Broken_and_Transfers_Cleaned.xlsx#Office_Broken!row=15,asset,SN:CND218PWRZ,,,,,
ISSUE-00228,REVIEW,MISSING_MAINTENANCE_REPORTER,Source has no employee reporter; import may use controlled system admin fallback,Data clear/05_Broken_and_Transfers_Cleaned.xlsx#Office_Broken!row=15,maintenance,TKT-0AD45CBB8B,,,,,
ISSUE-00229,REVIEW,BROKEN_ASSET_NOT_IN_INVENTORY,Broken asset could not be matched to office/store inventory; created review record,Data clear/05_Broken_and_Transfers_Cleaned.xlsx#Office_Broken!row=16,asset,OBS:5EAEF14361,,,,,
ISSUE-00230,REVIEW,MISSING_MAINTENANCE_REPORTER,Source has no employee reporter; import may use controlled system admin fallback,Data clear/05_Broken_and_Transfers_Cleaned.xlsx#Office_Broken!row=16,maintenance,TKT-E1E8E31293,,,,,
ISSUE-00231,REVIEW,TRANSFER_METADATA_INCOMPLETE,"Transfer destination is inferred from worksheet name; date, requester and approval are missing",Data clear/05_Broken_and_Transfers_Cleaned.xlsx#Transfer_Map_Fashion!row=2,transfer,TRF-366EA33660,,,,,
ISSUE-00232,REVIEW,TRANSFER_METADATA_INCOMPLETE,"Transfer destination is inferred from worksheet name; date, requester and approval are missing",Data clear/05_Broken_and_Transfers_Cleaned.xlsx#Transfer_Map_Fashion!row=3,transfer,TRF-D436FDCEC7,,,,,
ISSUE-00233,REVIEW,TRANSFER_METADATA_INCOMPLETE,"Transfer destination is inferred from worksheet name; date, requester and approval are missing",Data clear/05_Broken_and_Transfers_Cleaned.xlsx#Transfer_Map_Fashion!row=4,transfer,TRF-0A6965A2C5,,,,,
ISSUE-00234,REVIEW,TRANSFER_METADATA_INCOMPLETE,"Transfer destination is inferred from worksheet name; date, requester and approval are missing",Data clear/05_Broken_and_Transfers_Cleaned.xlsx#Transfer_Map_Fashion!row=5,transfer,TRF-0715B74D62,,,,,
ISSUE-00235,REVIEW,TRANSFER_ASSET_NOT_IN_INVENTORY,Transfer record created an asset pending identity confirmation,Data clear/05_Broken_and_Transfers_Cleaned.xlsx#Transfer_Map_Fashion!row=6,asset,SN:TCEY002724,,,,,
ISSUE-00236,REVIEW,TRANSFER_METADATA_INCOMPLETE,"Transfer destination is inferred from worksheet name; date, requester and approval are missing",Data clear/05_Broken_and_Transfers_Cleaned.xlsx#Transfer_Map_Fashion!row=6,transfer,TRF-3B1584DADA,,,,,
ISSUE-00237,REVIEW,TRANSFER_ASSET_NOT_IN_INVENTORY,Transfer record created an asset pending identity confirmation,Data clear/05_Broken_and_Transfers_Cleaned.xlsx#Transfer_Map_Fashion!row=7,asset,SN:TCEY004688,,,,,
ISSUE-00238,REVIEW,TRANSFER_METADATA_INCOMPLETE,"Transfer destination is inferred from worksheet name; date, requester and approval are missing",Data clear/05_Broken_and_Transfers_Cleaned.xlsx#Transfer_Map_Fashion!row=7,transfer,TRF-15A1E014B5,,,,,
ISSUE-00239,REVIEW,TRANSFER_ASSET_NOT_IN_INVENTORY,Transfer record created an asset pending identity confirmation,Data clear/05_Broken_and_Transfers_Cleaned.xlsx#Transfer_Map_Fashion!row=8,asset,SN:TCCY014794,,,,,
ISSUE-00240,REVIEW,TRANSFER_METADATA_INCOMPLETE,"Transfer destination is inferred from worksheet name; date, requester and approval are missing",Data clear/05_Broken_and_Transfers_Cleaned.xlsx#Transfer_Map_Fashion!row=8,transfer,TRF-E06E6EE721,,,,,
ISSUE-00241,REVIEW,TRANSFER_ASSET_NOT_IN_INVENTORY,Transfer record created an asset pending identity confirmation,Data clear/05_Broken_and_Transfers_Cleaned.xlsx#Transfer_Map_Fashion!row=9,asset,SN:G17NE9935,,,,,
ISSUE-00242,REVIEW,TRANSFER_METADATA_INCOMPLETE,"Transfer destination is inferred from worksheet name; date, requester and approval are missing",Data clear/05_Broken_and_Transfers_Cleaned.xlsx#Transfer_Map_Fashion!row=9,transfer,TRF-56E96A0B3D,,,,,
ISSUE-00243,REVIEW,TRANSFER_ASSET_NOT_IN_INVENTORY,Transfer record created an asset pending identity confirmation,Data clear/05_Broken_and_Transfers_Cleaned.xlsx#Transfer_Map_Fashion!row=10,asset,SN:G21M82827,,,,,
ISSUE-00244,REVIEW,TRANSFER_METADATA_INCOMPLETE,"Transfer destination is inferred from worksheet name; date, requester and approval are missing",Data clear/05_Broken_and_Transfers_Cleaned.xlsx#Transfer_Map_Fashion!row=10,transfer,TRF-D1D31D287D,,,,,
ISSUE-00245,REVIEW,TRANSFER_ASSET_NOT_IN_INVENTORY,Transfer record created an asset pending identity confirmation,Data clear/05_Broken_and_Transfers_Cleaned.xlsx#Transfer_Map_Fashion!row=11,asset,SN:G21NE8123,,,,,
ISSUE-00246,REVIEW,TRANSFER_METADATA_INCOMPLETE,"Transfer destination is inferred from worksheet name; date, requester and approval are missing",Data clear/05_Broken_and_Transfers_Cleaned.xlsx#Transfer_Map_Fashion!row=11,transfer,TRF-58EDF67F82,,,,,
ISSUE-00247,REVIEW,DUPLICATE_SOURCE_SHEET_ROW,Same inventory row repeated in another sheet of the workbook,Audit 2026 device/Data store/New Store 2026/Operation device for plan new store.xlsx#VO05-Thùng 1!row=11,source,,,,,,
ISSUE-00248,REVIEW,DUPLICATE_SOURCE_SHEET_ROW,Same inventory row repeated in another sheet of the workbook,Audit 2026 device/Data store/New Store 2026/Operation device for plan new store.xlsx#VO05-Thùng 1!row=12,source,,,,,,
ISSUE-00249,REVIEW,DUPLICATE_SOURCE_SHEET_ROW,Same inventory row repeated in another sheet of the workbook,Audit 2026 device/Data store/New Store 2026/Operation device for plan new store.xlsx#VO05-Thùng 5!row=4,source,,,,,,
ISSUE-00250,REVIEW,DUPLICATE_SOURCE_SHEET_ROW,Same inventory row repeated in another sheet of the workbook,Audit 2026 device/Data store/New Store 2026/Operation device for plan new store.xlsx#VO06 FOOT LOCKER AEON HA LONG!row=13,source,,,,,,
ISSUE-00251,REVIEW,DUPLICATE_SOURCE_SHEET_ROW,Same inventory row repeated in another sheet of the workbook,Audit 2026 device/Data store/New Store 2026/Operation device for plan new store.xlsx#VO06 FOOT LOCKER AEON HA LONG!row=14,source,,,,,,
