shipment_key,target_location_code,category,hardware_type,model,quantity,serial_numbers,source_ref,status
SHIP-89BF2E4719,VO04,POS,Mini Pc,HP Prodesk 400 G7,1,8CC33807N6,Audit 2026 device/Data store/New Store 2026/Operation device for plan new store.xlsx#Thùng 1 (VO04)!row=3,PLANNED
SHIP-21883BFD22,VO04,POS,Mini Pc,HP Prodesk 400 G7,1,8CC33807NS,Audit 2026 device/Data store/New Store 2026/Operation device for plan new store.xlsx#Thùng 1 (VO04)!row=4,PLANNED
SHIP-D8278A99DF,VO04,Back-end,A4 Printer,HP Laserjet pro M15w,1,VNC3K04690,Audit 2026 device/Data store/New Store 2026/Operation device for plan new store.xlsx#Thùng 1 (VO04)!row=5,PLANNED
SHIP-01BAB8E81D,VO04,Network,Switch,Cisco CBS110-16T-EU,1,KWC294003EG,Audit 2026 device/Data store/New Store 2026/Operation device for plan new store.xlsx#Thùng 1 (VO04)!row=6,PLANNED
SHIP-4EB8052431,VO04,PDT,PDT,Zebra TC27,1,S26023524700851,Audit 2026 device/Data store/New Store 2026/Operation device for plan new store.xlsx#Thùng 1 (VO04)!row=7,PLANNED
SHIP-751602FAFE,VO04,PDT,PDT,Zebra TC27,1,S26023524701186,Audit 2026 device/Data store/New Store 2026/Operation device for plan new store.xlsx#Thùng 1 (VO04)!row=8,PLANNED
SHIP-E5785363C8,VO04,PDT,PDT,Zebra TC27,1,S26023524701058,Audit 2026 device/Data store/New Store 2026/Operation device for plan new store.xlsx#Thùng 1 (VO04)!row=9,PLANNED
SHIP-996EE21C27,VO04,PDT,PDT,Zebra TC27,1,S26024524700326,Audit 2026 device/Data store/New Store 2026/Operation device for plan new store.xlsx#Thùng 1 (VO04)!row=10,PLANNED
SHIP-07498C965F,VO04,PDT,PDT,Zebra TC27,1,S26024524700308,Audit 2026 device/Data store/New Store 2026/Operation device for plan new store.xlsx#Thùng 1 (VO04)!row=11,PLANNED
SHIP-FB678A193D,VO04,PDT,PDT printer,Zebra ZQ210,1,XXZTN261200011,Audit 2026 device/Data store/New Store 2026/Operation device for plan new store.xlsx#Thùng 1 (VO04)!row=12,PLANNED
SHIP-4E0BDDF86C,VO04,PDT,PDT printer,Zebra ZQ210,1,XXZTN261200006,Audit 2026 device/Data store/New Store 2026/Operation device for plan new store.xlsx#Thùng 1 (VO04)!row=13,PLANNED
SHIP-1C66F8B5CE,VO04,POS,Pole Display,Pole Display,1,D190928010055,Audit 2026 device/Data store/New Store 2026/Operation device for plan new store.xlsx#Thùng 1 (VO04)!row=14,PLANNED
SHIP-850BA762AD,VO04,POS,Mouse,Mouse,2,,Audit 2026 device/Data store/New Store 2026/Operation device for plan new store.xlsx#Thùng 1 (VO04)!row=15,PLANNED
SHIP-C510AEE18D,VO04,POS,Keyboard,Keyboard,2,,Audit 2026 device/Data store/New Store 2026/Operation device for plan new store.xlsx#Thùng 1 (VO04)!row=16,PLANNED
SHIP-D923E9EA83,VO04,POS,Cash Drawer,Poscom 410,1,20201130015,Audit 2026 device/Data store/New Store 2026/Operation device for plan new store.xlsx#Thùng 2 (VO04) !row=3,PLANNED
SHIP-4C23B11D52,VO04,POS,Cash Drawer,Poscom 410,1,2020092533,Audit 2026 device/Data store/New Store 2026/Operation device for plan new store.xlsx#Thùng 2 (VO04) !row=4,PLANNED
SHIP-62603311C5,VO04,POS,Pole Display,Pole Display,1,D190928010054,Audit 2026 device/Data store/New Store 2026/Operation device for plan new store.xlsx#Thùng 2 (VO04) !row=5,PLANNED
SHIP-27F3A6568E,VO04,Network,Switch,Switch Ubiquiti UniFi Switch 24 PoE (USW-24-PoE),1,817882028523,Audit 2026 device/Data store/New Store 2026/Operation device for plan new store.xlsx#Thùng 2 (VO04) !row=6,PLANNED
SHIP-6D0AE3453E,VO04,Network,Firewall,Fortigate FG-60F - 3 Year UTP license,1,FGT60FTK25056910,Audit 2026 device/Data store/New Store 2026/Operation device for plan new store.xlsx#Thùng 2 (VO04) !row=7,PLANNED
SHIP-6F302E5F1F,VO04,POS,Monitor,Monitor HP V190,1,1CR82307CY,Audit 2026 device/Data store/New Store 2026/Operation device for plan new store.xlsx#Thùng 2 (VO04) !row=8,PLANNED
SHIP-2D7E6B6331,VO04,POS,Monitor,Monitor HP V190,1,1CR82307D4,Audit 2026 device/Data store/New Store 2026/Operation device for plan new store.xlsx#Thùng 2 (VO04) !row=9,PLANNED
SHIP-7720774AA8,VO04,POS,Bill printer,"Printer Cashier - Thermal Star printer MCP31L, USB",1,2580022120601400,Audit 2026 device/Data store/New Store 2026/Operation device for plan new store.xlsx#Thùng 2 (VO04) !row=10,PLANNED
SHIP-EEA0B921E3,VO04,POS,Bill printer,Epson TM-82III,1,X7BA014973,Audit 2026 device/Data store/New Store 2026/Operation device for plan new store.xlsx#Thùng 2 (VO04) !row=11,PLANNED
SHIP-B3F3CE7690,VO04,POS,Scanner,Scanner Wireless DS2278,1,22136523423466,Audit 2026 device/Data store/New Store 2026/Operation device for plan new store.xlsx#Thùng 2 (VO04) !row=12,PLANNED
SHIP-64BB1D10F1,VO04,POS,Scanner,Scanner Wireless DS2278,1,22007523408905,Audit 2026 device/Data store/New Store 2026/Operation device for plan new store.xlsx#Thùng 2 (VO04) !row=13,PLANNED
SHIP-B4AB317AB3,VO04,Network,Access Point,Unibiti UAP nanohd wifi,1,9041B204B634,Audit 2026 device/Data store/New Store 2026/Operation device for plan new store.xlsx#Thùng 3 (VO04) !row=3,PLANNED
SHIP-FBB6E840FC,VO04,Network,Access Point,Unibiti UAP nanohd wifi,1,A89C6CD23F84,Audit 2026 device/Data store/New Store 2026/Operation device for plan new store.xlsx#Thùng 3 (VO04) !row=4,PLANNED
SHIP-6D2C7A2A37,VO04,POS,PC Workstation,Máy tính trạm Dell Precision 3680 Tower,1,JVX97G4,Audit 2026 device/Data store/New Store 2026/Operation device for plan new store.xlsx#Thùng 3 (VO04) !row=5,PLANNED
SHIP-FE3D6919FD,VO04,POS,Monitor,Monitor HP V22,1,CN41383K50,Audit 2026 device/Data store/New Store 2026/Operation device for plan new store.xlsx#Thùng 3 (VO04) !row=6,PLANNED
SHIP-7864467F59,VO04,POS,Mouse,Mouse,1,,Audit 2026 device/Data store/New Store 2026/Operation device for plan new store.xlsx#Thùng 3 (VO04) !row=7,PLANNED
SHIP-28FCF823B6,VO04,POS,Keyboard,Keyboard,1,,Audit 2026 device/Data store/New Store 2026/Operation device for plan new store.xlsx#Thùng 3 (VO04) !row=8,PLANNED
SHIP-D483838672,VH04,POS,Mini Pc,HP Prodesk 400 G7,1,4CE234DC5T,Audit 2026 device/Data store/New Store 2026/Operation device for plan new store.xlsx#VH04 SKETCHER AEON HA DONG!row=2,PLANNED
SHIP-66D47982E7,VH04,POS,Keyboard,Keyboard,1,,Audit 2026 device/Data store/New Store 2026/Operation device for plan new store.xlsx#VH04 SKETCHER AEON HA DONG!row=3,PLANNED
SHIP-44C68A6917,VH04,POS,Mouse,Mouse,1,,Audit 2026 device/Data store/New Store 2026/Operation device for plan new store.xlsx#VH04 SKETCHER AEON HA DONG!row=4,PLANNED
SHIP-E2E7430E09,VH04,POS,Cash Drawer,Maken 410,1,,Audit 2026 device/Data store/New Store 2026/Operation device for plan new store.xlsx#VH04 SKETCHER AEON HA DONG!row=5,PLANNED
SHIP-05E85D916B,VH04,POS,Pole Display,Pole Display VFD,1,,Audit 2026 device/Data store/New Store 2026/Operation device for plan new store.xlsx#VH04 SKETCHER AEON HA DONG!row=6,PLANNED
SHIP-C72625E275,VH04,POS,Scanner,Datalogic QW2100,1,,Audit 2026 device/Data store/New Store 2026/Operation device for plan new store.xlsx#VH04 SKETCHER AEON HA DONG!row=7,PLANNED
SHIP-CD0BF7BEDE,VH04,POS,Monitor,Samsung B1930N,1,,Audit 2026 device/Data store/New Store 2026/Operation device for plan new store.xlsx#VH04 SKETCHER AEON HA DONG!row=8,PLANNED
SHIP-56470E4BC7,VH04,POS,Bill printer,Epsion T82III,1,,Audit 2026 device/Data store/New Store 2026/Operation device for plan new store.xlsx#VH04 SKETCHER AEON HA DONG!row=9,PLANNED
SHIP-F6598A1DF4,VH04,Network,Switch (External Switch-CCTV system),Cisco CBS110-16T-EU,1,,Audit 2026 device/Data store/New Store 2026/Operation device for plan new store.xlsx#VH04 SKETCHER AEON HA DONG!row=10,PLANNED
SHIP-3A44DDA6CA,VH04,Network,Access Point,Wifi UBIQUITI UniFi Swiss Army Knife (UK-Ultra),1,,Audit 2026 device/Data store/New Store 2026/Operation device for plan new store.xlsx#VH04 SKETCHER AEON HA DONG!row=11,PLANNED
SHIP-6017B687E1,VH04,Network,Firewall,Fortigate FG-40F - 1 Year UTP license,1,,Audit 2026 device/Data store/New Store 2026/Operation device for plan new store.xlsx#VH04 SKETCHER AEON HA DONG!row=12,PLANNED
SHIP-03855F26F3,VH04,Back-end,Printer,HP neverstop laser 1000w,1,,Audit 2026 device/Data store/New Store 2026/Operation device for plan new store.xlsx#VH04 SKETCHER AEON HA DONG!row=13,PLANNED
SHIP-1AA688C987,VH04,PDT,PDT,Zebra TC27,1,S26023524700972,Audit 2026 device/Data store/New Store 2026/Operation device for plan new store.xlsx#VH04 SKETCHER AEON HA DONG!row=14,PLANNED
SHIP-3D46A0B87B,VH04,PDT,PDT's Printer,Zebra ZQ210,1,,Audit 2026 device/Data store/New Store 2026/Operation device for plan new store.xlsx#VH04 SKETCHER AEON HA DONG!row=15,PLANNED
SHIP-622B8E3575,VO05,POS,PC Workstation,Máy tính trạm Dell Precision 3680 Tower,1,7VX97G4,Audit 2026 device/Data store/New Store 2026/Operation device for plan new store.xlsx#VO05-Thùng 1!row=4,PLANNED
SHIP-0292318A3C,VO05,POS,Monitor,Monitor HP V22,1,CN41484H9J,Audit 2026 device/Data store/New Store 2026/Operation device for plan new store.xlsx#VO05-Thùng 1!row=5,PLANNED
SHIP-AFD22E11FE,VO05,Network,Access Point,Unibiti UAP nanohd wifi,1,9041B204B62B,Audit 2026 device/Data store/New Store 2026/Operation device for plan new store.xlsx#VO05-Thùng 1!row=6,PLANNED
SHIP-1BEFE9859D,VO05,Network,Access Point,Unibiti UAP nanohd wifi,1,9041B204BAD2,Audit 2026 device/Data store/New Store 2026/Operation device for plan new store.xlsx#VO05-Thùng 1!row=7,PLANNED
SHIP-2BB19C0989,VO05,Network,Access Point,Unibiti UAP nanohd wifi,1,9041B204B9BB,Audit 2026 device/Data store/New Store 2026/Operation device for plan new store.xlsx#VO05-Thùng 1!row=8,PLANNED
SHIP-F8394A713D,VO05,PDT,PDT printer,Zebra ZQ210,1,XXZTN261200009,Audit 2026 device/Data store/New Store 2026/Operation device for plan new store.xlsx#VO05-Thùng 1!row=9,PLANNED
SHIP-3811DC0553,VO05,PDT,PDT printer,Zebra ZQ210,1,XXZTN261200007,Audit 2026 device/Data store/New Store 2026/Operation device for plan new store.xlsx#VO05-Thùng 1!row=10,PLANNED
SHIP-8EE0D8C712,VO05,POS,Keyboard,Keyboard,1,,Audit 2026 device/Data store/New Store 2026/Operation device for plan new store.xlsx#VO05-Thùng 1!row=11,PLANNED
SHIP-262562CAFD,VO05,POS,Mouse,Mouse,1,,Audit 2026 device/Data store/New Store 2026/Operation device for plan new store.xlsx#VO05-Thùng 1!row=12,PLANNED
SHIP-4B2C209667,VO05,Network,Switch,Mercusys,1,22253D9009558,Audit 2026 device/Data store/New Store 2026/Operation device for plan new store.xlsx#VO05-Thùng 1!row=13,PLANNED
SHIP-D192DF9C0D,VO05,Network,Switch,Mercusys,1,22253D9009594,Audit 2026 device/Data store/New Store 2026/Operation device for plan new store.xlsx#VO05-Thùng 1!row=14,PLANNED
SHIP-2F2C54559C,VO05,POS,Scanner,Scanner Wireless DS2278,1,26037523701271,Audit 2026 device/Data store/New Store 2026/Operation device for plan new store.xlsx#VO05-Thùng 2!row=4,PLANNED
SHIP-1C3003275F,VO05,POS,Scanner,Scanner Wireless DS2278,1,26037523702491,Audit 2026 device/Data store/New Store 2026/Operation device for plan new store.xlsx#VO05-Thùng 2!row=5,PLANNED
SHIP-B225734165,VO05,POS,Scanner,Scanner Wireless DS2278,1,22008523400021,Audit 2026 device/Data store/New Store 2026/Operation device for plan new store.xlsx#VO05-Thùng 2!row=6,PLANNED
SHIP-236A33E1DB,VO05,Network,Firewall,Fortigate FG-60F - 3 Year UTP license,1,FGT60FTK25056298,Audit 2026 device/Data store/New Store 2026/Operation device for plan new store.xlsx#VO05-Thùng 2!row=7,PLANNED
SHIP-F7EF621A78,VO05,Network,Switch,Switch Ubiquiti UniFi Switch 24 PoE (USW-24-PoE),1,58D61F885EBB,Audit 2026 device/Data store/New Store 2026/Operation device for plan new store.xlsx#VO05-Thùng 2!row=8,PLANNED
SHIP-0DD74BF137,VO05,Network,Switch,Cisco CBS110-16T-EU,1,KWC294003DP,Audit 2026 device/Data store/New Store 2026/Operation device for plan new store.xlsx#VO05-Thùng 2!row=9,PLANNED
SHIP-1C74DDE69F,VO05,PDT,PDT,Zebra TC27,1,S26023524700800,Audit 2026 device/Data store/New Store 2026/Operation device for plan new store.xlsx#VO05-Thùng 2!row=10,PLANNED
SHIP-65AC791B83,VO05,PDT,PDT,Zebra TC27,1,S26023524700919,Audit 2026 device/Data store/New Store 2026/Operation device for plan new store.xlsx#VO05-Thùng 2!row=11,PLANNED
SHIP-08FFA72A28,VO05,PDT,PDT,Zebra TC27,1,S26023524700908,Audit 2026 device/Data store/New Store 2026/Operation device for plan new store.xlsx#VO05-Thùng 2!row=12,PLANNED
SHIP-5F7E689122,VO05,PDT,PDT,Zebra TC27,1,S26023524700668,Audit 2026 device/Data store/New Store 2026/Operation device for plan new store.xlsx#VO05-Thùng 2!row=13,PLANNED
SHIP-73C161268C,VO05,PDT,PDT,Zebra TC27,1,S26023524700848,Audit 2026 device/Data store/New Store 2026/Operation device for plan new store.xlsx#VO05-Thùng 2!row=14,PLANNED
SHIP-87F6BB5993,VO05,POS,Mini Pc,HP Prodesk 400 G7,1,8CC33807QS,Audit 2026 device/Data store/New Store 2026/Operation device for plan new store.xlsx#VO05-Thùng 3!row=4,PLANNED
SHIP-27B7C327FB,VO05,POS,Mini Pc,HP Prodesk 400 G7,1,8CC3372982,Audit 2026 device/Data store/New Store 2026/Operation device for plan new store.xlsx#VO05-Thùng 3!row=5,PLANNED
SHIP-05D34505E5,VO05,POS,Mini Pc,HP Prodesk 400 G7,1,8CC33807PT,Audit 2026 device/Data store/New Store 2026/Operation device for plan new store.xlsx#VO05-Thùng 3!row=6,PLANNED
SHIP-0CEA2DEE40,VO05,POS,Cash Drawer,Poscom,1,B5AT100015,Audit 2026 device/Data store/New Store 2026/Operation device for plan new store.xlsx#VO05-Thùng 3!row=7,PLANNED
SHIP-99F548DE23,VO05,POS,Keyboard,Keyboard,3,,Audit 2026 device/Data store/New Store 2026/Operation device for plan new store.xlsx#VO05-Thùng 3!row=8,PLANNED
SHIP-38EC5FD8F4,VO05,POS,Mouse,Mouse,3,,Audit 2026 device/Data store/New Store 2026/Operation device for plan new store.xlsx#VO05-Thùng 3!row=9,PLANNED
SHIP-66DC0A7C76,VO05,POS,Mpos,HP EngageGo10 Mobile tablet (i5 8Gb with scanner),1,5CG3350NKB,Audit 2026 device/Data store/New Store 2026/Operation device for plan new store.xlsx#VO05-Thùng 4!row=4,PLANNED
SHIP-846FAC49A5,VO05,POS,Bill printer,EPSON TM82II,1,TCEY004684,Audit 2026 device/Data store/New Store 2026/Operation device for plan new store.xlsx#VO05-Thùng 4!row=5,PLANNED
SHIP-9F18D88D80,VO05,POS,Bill printer,EPSON TM82II,1,TCCY011122,Audit 2026 device/Data store/New Store 2026/Operation device for plan new store.xlsx#VO05-Thùng 4!row=6,PLANNED
SHIP-200F3AFA96,VO05,POS,Bill printer,EPSON TM82II,1,TCEY007558,Audit 2026 device/Data store/New Store 2026/Operation device for plan new store.xlsx#VO05-Thùng 4!row=7,PLANNED
SHIP-AF56261D50,VO05,Back-end,A4 Printer,HP neverstop laser 1000w,1,CNBRP837ZY,Audit 2026 device/Data store/New Store 2026/Operation device for plan new store.xlsx#VO05-Thùng 4!row=8,PLANNED
SHIP-380AD6EEA7,VO05,POS,Printer for Mpos,mPOS Printer Star SM­T300i2-DB50,1,2560023022000021,Audit 2026 device/Data store/New Store 2026/Operation device for plan new store.xlsx#VO05-Thùng 4!row=9,PLANNED
SHIP-49CA9D6252,VO05,POS,Pole Display,Pole Display,1,D190928010051,Audit 2026 device/Data store/New Store 2026/Operation device for plan new store.xlsx#VO05-Thùng 4!row=10,PLANNED
SHIP-4E98160F0A,VO05,POS,Pole Display,Pole Display,1,D190928010130,Audit 2026 device/Data store/New Store 2026/Operation device for plan new store.xlsx#VO05-Thùng 4!row=11,PLANNED
SHIP-C6FA1C1FD0,VO05,POS,Pole Display,Pole Display,1,D190928010208,Audit 2026 device/Data store/New Store 2026/Operation device for plan new store.xlsx#VO05-Thùng 4!row=12,PLANNED
SHIP-170654DDB6,VO05,POS,Cash Drawer,Maken 410,1,MK410211201490,Audit 2026 device/Data store/New Store 2026/Operation device for plan new store.xlsx#VO05-Thùng 4!row=13,PLANNED
SHIP-5FE97B6A23,VO05,POS,Monitor,Monitor HP V22,1,CN41484H9J,Audit 2026 device/Data store/New Store 2026/Operation device for plan new store.xlsx#VO05-Thùng 5!row=4,PLANNED
SHIP-5D535DBE83,VO05,POS,Monitor,Monitor HP V190,1,1CR82307D0,Audit 2026 device/Data store/New Store 2026/Operation device for plan new store.xlsx#VO05-Thùng 5!row=5,PLANNED
SHIP-F6D613FF70,VO05,POS,Monitor,Monitor HP V194,1,3CQ63709H1,Audit 2026 device/Data store/New Store 2026/Operation device for plan new store.xlsx#VO05-Thùng 5!row=6,PLANNED
SHIP-12AB63D99F,VO06,POS,Mini Pc,HP Prodesk 400 G7,2,,Audit 2026 device/Data store/New Store 2026/Operation device for plan new store.xlsx#VO06 FOOT LOCKER AEON HA LONG!row=2,PLANNED
SHIP-AE3DE8019C,VO06,Network,Switch,Switch Ubiquiti UniFi Switch 24 PoE (USW-24-PoE),1,,Audit 2026 device/Data store/New Store 2026/Operation device for plan new store.xlsx#VO06 FOOT LOCKER AEON HA LONG!row=3,PLANNED
SHIP-1D172738BA,VO06,Network,Switch,Cisco CBS110-16T-EU,1,,Audit 2026 device/Data store/New Store 2026/Operation device for plan new store.xlsx#VO06 FOOT LOCKER AEON HA LONG!row=4,PLANNED
SHIP-BF04152503,VO06,Network,Access Point,Unibiti UAP nanohd wifi,3,,Audit 2026 device/Data store/New Store 2026/Operation device for plan new store.xlsx#VO06 FOOT LOCKER AEON HA LONG!row=5,PLANNED
SHIP-8F4BE568AF,VO06,Network,Sim Data (O2O),SIM DATA,1,,Audit 2026 device/Data store/New Store 2026/Operation device for plan new store.xlsx#VO06 FOOT LOCKER AEON HA LONG!row=6,PLANNED
SHIP-3D8E7A0061,VO06,PDT,PDT,Zebra TC26BK-11A222-A6,5,,Audit 2026 device/Data store/New Store 2026/Operation device for plan new store.xlsx#VO06 FOOT LOCKER AEON HA LONG!row=7,PLANNED
SHIP-5C53465608,VO06,PDT,PDT printer,PDT Printer Star SM-L200-UB40,2,,Audit 2026 device/Data store/New Store 2026/Operation device for plan new store.xlsx#VO06 FOOT LOCKER AEON HA LONG!row=8,PLANNED
SHIP-A16D8950E7,VO06,Back-end,Tablet for o2o,Samsung Galaxy Tab S10 FE 5G 8GB 128GB,1,,Audit 2026 device/Data store/New Store 2026/Operation device for plan new store.xlsx#VO06 FOOT LOCKER AEON HA LONG!row=9,PLANNED
SHIP-B47BD19A1D,VO06,Back-end,Printer for o2o,"Máy in mã vạch Postek IQ200, 203dpi -Bluetooth",1,,Audit 2026 device/Data store/New Store 2026/Operation device for plan new store.xlsx#VO06 FOOT LOCKER AEON HA LONG!row=10,PLANNED
SHIP-5C52F8600A,VO06,POS,PC Workstation,Máy tính trạm Dell Precision 3680 Tower,1,,Audit 2026 device/Data store/New Store 2026/Operation device for plan new store.xlsx#VO06 FOOT LOCKER AEON HA LONG!row=11,PLANNED
SHIP-BA688A2DAB,VO06,POS,Monitor,"Monitor HP 19,5 inch - widescreen (hdmi port)",3,,Audit 2026 device/Data store/New Store 2026/Operation device for plan new store.xlsx#VO06 FOOT LOCKER AEON HA LONG!row=12,PLANNED
SHIP-C300B14058,VO06,POS,Keyboard,Keyboard,3,,Audit 2026 device/Data store/New Store 2026/Operation device for plan new store.xlsx#VO06 FOOT LOCKER AEON HA LONG!row=13,PLANNED
SHIP-70F68E6290,VO06,POS,Mouse,Mouse,3,,Audit 2026 device/Data store/New Store 2026/Operation device for plan new store.xlsx#VO06 FOOT LOCKER AEON HA LONG!row=14,PLANNED
SHIP-27874FFD27,VO06,POS,Cash Drawer,Maken 410,2,,Audit 2026 device/Data store/New Store 2026/Operation device for plan new store.xlsx#VO06 FOOT LOCKER AEON HA LONG!row=15,PLANNED
SHIP-297D6B23DD,VO06,POS,Pole Display,Pole Display,2,,Audit 2026 device/Data store/New Store 2026/Operation device for plan new store.xlsx#VO06 FOOT LOCKER AEON HA LONG!row=16,PLANNED
SHIP-5D38602EEA,VO06,POS,Scanner,Scanner Wireless DS2278,2,,Audit 2026 device/Data store/New Store 2026/Operation device for plan new store.xlsx#VO06 FOOT LOCKER AEON HA LONG!row=17,PLANNED
SHIP-4C7D9A0742,VO06,POS,Bill printer,"Printer Cashier - Thermal Star printer MCP31L, USB",2,,Audit 2026 device/Data store/New Store 2026/Operation device for plan new store.xlsx#VO06 FOOT LOCKER AEON HA LONG!row=18,PLANNED
SHIP-3F54A2381E,VO06,Back-end,A4 Printer,A4 Printer,1,,Audit 2026 device/Data store/New Store 2026/Operation device for plan new store.xlsx#VO06 FOOT LOCKER AEON HA LONG!row=19,PLANNED
SHIP-074C369B75,VO06,POS,Mpos,HP EngageGo10 Mobile tablet (i5 8Gb with scanner),1,,Audit 2026 device/Data store/New Store 2026/Operation device for plan new store.xlsx#VO06 FOOT LOCKER AEON HA LONG!row=20,PLANNED
SHIP-D55253B7D6,VO06,POS,Printer for Mpos,mPOS Printer Star SM­T300i2-DB50,1,,Audit 2026 device/Data store/New Store 2026/Operation device for plan new store.xlsx#VO06 FOOT LOCKER AEON HA LONG!row=21,PLANNED
SHIP-5F6F68E025,VO06,Network,Firewall,Fortigate FG-60F - 3 Year UTP license,1,,Audit 2026 device/Data store/New Store 2026/Operation device for plan new store.xlsx#VO06 FOOT LOCKER AEON HA LONG!row=22,PLANNED
SHIP-296141D6B5,VO06,Back-end,Dock zebra,Dock zebra,1,,Audit 2026 device/Data store/New Store 2026/Operation device for plan new store.xlsx#VO06 FOOT LOCKER AEON HA LONG!row=23,PLANNED
SHIP-00BC19D5E3,VO06,Back-end,UPS,UPS,2,,Audit 2026 device/Data store/New Store 2026/Operation device for plan new store.xlsx#VO06 FOOT LOCKER AEON HA LONG!row=24,PLANNED
