source_type,source_key,relation,target_type,target_key,source_ref
asset,SN:8CC3161T0J,OBSERVED_AT,location,A001,Audit 2026 device/Data store/Audit/A001.xlsx#A001!row=2
asset,OBS:BBA8660547,OBSERVED_AT,location,A001,Audit 2026 device/Data store/Audit/A001.xlsx#A001!row=3
asset,OBS:6FD56E4AAD,OBSERVED_AT,location,A001,Audit 2026 device/Data store/Audit/A001.xlsx#A001!row=4
asset,SN:20201130040,OBSERVED_AT,location,A001,Audit 2026 device/Data store/Audit/A001.xlsx#A001!row=5
asset,SN:VFD220U13B20120035,OBSERVED_AT,location,A001,Audit 2026 device/Data store/Audit/A001.xlsx#A001!row=6
asset,SN:G21M82792,OBSERVED_AT,location,A001,Audit 2026 device/Data store/Audit/A001.xlsx#A001!row=7
asset,SN:1CR82307C4,OBSERVED_AT,location,A001,Audit 2026 device/Data store/Audit/A001.xlsx#A001!row=8
asset,SN:X7B9022774,OBSERVED_AT,location,A001,Audit 2026 device/Data store/Audit/A001.xlsx#A001!row=9
asset,SN:PSZ27181AHK,OBSERVED_AT,location,A001,Audit 2026 device/Data store/Audit/A001.xlsx#A001!row=10
asset,SN:AC8BA9548380,OBSERVED_AT,location,A001,Audit 2026 device/Data store/Audit/A001.xlsx#A001!row=11
asset,SN:FGT40FTK2309D2D4,OBSERVED_AT,location,A001,Audit 2026 device/Data store/Audit/A001.xlsx#A001!row=12
asset,SN:CNB3Q9MLY6,OBSERVED_AT,location,A001,Audit 2026 device/Data store/Audit/A001.xlsx#A001!row=13
asset,SN:S24165523020818,OBSERVED_AT,location,A001,Audit 2026 device/Data store/Audit/A001.xlsx#A001!row=14
asset,SN:F7N4GGJ73G,OBSERVED_AT,location,A001,Audit 2026 device/Data store/Audit/A001.xlsx#A001!row=15
asset,SN:2530022102301145,OBSERVED_AT,location,A001,Audit 2026 device/Data store/Audit/A001.xlsx#A001!row=16
asset,SN:8CC3213L46,OBSERVED_AT,location,A002,Audit 2026 device/Data store/Audit/A002.xlsx#A002!row=2
asset,SN:20201130017,OBSERVED_AT,location,A002,Audit 2026 device/Data store/Audit/A002.xlsx#A002!row=3
asset,SN:211130000023,OBSERVED_AT,location,A002,Audit 2026 device/Data store/Audit/A002.xlsx#A002!row=4
asset,SN:G23D05251,OBSERVED_AT,location,A002,Audit 2026 device/Data store/Audit/A002.xlsx#A002!row=5
asset,SN:1CR82307CJ,OBSERVED_AT,location,A002,Audit 2026 device/Data store/Audit/A002.xlsx#A002!row=6
asset,SN:X7BA004104,OBSERVED_AT,location,A002,Audit 2026 device/Data store/Audit/A002.xlsx#A002!row=7
asset,SN:PSZ27181D30,OBSERVED_AT,location,A002,Audit 2026 device/Data store/Audit/A002.xlsx#A002!row=8
asset,SN:9C05D679853C,OBSERVED_AT,location,A002,Audit 2026 device/Data store/Audit/A002.xlsx#A002!row=9
asset,SN:FGT40FTK24007310,OBSERVED_AT,location,A002,Audit 2026 device/Data store/Audit/A002.xlsx#A002!row=10
asset,SN:ZAU82MM037794,OBSERVED_AT,location,A002,Audit 2026 device/Data store/Audit/A002.xlsx#A002!row=11
asset,SN:CNB3R38327,OBSERVED_AT,location,A002,Audit 2026 device/Data store/Audit/A002.xlsx#A002!row=12
asset,SN:SK5QKJH956L,OBSERVED_AT,location,A002,Audit 2026 device/Data store/Audit/A002.xlsx#A002!row=13
asset,SN:24161523020360,OBSERVED_AT,location,A002,Audit 2026 device/Data store/Audit/A002.xlsx#A002!row=14
asset,SN:234123052300546,OBSERVED_AT,location,A002,Audit 2026 device/Data store/Audit/A002.xlsx#A002!row=15
asset,SN:4CE234DC69,OBSERVED_AT,location,DSV,Audit 2026 device/Data store/Audit/A003.xlsx#A003 ASICS GOLD COAST!row=2
asset,SN:4CE234DC69,INTENDED_FOR,location,A003,Audit 2026 device/Data store/Audit/A003.xlsx#A003 ASICS GOLD COAST!row=2
asset,OBS:211A5CB99C,OBSERVED_AT,location,A003,Audit 2026 device/Data store/Audit/A003.xlsx#A003 ASICS GOLD COAST!row=3
asset,OBS:1858B49488,OBSERVED_AT,location,A003,Audit 2026 device/Data store/Audit/A003.xlsx#A003 ASICS GOLD COAST!row=4
asset,SN:MK410211201036,OBSERVED_AT,location,A003,Audit 2026 device/Data store/Audit/A003.xlsx#A003 ASICS GOLD COAST!row=5
asset,SN:211130000033,OBSERVED_AT,location,A003,Audit 2026 device/Data store/Audit/A003.xlsx#A003 ASICS GOLD COAST!row=6
asset,SN:G00LH223008,OBSERVED_AT,location,A003,Audit 2026 device/Data store/Audit/A003.xlsx#A003 ASICS GOLD COAST!row=7
asset,SN:3CQ7490XG4,OBSERVED_AT,location,A003,Audit 2026 device/Data store/Audit/A003.xlsx#A003 ASICS GOLD COAST!row=8
asset,SN:X7BA007405,OBSERVED_AT,location,A003,Audit 2026 device/Data store/Audit/A003.xlsx#A003 ASICS GOLD COAST!row=9
asset,SN:PSZ27111C7N,OBSERVED_AT,location,A003,Audit 2026 device/Data store/Audit/A003.xlsx#A003 ASICS GOLD COAST!row=10
asset,SN:8C30664CA1F4,OBSERVED_AT,location,A003,Audit 2026 device/Data store/Audit/A003.xlsx#A003 ASICS GOLD COAST!row=11
asset,SN:FGT40FTK25088855,OBSERVED_AT,location,A003,Audit 2026 device/Data store/Audit/A003.xlsx#A003 ASICS GOLD COAST!row=12
asset,SN:NMYA744308,OBSERVED_AT,location,A003,Audit 2026 device/Data store/Audit/A003.xlsx#A003 ASICS GOLD COAST!row=13
asset,SN:S22182523023415,OBSERVED_AT,location,DSV,Audit 2026 device/Data store/Audit/A003.xlsx#A003 ASICS GOLD COAST!row=14
asset,SN:S22182523023415,INTENDED_FOR,location,A003,Audit 2026 device/Data store/Audit/A003.xlsx#A003 ASICS GOLD COAST!row=14
asset,SN:F36H6L0DM0,OBSERVED_AT,location,A003,Audit 2026 device/Data store/Audit/A003.xlsx#A003 ASICS GOLD COAST!row=15
asset,SN:XXZTN261200010,OBSERVED_AT,location,A003,Audit 2026 device/Data store/Audit/A003.xlsx#A003 ASICS GOLD COAST!row=16
asset,SN:8CC3500VNJ8CC3500VSH,OBSERVED_AT,location,V003,Audit 2026 device/Data store/Audit/V003.xlsx#V003!row=2
asset,OBS:5C3EFEBBED,OBSERVED_AT,location,V003,Audit 2026 device/Data store/Audit/V003.xlsx#V003!row=2
asset,SN:1C6A1B99A032,OBSERVED_AT,location,V003,Audit 2026 device/Data store/Audit/V003.xlsx#V003!row=3
asset,SN:KWC29190Y0L,OBSERVED_AT,location,V003,Audit 2026 device/Data store/Audit/V003.xlsx#V003!row=4
asset,SN:1C6A1B1F094D1C6A1B1EFD411C6A1B1EFB0D,OBSERVED_AT,location,V003,Audit 2026 device/Data store/Audit/V003.xlsx#V003!row=5
asset,OBS:EE58298147,OBSERVED_AT,location,V003,Audit 2026 device/Data store/Audit/V003.xlsx#V003!row=5
asset,OBS:98B3472EE1,OBSERVED_AT,location,V003,Audit 2026 device/Data store/Audit/V003.xlsx#V003!row=5
asset,OBS:78C85CD4CF,OBSERVED_AT,location,V003,Audit 2026 device/Data store/Audit/V003.xlsx#V003!row=6
asset,SN:352714115510901S24165523020007S24164523022749S24144523021867S24164523022750,OBSERVED_AT,location,V003,Audit 2026 device/Data store/Audit/V003.xlsx#V003!row=7
asset,OBS:BFBBB52104,OBSERVED_AT,location,V003,Audit 2026 device/Data store/Audit/V003.xlsx#V003!row=7
asset,OBS:4B8209B328,OBSERVED_AT,location,V003,Audit 2026 device/Data store/Audit/V003.xlsx#V003!row=7
asset,OBS:C1E271B0E6,OBSERVED_AT,location,V003,Audit 2026 device/Data store/Audit/V003.xlsx#V003!row=7
asset,OBS:94D4689282,OBSERVED_AT,location,V003,Audit 2026 device/Data store/Audit/V003.xlsx#V003!row=7
asset,SN:25341230523005322530022102301146,OBSERVED_AT,location,V003,Audit 2026 device/Data store/Audit/V003.xlsx#V003!row=8
asset,OBS:63FED7548B,OBSERVED_AT,location,V003,Audit 2026 device/Data store/Audit/V003.xlsx#V003!row=8
asset,SN:356160461428445,OBSERVED_AT,location,V003,Audit 2026 device/Data store/Audit/V003.xlsx#V003!row=9
asset,SN:I1624C0004,OBSERVED_AT,location,V003,Audit 2026 device/Data store/Audit/V003.xlsx#V003!row=10
asset,SN:91DR874,OBSERVED_AT,location,V003,Audit 2026 device/Data store/Audit/V003.xlsx#V003!row=11
asset,SN:3CQ3240J7T3CQ23206621CR82307C4,OBSERVED_AT,location,V003,Audit 2026 device/Data store/Audit/V003.xlsx#V003!row=12
asset,OBS:46FE9DC26B,OBSERVED_AT,location,V003,Audit 2026 device/Data store/Audit/V003.xlsx#V003!row=12
asset,OBS:93D8FF155C,OBSERVED_AT,location,V003,Audit 2026 device/Data store/Audit/V003.xlsx#V003!row=12
asset,OBS:EBA546346C,OBSERVED_AT,location,V003,Audit 2026 device/Data store/Audit/V003.xlsx#V003!row=13
asset,OBS:0EC63D6202,OBSERVED_AT,location,V003,Audit 2026 device/Data store/Audit/V003.xlsx#V003!row=13
asset,OBS:55260DE4E4,OBSERVED_AT,location,V003,Audit 2026 device/Data store/Audit/V003.xlsx#V003!row=13
asset,OBS:A9A22EEF7A,OBSERVED_AT,location,V003,Audit 2026 device/Data store/Audit/V003.xlsx#V003!row=14
asset,OBS:3B406E52C3,OBSERVED_AT,location,V003,Audit 2026 device/Data store/Audit/V003.xlsx#V003!row=14
asset,OBS:98151954EF,OBSERVED_AT,location,V003,Audit 2026 device/Data store/Audit/V003.xlsx#V003!row=14
asset,SN:MK410221102176MK410221102399,OBSERVED_AT,location,V003,Audit 2026 device/Data store/Audit/V003.xlsx#V003!row=15
asset,OBS:EEEE67C11D,OBSERVED_AT,location,V003,Audit 2026 device/Data store/Audit/V003.xlsx#V003!row=15
asset,SN:2TD311NAFS2TD3311NAFQ,OBSERVED_AT,location,V003,Audit 2026 device/Data store/Audit/V003.xlsx#V003!row=16
asset,OBS:0C175DC24E,OBSERVED_AT,location,V003,Audit 2026 device/Data store/Audit/V003.xlsx#V003!row=16
asset,SN:S24019523702434SCANS24017523702131DOCKSCANS24020523701951SCANS24016523701462DOCKSCAN,OBSERVED_AT,location,V003,Audit 2026 device/Data store/Audit/V003.xlsx#V003!row=17
asset,OBS:4545EA137F,OBSERVED_AT,location,V003,Audit 2026 device/Data store/Audit/V003.xlsx#V003!row=17
asset,SN:25300221023011402534123052300530,OBSERVED_AT,location,V003,Audit 2026 device/Data store/Audit/V003.xlsx#V003!row=18
asset,OBS:C300F0E286,OBSERVED_AT,location,V003,Audit 2026 device/Data store/Audit/V003.xlsx#V003!row=18
asset,SN:CNB2Q9TRM8,OBSERVED_AT,location,V003,Audit 2026 device/Data store/Audit/V003.xlsx#V003!row=19
asset,SN:5CG3350NKD,OBSERVED_AT,location,V003,Audit 2026 device/Data store/Audit/V003.xlsx#V003!row=20
asset,SN:2560023022000020,OBSERVED_AT,location,V003,Audit 2026 device/Data store/Audit/V003.xlsx#V003!row=21
asset,SN:FGT60FTK23084659,OBSERVED_AT,location,V003,Audit 2026 device/Data store/Audit/V003.xlsx#V003!row=22
asset,SN:S23069523701506,OBSERVED_AT,location,V003,Audit 2026 device/Data store/Audit/V003.xlsx#V003!row=23
asset,SN:8CC3190ZZK,OBSERVED_AT,location,VA01,Audit 2026 device/Data store/Audit/VA01.xlsx#VA01!row=2
asset,OBS:7AA234F871,OBSERVED_AT,location,VA01,Audit 2026 device/Data store/Audit/VA01.xlsx#VA01!row=3
asset,OBS:1B59FBD0E4,OBSERVED_AT,location,VA01,Audit 2026 device/Data store/Audit/VA01.xlsx#VA01!row=4
asset,SN:MK410221102375,OBSERVED_AT,location,VA01,Audit 2026 device/Data store/Audit/VA01.xlsx#VA01!row=5
asset,SN:D190928010059,OBSERVED_AT,location,VA01,Audit 2026 device/Data store/Audit/VA01.xlsx#VA01!row=6
asset,SN:G23C76633,OBSERVED_AT,location,VA01,Audit 2026 device/Data store/Audit/VA01.xlsx#VA01!row=7
asset,SN:3CQ23207GZ,OBSERVED_AT,location,VA01,Audit 2026 device/Data store/Audit/VA01.xlsx#VA01!row=8
asset,SN:X7B9027872,OBSERVED_AT,location,VA01,Audit 2026 device/Data store/Audit/VA01.xlsx#VA01!row=9
asset,SN:PSZ27111C9M,OBSERVED_AT,location,VA01,Audit 2026 device/Data store/Audit/VA01.xlsx#VA01!row=10
asset,SN:9C05D67987ED,OBSERVED_AT,location,VA01,Audit 2026 device/Data store/Audit/VA01.xlsx#VA01!row=11
asset,SN:FGT40FTK24013312,OBSERVED_AT,location,VA01,Audit 2026 device/Data store/Audit/VA01.xlsx#VA01!row=12
asset,SN:NMYA846446,OBSERVED_AT,location,VA01,Audit 2026 device/Data store/Audit/VA01.xlsx#VA01!row=13
asset,SN:862854053049828,OBSERVED_AT,location,VA01,Audit 2026 device/Data store/Audit/VA01.xlsx#VA01!row=14
asset,SN:I1623H0004,OBSERVED_AT,location,VA01,Audit 2026 device/Data store/Audit/VA01.xlsx#VA01!row=15
asset,SN:24164523022661,OBSERVED_AT,location,VA01,Audit 2026 device/Data store/Audit/VA01.xlsx#VA01!row=16
asset,SN:2530022102300548,OBSERVED_AT,location,VA01,Audit 2026 device/Data store/Audit/VA01.xlsx#VA01!row=17
asset,SN:8CC3190ZZK,OBSERVED_AT,location,VA01,Audit 2026 device/Data store/Audit/VA01.xlsx#Sheet1!row=2
asset,SN:MK410221102375,OBSERVED_AT,location,VA01,Audit 2026 device/Data store/Audit/VA01.xlsx#Sheet1!row=5
asset,SN:D190928010059,OBSERVED_AT,location,VA01,Audit 2026 device/Data store/Audit/VA01.xlsx#Sheet1!row=6
asset,SN:G23C76633,OBSERVED_AT,location,VA01,Audit 2026 device/Data store/Audit/VA01.xlsx#Sheet1!row=7
asset,SN:X7B9027872,OBSERVED_AT,location,VA01,Audit 2026 device/Data store/Audit/VA01.xlsx#Sheet1!row=9
asset,SN:KWC29190Y1C,OBSERVED_AT,location,VA01,Audit 2026 device/Data store/Audit/VA01.xlsx#Sheet1!row=10
asset,SN:9C05D67658B6,OBSERVED_AT,location,VA01,Audit 2026 device/Data store/Audit/VA01.xlsx#Sheet1!row=11
asset,OBS:9052D7C58E,OBSERVED_AT,location,VA01,Audit 2026 device/Data store/Audit/VA01.xlsx#Sheet1!row=12
asset,SN:FGT40FTK24086985,OBSERVED_AT,location,VA01,Audit 2026 device/Data store/Audit/VA01.xlsx#Sheet1!row=13
asset,SN:NMYA846446,OBSERVED_AT,location,VA01,Audit 2026 device/Data store/Audit/VA01.xlsx#Sheet1!row=14
asset,SN:I1623F0001,OBSERVED_AT,location,VA01,Audit 2026 device/Data store/Audit/VA01.xlsx#Sheet1!row=16
asset,SN:24164523022661,OBSERVED_AT,location,VA01,Audit 2026 device/Data store/Audit/VA01.xlsx#Sheet1!row=17
asset,SN:2530022102300950,OBSERVED_AT,location,VA01,Audit 2026 device/Data store/Audit/VA01.xlsx#Sheet1!row=18
asset,SN:8CC2452WZJ,OBSERVED_AT,location,VA03,Audit 2026 device/Data store/Audit/VA03.xlsx#VA03!row=2
asset,OBS:A6BC0F17F8,OBSERVED_AT,location,VA03,Audit 2026 device/Data store/Audit/VA03.xlsx#VA03!row=3
asset,OBS:68826B5C68,OBSERVED_AT,location,VA03,Audit 2026 device/Data store/Audit/VA03.xlsx#VA03!row=4
asset,SN:MK410221102387,OBSERVED_AT,location,VA03,Audit 2026 device/Data store/Audit/VA03.xlsx#VA03!row=5
asset,SN:ALCD20110003,OBSERVED_AT,location,VA03,Audit 2026 device/Data store/Audit/VA03.xlsx#VA03!row=6
asset,SN:G20I34943,OBSERVED_AT,location,VA03,Audit 2026 device/Data store/Audit/VA03.xlsx#VA03!row=7
asset,SN:1CR82307DL,OBSERVED_AT,location,VA03,Audit 2026 device/Data store/Audit/VA03.xlsx#VA03!row=8
asset,SN:TCEY007587,OBSERVED_AT,location,VA03,Audit 2026 device/Data store/Audit/VA03.xlsx#VA03!row=9
asset,SN:PSZ26391WEW,OBSERVED_AT,location,VA03,Audit 2026 device/Data store/Audit/VA03.xlsx#VA03!row=10
asset,SN:9C05D67985DB,OBSERVED_AT,location,VA03,Audit 2026 device/Data store/Audit/VA03.xlsx#VA03!row=11
asset,SN:FGT40FTK24013962,OBSERVED_AT,location,VA03,Audit 2026 device/Data store/Audit/VA03.xlsx#VA03!row=12
asset,SN:NMYA467017,OBSERVED_AT,location,VA03,Audit 2026 device/Data store/Audit/VA03.xlsx#VA03!row=13
asset,SN:24164523022789,OBSERVED_AT,location,VA03,Audit 2026 device/Data store/Audit/VA03.xlsx#VA03!row=14
asset,SN:2530022102300551,OBSERVED_AT,location,VA03,Audit 2026 device/Data store/Audit/VA03.xlsx#VA03!row=15
asset,AID:22VN00000029,OBSERVED_AT,location,VA04,Audit 2026 device/Data store/Audit/VA04.xlsx#VA04!row=2
asset,OBS:BAF8FAED50,OBSERVED_AT,location,VA04,Audit 2026 device/Data store/Audit/VA04.xlsx#VA04!row=3
asset,OBS:8F42313869,OBSERVED_AT,location,VA04,Audit 2026 device/Data store/Audit/VA04.xlsx#VA04!row=4
asset,SN:G18C39498,OBSERVED_AT,location,VA04,Audit 2026 device/Data store/Audit/VA04.xlsx#VA04!row=5
asset,SN:X7B9022768,OBSERVED_AT,location,VA04,Audit 2026 device/Data store/Audit/VA04.xlsx#VA04!row=6
asset,OBS:2E76A39368,OBSERVED_AT,location,VA04,Audit 2026 device/Data store/Audit/VA04.xlsx#VA04!row=7
asset,SN:22172W5002241,OBSERVED_AT,location,VA04,Audit 2026 device/Data store/Audit/VA04.xlsx#VA04!row=8
asset,SN:FGT40FTK24008605,OBSERVED_AT,location,VA04,Audit 2026 device/Data store/Audit/VA04.xlsx#VA04!row=9
asset,SN:LQHA364224,OBSERVED_AT,location,VA04,Audit 2026 device/Data store/Audit/VA04.xlsx#VA04!row=10
asset,SN:DHC4LQ3,OBSERVED_AT,location,VA05,Audit 2026 device/Data store/Audit/VA05.xlsx#VA05!row=2
asset,OBS:17DAEAAE8D,OBSERVED_AT,location,VA05,Audit 2026 device/Data store/Audit/VA05.xlsx#VA05!row=3
asset,OBS:FF4A1ED420,OBSERVED_AT,location,VA05,Audit 2026 device/Data store/Audit/VA05.xlsx#VA05!row=4
asset,SN:MK410221102375,OBSERVED_AT,location,VA05,Audit 2026 device/Data store/Audit/VA05.xlsx#VA05!row=5
asset,SN:D190928010059,OBSERVED_AT,location,VA05,Audit 2026 device/Data store/Audit/VA05.xlsx#VA05!row=6
asset,SN:G23C76633,OBSERVED_AT,location,VA05,Audit 2026 device/Data store/Audit/VA05.xlsx#VA05!row=7
asset,SN:3CQ23207GZ,OBSERVED_AT,location,VA05,Audit 2026 device/Data store/Audit/VA05.xlsx#VA05!row=8
asset,SN:X7B9027872,OBSERVED_AT,location,VA05,Audit 2026 device/Data store/Audit/VA05.xlsx#VA05!row=9
asset,SN:PSZ2717X8F,OBSERVED_AT,location,VA05,Audit 2026 device/Data store/Audit/VA05.xlsx#VA05!row=10
asset,SN:9C05D67986B5,OBSERVED_AT,location,VA05,Audit 2026 device/Data store/Audit/VA05.xlsx#VA05!row=11
asset,SN:FGT40FTK24012852,OBSERVED_AT,location,VA05,Audit 2026 device/Data store/Audit/VA05.xlsx#VA05!row=12
asset,SN:NMYA846446,OBSERVED_AT,location,VA05,Audit 2026 device/Data store/Audit/VA05.xlsx#VA05!row=13
asset,SN:352294624027655,OBSERVED_AT,location,VA05,Audit 2026 device/Data store/Audit/VA05.xlsx#VA05!row=14
asset,SN:I1622C0001,OBSERVED_AT,location,VA05,Audit 2026 device/Data store/Audit/VA05.xlsx#VA05!row=15
asset,SN:24163523021407,OBSERVED_AT,location,VA05,Audit 2026 device/Data store/Audit/VA05.xlsx#VA05!row=16
asset,SN:2534123052300530,OBSERVED_AT,location,VA05,Audit 2026 device/Data store/Audit/VA05.xlsx#VA05!row=17
asset,SN:5CD250F9PY,OBSERVED_AT,location,VA06,Audit 2026 device/Data store/Audit/VA06.xlsx#VA06!row=2
asset,OBS:7BD37D447E,OBSERVED_AT,location,VA06,Audit 2026 device/Data store/Audit/VA06.xlsx#VA06!row=3
asset,SN:MK410221101761,OBSERVED_AT,location,VA06,Audit 2026 device/Data store/Audit/VA06.xlsx#VA06!row=4
asset,SN:G22F27193,OBSERVED_AT,location,VA06,Audit 2026 device/Data store/Audit/VA06.xlsx#VA06!row=5
asset,SN:X7B9022769,OBSERVED_AT,location,VA06,Audit 2026 device/Data store/Audit/VA06.xlsx#VA06!row=6
asset,SN:22253D8008245,OBSERVED_AT,location,VA06,Audit 2026 device/Data store/Audit/VA06.xlsx#VA06!row=7
asset,SN:FGT40FTK24009146,OBSERVED_AT,location,VA06,Audit 2026 device/Data store/Audit/VA06.xlsx#VA06!row=8
asset,SN:NMYA785124,OBSERVED_AT,location,VA06,Audit 2026 device/Data store/Audit/VA06.xlsx#VA06!row=9
asset,SN:862854053047574,OBSERVED_AT,location,VA06,Audit 2026 device/Data store/Audit/VA06.xlsx#VA06!row=10
asset,SN:I1623H0001,OBSERVED_AT,location,VA06,Audit 2026 device/Data store/Audit/VA06.xlsx#VA06!row=11
asset,SN:XXZTN261200002,OBSERVED_AT,location,VA06,Audit 2026 device/Data store/Audit/VA06.xlsx#VA06!row=12
asset,SN:9041B204E93D,OBSERVED_AT,location,VA06,Audit 2026 device/Data store/Audit/VA06.xlsx#VA06!row=13
asset,SN:S26023524700822,OBSERVED_AT,location,VA06,Audit 2026 device/Data store/Audit/VA06.xlsx#VA06!row=14
asset,SN:5CD2409YYT,OBSERVED_AT,location,VA08,Audit 2026 device/Data store/Audit/VA08.xlsx#VA08!row=2
asset,OBS:6786FD43B1,OBSERVED_AT,location,VA08,Audit 2026 device/Data store/Audit/VA08.xlsx#VA08!row=3
asset,SN:G23C76615,OBSERVED_AT,location,VA08,Audit 2026 device/Data store/Audit/VA08.xlsx#VA08!row=4
asset,SN:X7B9025160,OBSERVED_AT,location,VA08,Audit 2026 device/Data store/Audit/VA08.xlsx#VA08!row=5
asset,SN:PSZ26391WDK,OBSERVED_AT,location,VA08,Audit 2026 device/Data store/Audit/VA08.xlsx#VA08!row=6
asset,SN:9C05D6797F4B,OBSERVED_AT,location,VA08,Audit 2026 device/Data store/Audit/VA08.xlsx#VA08!row=7
asset,SN:FGT40FTK24013313,OBSERVED_AT,location,VA08,Audit 2026 device/Data store/Audit/VA08.xlsx#VA08!row=8
asset,SN:NMYA802545,OBSERVED_AT,location,VA08,Audit 2026 device/Data store/Audit/VA08.xlsx#VA08!row=9
asset,SN:24165523020005,OBSERVED_AT,location,VA08,Audit 2026 device/Data store/Audit/VA08.xlsx#VA08!row=10
asset,SN:9C05D6797F4B,OBSERVED_AT,location,VA08,Audit 2026 device/Data store/Audit/VA08.xlsx#VA08!row=11
asset,SN:8CC3213L26,OBSERVED_AT,location,VA11,Audit 2026 device/Data store/Audit/VA11.xlsx#VA11!row=2
asset,SN:G23D05933,OBSERVED_AT,location,VA11,Audit 2026 device/Data store/Audit/VA11.xlsx#VA11!row=3
asset,SN:X7B9028160,OBSERVED_AT,location,VA11,Audit 2026 device/Data store/Audit/VA11.xlsx#VA11!row=4
asset,SN:D190928010060,OBSERVED_AT,location,VA11,Audit 2026 device/Data store/Audit/VA11.xlsx#VA11!row=5
asset,SN:MK410221102370,OBSERVED_AT,location,VA11,Audit 2026 device/Data store/Audit/VA11.xlsx#VA11!row=6
asset,SN:NMYA834048,OBSERVED_AT,location,VA11,Audit 2026 device/Data store/Audit/VA11.xlsx#VA11!row=7
asset,OBS:A6894E317F,OBSERVED_AT,location,VA11,Audit 2026 device/Data store/Audit/VA11.xlsx#VA11!row=8
asset,SN:3CQ2320CS2,OBSERVED_AT,location,VA11,Audit 2026 device/Data store/Audit/VA11.xlsx#VA11!row=9
asset,SN:PSZ27181B30,OBSERVED_AT,location,VA11,Audit 2026 device/Data store/Audit/VA11.xlsx#VA11!row=10
asset,SN:FGT40FTK24006198,OBSERVED_AT,location,VA11,Audit 2026 device/Data store/Audit/VA11.xlsx#VA11!row=11
asset,SN:24164523022699,OBSERVED_AT,location,VA11,Audit 2026 device/Data store/Audit/VA11.xlsx#VA11!row=12
asset,SN:I1623H0005,OBSERVED_AT,location,VA11,Audit 2026 device/Data store/Audit/VA11.xlsx#VA11!row=13
asset,SN:2530022102300552,OBSERVED_AT,location,VA11,Audit 2026 device/Data store/Audit/VA11.xlsx#VA11!row=14
asset,SN:9C05D6798618,OBSERVED_AT,location,VA11,Audit 2026 device/Data store/Audit/VA11.xlsx#VA11!row=15
asset,SN:NMYA765067,OBSERVED_AT,location,VA12,Audit 2026 device/Data store/Audit/VA12.xlsx#VA12!row=2
asset,SN:G23D05439,OBSERVED_AT,location,VA12,Audit 2026 device/Data store/Audit/VA12.xlsx#VA12!row=3
asset,SN:X7B9025644,OBSERVED_AT,location,VA12,Audit 2026 device/Data store/Audit/VA12.xlsx#VA12!row=4
asset,OBS:1701B3B228,OBSERVED_AT,location,VA12,Audit 2026 device/Data store/Audit/VA12.xlsx#VA12!row=5
asset,OBS:A73947445A,OBSERVED_AT,location,VA12,Audit 2026 device/Data store/Audit/VA12.xlsx#VA12!row=6
asset,SN:3CQ232065Y,OBSERVED_AT,location,VA12,Audit 2026 device/Data store/Audit/VA12.xlsx#VA12!row=7
asset,SN:PSZ27111BB9,OBSERVED_AT,location,VA12,Audit 2026 device/Data store/Audit/VA12.xlsx#VA12!row=8
asset,OBS:50FBAD216B,OBSERVED_AT,location,VA12,Audit 2026 device/Data store/Audit/VA12.xlsx#VA12!row=9
asset,SN:8CC2231CV8,OBSERVED_AT,location,VA12,Audit 2026 device/Data store/Audit/VA12.xlsx#VA12!row=10
asset,SN:X7B9025644,OBSERVED_AT,location,VA12,Audit 2026 device/Data store/Audit/VA12.xlsx#VA12!row=13
asset,OBS:3B16CD1A5C,OBSERVED_AT,location,VA12,Audit 2026 device/Data store/Audit/VA12.xlsx#VA12!row=14
asset,SN:3CQ232065Y,OBSERVED_AT,location,VA12,Audit 2026 device/Data store/Audit/VA12.xlsx#VA12!row=15
asset,SN:D190928010128,OBSERVED_AT,location,VA12,Audit 2026 device/Data store/Audit/VA12.xlsx#VA12!row=16
asset,SN:PSZ27111BB9,OBSERVED_AT,location,VA12,Audit 2026 device/Data store/Audit/VA12.xlsx#VA12!row=17
asset,OBS:AF79CEBCC2,OBSERVED_AT,location,VA12,Audit 2026 device/Data store/Audit/VA12.xlsx#VA12!row=18
asset,SN:24248523020405,OBSERVED_AT,location,VA12,Audit 2026 device/Data store/Audit/VA12.xlsx#VA12!row=19
asset,SN:9C05D67987D6,OBSERVED_AT,location,VA12,Audit 2026 device/Data store/Audit/VA12.xlsx#VA12!row=20
asset,SN:FGT40FTK2309D2HW,OBSERVED_AT,location,VA12,Audit 2026 device/Data store/Audit/VA12.xlsx#VA12!row=21
asset,SN:2534123052300531,OBSERVED_AT,location,VA12,Audit 2026 device/Data store/Audit/VA12.xlsx#VA12!row=22
asset,SN:3CQ633116Z,OBSERVED_AT,location,VA13,Audit 2026 device/Data store/Audit/VA13.xlsx#VA13!row=2
asset,SN:X7BA011302,OBSERVED_AT,location,VA13,Audit 2026 device/Data store/Audit/VA13.xlsx#VA13!row=3
asset,SN:NMYA783802,OBSERVED_AT,location,VA13,Audit 2026 device/Data store/Audit/VA13.xlsx#VA13!row=4
asset,SN:211130000049,OBSERVED_AT,location,VA13,Audit 2026 device/Data store/Audit/VA13.xlsx#VA13!row=5
asset,OBS:C436F31137,OBSERVED_AT,location,VA13,Audit 2026 device/Data store/Audit/VA13.xlsx#VA13!row=6
asset,SN:MK410220300197,OBSERVED_AT,location,VA13,Audit 2026 device/Data store/Audit/VA13.xlsx#VA13!row=7
asset,SN:FGT40FTK24010083,OBSERVED_AT,location,VA13,Audit 2026 device/Data store/Audit/VA13.xlsx#VA13!row=8
asset,SN:22172W5002275,OBSERVED_AT,location,VA13,Audit 2026 device/Data store/Audit/VA13.xlsx#VA13!row=9
asset,SN:G22EB4602,OBSERVED_AT,location,VA13,Audit 2026 device/Data store/Audit/VA13.xlsx#VA13!row=10
asset,OBS:CE4F3FDE13,OBSERVED_AT,location,VA13,Audit 2026 device/Data store/Audit/VA13.xlsx#VA13!row=11
asset,SN:8CC22011LP,OBSERVED_AT,location,VA13,Audit 2026 device/Data store/Audit/VA13.xlsx#VA13!row=12
asset,SN:I1622F0004,OBSERVED_AT,location,VA13,Audit 2026 device/Data store/Audit/VA13.xlsx#VA13!row=13
asset,SN:862854053050057,OBSERVED_AT,location,VA13,Audit 2026 device/Data store/Audit/VA13.xlsx#VA13!row=14
asset,SN:24165523020013,OBSERVED_AT,location,VA13,Audit 2026 device/Data store/Audit/VA13.xlsx#VA13!row=15
asset,SN:9C05D6798566,OBSERVED_AT,location,VA13,Audit 2026 device/Data store/Audit/VA13.xlsx#VA13!row=16
asset,SN:2534123052300540,OBSERVED_AT,location,VA13,Audit 2026 device/Data store/Audit/VA13.xlsx#VA13!row=17
asset,SN:8CG8105N35,OBSERVED_AT,location,VA14,Audit 2026 device/Data store/Audit/VA14.xlsx#VA14!row=2
asset,SN:X7B90227772,OBSERVED_AT,location,VA14,Audit 2026 device/Data store/Audit/VA14.xlsx#VA14!row=3
asset,OBS:9538E71BB3,OBSERVED_AT,location,VA14,Audit 2026 device/Data store/Audit/VA14.xlsx#VA14!row=4
asset,OBS:F82B0863D2,OBSERVED_AT,location,VA14,Audit 2026 device/Data store/Audit/VA14.xlsx#VA14!row=5
asset,SN:NMYA786005,OBSERVED_AT,location,VA14,Audit 2026 device/Data store/Audit/VA14.xlsx#VA14!row=6
asset,SN:493345-002,OBSERVED_AT,location,VA14,Audit 2026 device/Data store/Audit/VA14.xlsx#VA14!row=7
asset,SN:CN-OMMK39-72872-5CO-G47U-A00,OBSERVED_AT,location,VA14,Audit 2026 device/Data store/Audit/VA14.xlsx#VA14!row=8
asset,SN:2201552001955,OBSERVED_AT,location,VA14,Audit 2026 device/Data store/Audit/VA14.xlsx#VA14!row=9
asset,SN:FGT40FTK2309D2CM,OBSERVED_AT,location,VA14,Audit 2026 device/Data store/Audit/VA14.xlsx#VA14!row=10
asset,SN:G23C76615,OBSERVED_AT,location,VA14,Audit 2026 device/Data store/Audit/VA14.xlsx#VA14!row=11
asset,SN:24144523021823,OBSERVED_AT,location,VA14,Audit 2026 device/Data store/Audit/VA14.xlsx#VA14!row=12
asset,SN:HA1JZCBD,OBSERVED_AT,location,VA14,Audit 2026 device/Data store/Audit/VA14.xlsx#VA14!row=13
asset,SN:I1624C0003,OBSERVED_AT,location,VA14,Audit 2026 device/Data store/Audit/VA14.xlsx#VA14!row=14
asset,SN:9C05D679886A,OBSERVED_AT,location,VA14,Audit 2026 device/Data store/Audit/VA14.xlsx#VA14!row=15
asset,SN:354348130452407,OBSERVED_AT,location,VA14,Audit 2026 device/Data store/Audit/VA14.xlsx#VA14!row=16
asset,SN:MK410220300534,OBSERVED_AT,location,VA14,Audit 2026 device/Data store/Audit/VA14.xlsx#VA14!row=17
asset,SN:2534123052300545,OBSERVED_AT,location,VA14,Audit 2026 device/Data store/Audit/VA14.xlsx#VA14!row=18
asset,SN:1HC4LQ3,OBSERVED_AT,location,VA15,Audit 2026 device/Data store/Audit/VA15.xlsx#VA15!row=2
asset,SN:1CR8371GSK,OBSERVED_AT,location,VA15,Audit 2026 device/Data store/Audit/VA15.xlsx#VA15!row=3
asset,SN:20230526081,OBSERVED_AT,location,VA15,Audit 2026 device/Data store/Audit/VA15.xlsx#VA15!row=4
asset,SN:211130000045,OBSERVED_AT,location,VA15,Audit 2026 device/Data store/Audit/VA15.xlsx#VA15!row=5
asset,SN:22253D9009871,OBSERVED_AT,location,VA15,Audit 2026 device/Data store/Audit/VA15.xlsx#VA15!row=6
asset,SN:G21M82786,OBSERVED_AT,location,VA15,Audit 2026 device/Data store/Audit/VA15.xlsx#VA15!row=7
asset,SN:X7B9022758,OBSERVED_AT,location,VA15,Audit 2026 device/Data store/Audit/VA15.xlsx#VA15!row=8
asset,SN:CNBRP8339N,OBSERVED_AT,location,VA15,Audit 2026 device/Data store/Audit/VA15.xlsx#VA15!row=9
asset,OBS:22B327A3D0,OBSERVED_AT,location,VA15,Audit 2026 device/Data store/Audit/VA15.xlsx#VA15!row=10
asset,SN:FGT40FTK24012854,OBSERVED_AT,location,VA15,Audit 2026 device/Data store/Audit/VA15.xlsx#VA15!row=11
asset,SN:24164523022668,OBSERVED_AT,location,VA15,Audit 2026 device/Data store/Audit/VA15.xlsx#VA15!row=12
asset,SN:2534123052300531,OBSERVED_AT,location,VA15,Audit 2026 device/Data store/Audit/VA15.xlsx#VA15!row=13
asset,SN:9C05D679882E,OBSERVED_AT,location,VA15,Audit 2026 device/Data store/Audit/VA15.xlsx#VA15!row=14
asset,SN:8CC2231D6Z,OBSERVED_AT,location,VA16,Audit 2026 device/Data store/Audit/VA16.xlsx#VA16!row=2
asset,SN:2HC4LQ3,OBSERVED_AT,location,VA16,Audit 2026 device/Data store/Audit/VA16.xlsx#VA16!row=3
asset,SN:DHC4LQ3,OBSERVED_AT,location,VA16,Audit 2026 device/Data store/Audit/VA16.xlsx#VA16!row=4
asset,SN:3CQ54013F6,OBSERVED_AT,location,VA16,Audit 2026 device/Data store/Audit/VA16.xlsx#VA16!row=5
asset,SN:1CR8420HDS,OBSERVED_AT,location,VA16,Audit 2026 device/Data store/Audit/VA16.xlsx#VA16!row=6
asset,SN:1CR82307CH,OBSERVED_AT,location,VA16,Audit 2026 device/Data store/Audit/VA16.xlsx#VA16!row=7
asset,SN:F3H40430496,OBSERVED_AT,location,VA16,Audit 2026 device/Data store/Audit/VA16.xlsx#VA16!row=8
asset,SN:MK410220300326,OBSERVED_AT,location,VA16,Audit 2026 device/Data store/Audit/VA16.xlsx#VA16!row=9
asset,SN:DGAV141220180740,OBSERVED_AT,location,VA16,Audit 2026 device/Data store/Audit/VA16.xlsx#VA16!row=10
asset,SN:S31U4I3002273,OBSERVED_AT,location,VA16,Audit 2026 device/Data store/Audit/VA16.xlsx#VA16!row=11
asset,SN:211130000039,OBSERVED_AT,location,VA16,Audit 2026 device/Data store/Audit/VA16.xlsx#VA16!row=12
asset,SN:211130000034,OBSERVED_AT,location,VA16,Audit 2026 device/Data store/Audit/VA16.xlsx#VA16!row=13
asset,OBS:0F3CFEDF73,OBSERVED_AT,location,VA16,Audit 2026 device/Data store/Audit/VA16.xlsx#VA16!row=14
asset,SN:G21EB1552,OBSERVED_AT,location,VA16,Audit 2026 device/Data store/Audit/VA16.xlsx#VA16!row=15
asset,SN:G21E85723,OBSERVED_AT,location,VA16,Audit 2026 device/Data store/Audit/VA16.xlsx#VA16!row=16
asset,SN:X7B9025195,OBSERVED_AT,location,VA16,Audit 2026 device/Data store/Audit/VA16.xlsx#VA16!row=17
asset,SN:X7BA007402,OBSERVED_AT,location,VA16,Audit 2026 device/Data store/Audit/VA16.xlsx#VA16!row=18
asset,SN:NMYA585779,OBSERVED_AT,location,VA16,Audit 2026 device/Data store/Audit/VA16.xlsx#VA16!row=19
asset,OBS:8B337BB83A,OBSERVED_AT,location,VA16,Audit 2026 device/Data store/Audit/VA16.xlsx#VA16!row=20
asset,SN:CNK3380795,OBSERVED_AT,location,VA16,Audit 2026 device/Data store/Audit/VA16.xlsx#VA16!row=21
asset,SN:FGT40FTK24006198,OBSERVED_AT,location,VA16,Audit 2026 device/Data store/Audit/VA16.xlsx#VA16!row=23
asset,SN:S24144523021519,OBSERVED_AT,location,VA16,Audit 2026 device/Data store/Audit/VA16.xlsx#VA16!row=24
asset,SN:352294624028836,OBSERVED_AT,location,VA16,Audit 2026 device/Data store/Audit/VA16.xlsx#VA16!row=25
asset,SN:I1622F0008,OBSERVED_AT,location,VA16,Audit 2026 device/Data store/Audit/VA16.xlsx#VA16!row=26
asset,SN:9C05D6798F4E,OBSERVED_AT,location,VA16,Audit 2026 device/Data store/Audit/VA16.xlsx#VA16!row=27
asset,SN:2530022102300542,OBSERVED_AT,location,VA16,Audit 2026 device/Data store/Audit/VA16.xlsx#VA16!row=28
asset,SN:356160460749106,OBSERVED_AT,location,VA16,Audit 2026 device/Data store/Audit/VA16.xlsx#VA16!row=29
asset,SN:SR25102704450,OBSERVED_AT,location,VA16,Audit 2026 device/Data store/Audit/VA16.xlsx#VA16!row=30
asset,SN:SR25102704455,OBSERVED_AT,location,VA16,Audit 2026 device/Data store/Audit/VA16.xlsx#VA16!row=31
asset,OBS:D9B6ADDB89,OBSERVED_AT,location,VA16,Audit 2026 device/Data store/Audit/VA16.xlsx#VA16!row=32
asset,SN:4CE234DC9C,OBSERVED_AT,location,DSV,Audit 2026 device/Data store/Audit/VA18.xlsx#VA18 NEW BALANCE AEON HA DONG!row=2
asset,SN:4CE234DC9C,INTENDED_FOR,location,VA18,Audit 2026 device/Data store/Audit/VA18.xlsx#VA18 NEW BALANCE AEON HA DONG!row=2
asset,OBS:847C01C47D,OBSERVED_AT,location,VA18,Audit 2026 device/Data store/Audit/VA18.xlsx#VA18 NEW BALANCE AEON HA DONG!row=3
asset,OBS:302DFD592C,OBSERVED_AT,location,VA18,Audit 2026 device/Data store/Audit/VA18.xlsx#VA18 NEW BALANCE AEON HA DONG!row=4
asset,SN:MK410211200950,OBSERVED_AT,location,VA18,Audit 2026 device/Data store/Audit/VA18.xlsx#VA18 NEW BALANCE AEON HA DONG!row=5
asset,SN:DH240328010036,OBSERVED_AT,location,VA18,Audit 2026 device/Data store/Audit/VA18.xlsx#VA18 NEW BALANCE AEON HA DONG!row=6
asset,SN:G19M33798,OBSERVED_AT,location,VA18,Audit 2026 device/Data store/Audit/VA18.xlsx#VA18 NEW BALANCE AEON HA DONG!row=7
asset,SN:1CR82307DH,OBSERVED_AT,location,VA18,Audit 2026 device/Data store/Audit/VA18.xlsx#VA18 NEW BALANCE AEON HA DONG!row=8
asset,SN:X7BA000887,OBSERVED_AT,location,VA18,Audit 2026 device/Data store/Audit/VA18.xlsx#VA18 NEW BALANCE AEON HA DONG!row=9
asset,SN:PSZ27111BN9,OBSERVED_AT,location,VA18,Audit 2026 device/Data store/Audit/VA18.xlsx#VA18 NEW BALANCE AEON HA DONG!row=10
asset,SN:8C30664C8871,OBSERVED_AT,location,VA18,Audit 2026 device/Data store/Audit/VA18.xlsx#VA18 NEW BALANCE AEON HA DONG!row=11
asset,SN:FGT40FTK24012853,OBSERVED_AT,location,VA18,Audit 2026 device/Data store/Audit/VA18.xlsx#VA18 NEW BALANCE AEON HA DONG!row=12
asset,SN:NMYA467026,OBSERVED_AT,location,VA18,Audit 2026 device/Data store/Audit/VA18.xlsx#VA18 NEW BALANCE AEON HA DONG!row=13
asset,SN:26023524700917,OBSERVED_AT,location,VA18,Audit 2026 device/Data store/Audit/VA18.xlsx#VA18 NEW BALANCE AEON HA DONG!row=14
asset,SN:XXZTN261200005,OBSERVED_AT,location,VA18,Audit 2026 device/Data store/Audit/VA18.xlsx#VA18 NEW BALANCE AEON HA DONG!row=15
asset,SN:8CC51110Q1,OBSERVED_AT,location,VA19,Audit 2026 device/Data store/Audit/VA19.xlsx#VA19!row=2
asset,OBS:6D872586CC,OBSERVED_AT,location,VA19,Audit 2026 device/Data store/Audit/VA19.xlsx#VA19!row=3
asset,OBS:DB5A7B558B,OBSERVED_AT,location,VA19,Audit 2026 device/Data store/Audit/VA19.xlsx#VA19!row=4
asset,SN:MK410221101694,OBSERVED_AT,location,VA19,Audit 2026 device/Data store/Audit/VA19.xlsx#VA19!row=5
asset,SN:VFD220U13B20120033,OBSERVED_AT,location,VA19,Audit 2026 device/Data store/Audit/VA19.xlsx#VA19!row=6
asset,SN:G21E85754,OBSERVED_AT,location,VA19,Audit 2026 device/Data store/Audit/VA19.xlsx#VA19!row=7
asset,SN:1CR82307CB,OBSERVED_AT,location,VA19,Audit 2026 device/Data store/Audit/VA19.xlsx#VA19!row=8
asset,SN:X7B9023460,OBSERVED_AT,location,VA19,Audit 2026 device/Data store/Audit/VA19.xlsx#VA19!row=9
asset,SN:KWC29190Y1C,OBSERVED_AT,location,VA19,Audit 2026 device/Data store/Audit/VA19.xlsx#VA19!row=10
asset,SN:9C05D67658B6,OBSERVED_AT,location,VA19,Audit 2026 device/Data store/Audit/VA19.xlsx#VA19!row=11
asset,OBS:FEA8715642,OBSERVED_AT,location,VA19,Audit 2026 device/Data store/Audit/VA19.xlsx#VA19!row=12
asset,SN:FGT40FTK24086985,OBSERVED_AT,location,VA19,Audit 2026 device/Data store/Audit/VA19.xlsx#VA19!row=13
asset,SN:NMYA802536,OBSERVED_AT,location,VA19,Audit 2026 device/Data store/Audit/VA19.xlsx#VA19!row=14
asset,SN:356160460426515,OBSERVED_AT,location,VA19,Audit 2026 device/Data store/Audit/VA19.xlsx#VA19!row=15
asset,SN:I1623F0001,OBSERVED_AT,location,VA19,Audit 2026 device/Data store/Audit/VA19.xlsx#VA19!row=16
asset,SN:S24164523022684,OBSERVED_AT,location,VA19,Audit 2026 device/Data store/Audit/VA19.xlsx#VA19!row=17
asset,SN:2530022102300950,OBSERVED_AT,location,VA19,Audit 2026 device/Data store/Audit/VA19.xlsx#VA19!row=18
asset,SN:8CC2231D4N,OBSERVED_AT,location,VA20,Audit 2026 device/Data store/Audit/VA20.xlsx#VA20!row=2
asset,SN:8CC2231D5C,OBSERVED_AT,location,VA20,Audit 2026 device/Data store/Audit/VA20.xlsx#VA20!row=3
asset,SN:BGC4LQ3,OBSERVED_AT,location,VA20,Audit 2026 device/Data store/Audit/VA20.xlsx#VA20!row=4
asset,OBS:702B7EDC42,OBSERVED_AT,location,VA20,Audit 2026 device/Data store/Audit/VA20.xlsx#VA20!row=5
asset,OBS:126B74C6D3,OBSERVED_AT,location,VA20,Audit 2026 device/Data store/Audit/VA20.xlsx#VA20!row=5
asset,OBS:3D879A7A1C,OBSERVED_AT,location,VA20,Audit 2026 device/Data store/Audit/VA20.xlsx#VA20!row=6
asset,OBS:57E9875663,OBSERVED_AT,location,VA20,Audit 2026 device/Data store/Audit/VA20.xlsx#VA20!row=6
asset,SN:MK410211201512,OBSERVED_AT,location,VA20,Audit 2026 device/Data store/Audit/VA20.xlsx#VA20!row=7
asset,SN:DGAV11220182777,OBSERVED_AT,location,VA20,Audit 2026 device/Data store/Audit/VA20.xlsx#VA20!row=8
asset,SN:211130000048,OBSERVED_AT,location,VA20,Audit 2026 device/Data store/Audit/VA20.xlsx#VA20!row=9
asset,SN:211130000009,OBSERVED_AT,location,VA20,Audit 2026 device/Data store/Audit/VA20.xlsx#VA20!row=10
asset,SN:G22EB4589G21E85804,OBSERVED_AT,location,VA20,Audit 2026 device/Data store/Audit/VA20.xlsx#VA20!row=11
asset,OBS:D5E085C8E8,OBSERVED_AT,location,VA20,Audit 2026 device/Data store/Audit/VA20.xlsx#VA20!row=11
asset,SN:3CQ2320CR6,OBSERVED_AT,location,VA20,Audit 2026 device/Data store/Audit/VA20.xlsx#VA20!row=12
asset,SN:CNT930534Q,OBSERVED_AT,location,VA20,Audit 2026 device/Data store/Audit/VA20.xlsx#VA20!row=13
asset,SN:X7BA002787,OBSERVED_AT,location,VA20,Audit 2026 device/Data store/Audit/VA20.xlsx#VA20!row=14
asset,SN:X7BA004091,OBSERVED_AT,location,VA20,Audit 2026 device/Data store/Audit/VA20.xlsx#VA20!row=15
asset,SN:2201552001939,OBSERVED_AT,location,VA20,Audit 2026 device/Data store/Audit/VA20.xlsx#VA20!row=16
asset,SN:9C05D67986D9,OBSERVED_AT,location,VA20,Audit 2026 device/Data store/Audit/VA20.xlsx#VA20!row=17
asset,SN:FGT40FTK2309D2HW,OBSERVED_AT,location,VA20,Audit 2026 device/Data store/Audit/VA20.xlsx#VA20!row=18
asset,SN:NMYA746459,OBSERVED_AT,location,VA20,Audit 2026 device/Data store/Audit/VA20.xlsx#VA20!row=19
asset,SN:862884053049927,OBSERVED_AT,location,VA20,Audit 2026 device/Data store/Audit/VA20.xlsx#VA20!row=20
asset,SN:I1624C0017,OBSERVED_AT,location,VA20,Audit 2026 device/Data store/Audit/VA20.xlsx#VA20!row=21
asset,SN:24164523022756,OBSERVED_AT,location,VA20,Audit 2026 device/Data store/Audit/VA20.xlsx#VA20!row=22
asset,SN:2534123052300549,OBSERVED_AT,location,VA20,Audit 2026 device/Data store/Audit/VA20.xlsx#VA20!row=23
asset,SN:2312178BADH21L0200002,OBSERVED_AT,location,VA20,Audit 2026 device/Data store/Audit/VA20.xlsx#VA20!row=24
asset,SN:5CD250F9ZW,OBSERVED_AT,location,VA23,Audit 2026 device/Data store/Audit/VA23.xlsx#VA23!row=2
asset,OBS:CD2C7AFE13,OBSERVED_AT,location,VA23,Audit 2026 device/Data store/Audit/VA23.xlsx#VA23!row=3
asset,SN:G20L70107,OBSERVED_AT,location,VA23,Audit 2026 device/Data store/Audit/VA23.xlsx#VA23!row=4
asset,SN:X7BA000883,OBSERVED_AT,location,VA23,Audit 2026 device/Data store/Audit/VA23.xlsx#VA23!row=5
asset,SN:2201552001975,OBSERVED_AT,location,VA23,Audit 2026 device/Data store/Audit/VA23.xlsx#VA23!row=6
asset,SN:FGT40FTK24012877,OBSERVED_AT,location,VA23,Audit 2026 device/Data store/Audit/VA23.xlsx#VA23!row=7
asset,SN:NMYA467026,OBSERVED_AT,location,VA23,Audit 2026 device/Data store/Audit/VA23.xlsx#VA23!row=8
asset,SN:4CE234DC6P,OBSERVED_AT,location,DSV,Audit 2026 device/Data store/Audit/VA24.xlsx#VA24 NEW BALANCE VINCOM BATRIEU!row=2
asset,SN:4CE234DC6P,INTENDED_FOR,location,VA24,Audit 2026 device/Data store/Audit/VA24.xlsx#VA24 NEW BALANCE VINCOM BATRIEU!row=2
asset,OBS:4000FA51A6,OBSERVED_AT,location,VA24,Audit 2026 device/Data store/Audit/VA24.xlsx#VA24 NEW BALANCE VINCOM BATRIEU!row=3
asset,OBS:ABF84B72F9,OBSERVED_AT,location,VA24,Audit 2026 device/Data store/Audit/VA24.xlsx#VA24 NEW BALANCE VINCOM BATRIEU!row=4
asset,SN:B5AT100009,OBSERVED_AT,location,VA24,Audit 2026 device/Data store/Audit/VA24.xlsx#VA24 NEW BALANCE VINCOM BATRIEU!row=5
asset,SN:DH240328010037,OBSERVED_AT,location,VA24,Audit 2026 device/Data store/Audit/VA24.xlsx#VA24 NEW BALANCE VINCOM BATRIEU!row=6
asset,SN:G17NE9961,OBSERVED_AT,location,VA24,Audit 2026 device/Data store/Audit/VA24.xlsx#VA24 NEW BALANCE VINCOM BATRIEU!row=7
asset,SN:1CR8420G58,OBSERVED_AT,location,VA24,Audit 2026 device/Data store/Audit/VA24.xlsx#VA24 NEW BALANCE VINCOM BATRIEU!row=8
asset,SN:TCCY011123,OBSERVED_AT,location,VA24,Audit 2026 device/Data store/Audit/VA24.xlsx#VA24 NEW BALANCE VINCOM BATRIEU!row=9
asset,SN:PSZ26391W7N,OBSERVED_AT,location,VA24,Audit 2026 device/Data store/Audit/VA24.xlsx#VA24 NEW BALANCE VINCOM BATRIEU!row=10
asset,SN:84784886C6E7,OBSERVED_AT,location,VA24,Audit 2026 device/Data store/Audit/VA24.xlsx#VA24 NEW BALANCE VINCOM BATRIEU!row=11
asset,OBS:C27CA81F4B,OBSERVED_AT,location,VA24,Audit 2026 device/Data store/Audit/VA24.xlsx#VA24 NEW BALANCE VINCOM BATRIEU!row=12
asset,SN:FGT40FTK25089026,OBSERVED_AT,location,VA24,Audit 2026 device/Data store/Audit/VA24.xlsx#VA24 NEW BALANCE VINCOM BATRIEU!row=13
asset,SN:CNBRP833GH,OBSERVED_AT,location,VA24,Audit 2026 device/Data store/Audit/VA24.xlsx#VA24 NEW BALANCE VINCOM BATRIEU!row=14
asset,SN:R5GL20XDN3F,OBSERVED_AT,location,VA24,Audit 2026 device/Data store/Audit/VA24.xlsx#VA24 NEW BALANCE VINCOM BATRIEU!row=15
asset,SN:I1622F0002,OBSERVED_AT,location,DSV,Audit 2026 device/Data store/Audit/VA24.xlsx#VA24 NEW BALANCE VINCOM BATRIEU!row=16
asset,SN:I1622F0002,INTENDED_FOR,location,VA24,Audit 2026 device/Data store/Audit/VA24.xlsx#VA24 NEW BALANCE VINCOM BATRIEU!row=16
asset,SN:S26023524700890,OBSERVED_AT,location,VA24,Audit 2026 device/Data store/Audit/VA24.xlsx#VA24 NEW BALANCE VINCOM BATRIEU!row=17
asset,SN:XXZTN261200001,OBSERVED_AT,location,VA24,Audit 2026 device/Data store/Audit/VA24.xlsx#VA24 NEW BALANCE VINCOM BATRIEU!row=18
asset,SN:JL9XJ67CTP,OBSERVED_AT,location,VA24,Audit 2026 device/Data store/Audit/VA24.xlsx#VA24 NEW BALANCE VINCOM BATRIEU!row=19
asset,SN:ZAV10T500602A,OBSERVED_AT,location,VA24,Audit 2026 device/Data store/Audit/VA24.xlsx#VA24 NEW BALANCE VINCOM BATRIEU!row=20
asset,SN:8CC51110T08CC3500VT4,OBSERVED_AT,location,VH01,Audit 2026 device/Data store/Audit/VH01.xlsx#VH01!row=2
asset,OBS:A0AB2F4FB9,OBSERVED_AT,location,VH01,Audit 2026 device/Data store/Audit/VH01.xlsx#VH01!row=2
asset,OBS:A4B920E826,OBSERVED_AT,location,VH01,Audit 2026 device/Data store/Audit/VH01.xlsx#VH01!row=3
asset,OBS:6099BEB6A0,OBSERVED_AT,location,VH01,Audit 2026 device/Data store/Audit/VH01.xlsx#VH01!row=3
asset,OBS:52F456B21C,OBSERVED_AT,location,VH01,Audit 2026 device/Data store/Audit/VH01.xlsx#VH01!row=3
asset,OBS:BDC19C3C47,OBSERVED_AT,location,VH01,Audit 2026 device/Data store/Audit/VH01.xlsx#VH01!row=4
asset,OBS:7E647D5137,OBSERVED_AT,location,VH01,Audit 2026 device/Data store/Audit/VH01.xlsx#VH01!row=4
asset,OBS:2DB275B688,OBSERVED_AT,location,VH01,Audit 2026 device/Data store/Audit/VH01.xlsx#VH01!row=4
asset,SN:MK410211201000MK410221102371,OBSERVED_AT,location,VH01,Audit 2026 device/Data store/Audit/VH01.xlsx#VH01!row=5
asset,OBS:6DC925F49F,OBSERVED_AT,location,VH01,Audit 2026 device/Data store/Audit/VH01.xlsx#VH01!row=5
asset,SN:2108112341009VFD220U13B20120034,OBSERVED_AT,location,VH01,Audit 2026 device/Data store/Audit/VH01.xlsx#VH01!row=6
asset,OBS:895C315786,OBSERVED_AT,location,VH01,Audit 2026 device/Data store/Audit/VH01.xlsx#VH01!row=6
asset,SN:G23D05705G23C76627,OBSERVED_AT,location,VH01,Audit 2026 device/Data store/Audit/VH01.xlsx#VH01!row=7
asset,OBS:E03B674D7A,OBSERVED_AT,location,VH01,Audit 2026 device/Data store/Audit/VH01.xlsx#VH01!row=7
asset,SN:1CR82307C21CR82307CR3CQ3240J5T,OBSERVED_AT,location,VH01,Audit 2026 device/Data store/Audit/VH01.xlsx#VH01!row=8
asset,OBS:DB2A0BD037,OBSERVED_AT,location,VH01,Audit 2026 device/Data store/Audit/VH01.xlsx#VH01!row=8
asset,OBS:691730EC80,OBSERVED_AT,location,VH01,Audit 2026 device/Data store/Audit/VH01.xlsx#VH01!row=8
asset,SN:X7B9025644X7B9022786,OBSERVED_AT,location,VH01,Audit 2026 device/Data store/Audit/VH01.xlsx#VH01!row=9
asset,OBS:8DE2D419CA,OBSERVED_AT,location,VH01,Audit 2026 device/Data store/Audit/VH01.xlsx#VH01!row=9
asset,SN:KWC29190Y1G,OBSERVED_AT,location,VH01,Audit 2026 device/Data store/Audit/VH01.xlsx#VH01!row=10
asset,SN:9C05D6797F57,OBSERVED_AT,location,VH01,Audit 2026 device/Data store/Audit/VH01.xlsx#VH01!row=11
asset,SN:FGT40FTK24086915,OBSERVED_AT,location,VH01,Audit 2026 device/Data store/Audit/VH01.xlsx#VH01!row=12
asset,SN:NMYA802553,OBSERVED_AT,location,VH01,Audit 2026 device/Data store/Audit/VH01.xlsx#VH01!row=13
asset,SN:C711P94,OBSERVED_AT,location,VH01,Audit 2026 device/Data store/Audit/VH01.xlsx#VH01!row=14
asset,SN:S23118523021439,OBSERVED_AT,location,VH01,Audit 2026 device/Data store/Audit/VH01.xlsx#VH01!row=15
asset,SN:2530022102301150,OBSERVED_AT,location,VH01,Audit 2026 device/Data store/Audit/VH01.xlsx#VH01!row=16
asset,SN:5CD250F9PD,OBSERVED_AT,location,VH02,Audit 2026 device/Data store/Audit/VH02.xlsx#VH02!row=2
asset,OBS:77B593E19E,OBSERVED_AT,location,VH02,Audit 2026 device/Data store/Audit/VH02.xlsx#VH02!row=3
asset,OBS:FAF7DFB9EA,OBSERVED_AT,location,VH02,Audit 2026 device/Data store/Audit/VH02.xlsx#VH02!row=4
asset,SN:2TD311NAFR,OBSERVED_AT,location,VH02,Audit 2026 device/Data store/Audit/VH02.xlsx#VH02!row=5
asset,SN:G23C76607,OBSERVED_AT,location,VH02,Audit 2026 device/Data store/Audit/VH02.xlsx#VH02!row=6
asset,SN:X7BA003673,OBSERVED_AT,location,VH02,Audit 2026 device/Data store/Audit/VH02.xlsx#VH02!row=7
asset,SN:NMYA834196,OBSERVED_AT,location,VH02,Audit 2026 device/Data store/Audit/VH02.xlsx#VH02!row=8
asset,SN:4CE234DC8C,OBSERVED_AT,location,DSV,Audit 2026 device/Data store/Audit/VH03.xlsx#VH03 SKECHERS AEON HAI PHONG!row=2
asset,SN:4CE234DC8C,INTENDED_FOR,location,VH03,Audit 2026 device/Data store/Audit/VH03.xlsx#VH03 SKECHERS AEON HAI PHONG!row=2
asset,OBS:F873971E64,OBSERVED_AT,location,DSV,Audit 2026 device/Data store/Audit/VH03.xlsx#VH03 SKECHERS AEON HAI PHONG!row=2
asset,OBS:F873971E64,INTENDED_FOR,location,VH03,Audit 2026 device/Data store/Audit/VH03.xlsx#VH03 SKECHERS AEON HAI PHONG!row=2
asset,SN:4CE234DC92,OBSERVED_AT,location,DSV,Audit 2026 device/Data store/Audit/VH03.xlsx#VH03 SKECHERS AEON HAI PHONG!row=3
asset,SN:4CE234DC92,INTENDED_FOR,location,VH03,Audit 2026 device/Data store/Audit/VH03.xlsx#VH03 SKECHERS AEON HAI PHONG!row=3
asset,OBS:B06B1A83AD,OBSERVED_AT,location,VH03,Audit 2026 device/Data store/Audit/VH03.xlsx#VH03 SKECHERS AEON HAI PHONG!row=4
asset,OBS:7F05E7613D,OBSERVED_AT,location,VH03,Audit 2026 device/Data store/Audit/VH03.xlsx#VH03 SKECHERS AEON HAI PHONG!row=4
asset,OBS:86413A3B9A,OBSERVED_AT,location,VH03,Audit 2026 device/Data store/Audit/VH03.xlsx#VH03 SKECHERS AEON HAI PHONG!row=4
asset,OBS:1E9AA46223,OBSERVED_AT,location,VH03,Audit 2026 device/Data store/Audit/VH03.xlsx#VH03 SKECHERS AEON HAI PHONG!row=5
asset,OBS:C1A4B97CEF,OBSERVED_AT,location,VH03,Audit 2026 device/Data store/Audit/VH03.xlsx#VH03 SKECHERS AEON HAI PHONG!row=5
asset,OBS:866BC696EF,OBSERVED_AT,location,VH03,Audit 2026 device/Data store/Audit/VH03.xlsx#VH03 SKECHERS AEON HAI PHONG!row=5
asset,SN:MK410210300453,OBSERVED_AT,location,VH03,Audit 2026 device/Data store/Audit/VH03.xlsx#VH03 SKECHERS AEON HAI PHONG!row=6
asset,OBS:C831771C9B,OBSERVED_AT,location,VH03,Audit 2026 device/Data store/Audit/VH03.xlsx#VH03 SKECHERS AEON HAI PHONG!row=6
asset,SN:MK410211201514,OBSERVED_AT,location,VH03,Audit 2026 device/Data store/Audit/VH03.xlsx#VH03 SKECHERS AEON HAI PHONG!row=7
asset,SN:DH240328010039,OBSERVED_AT,location,VH03,Audit 2026 device/Data store/Audit/VH03.xlsx#VH03 SKECHERS AEON HAI PHONG!row=8
asset,OBS:17E1F21363,OBSERVED_AT,location,VH03,Audit 2026 device/Data store/Audit/VH03.xlsx#VH03 SKECHERS AEON HAI PHONG!row=8
asset,SN:DH240328010038,OBSERVED_AT,location,VH03,Audit 2026 device/Data store/Audit/VH03.xlsx#VH03 SKECHERS AEON HAI PHONG!row=9
asset,SN:G20I34954,OBSERVED_AT,location,VH03,Audit 2026 device/Data store/Audit/VH03.xlsx#VH03 SKECHERS AEON HAI PHONG!row=10
asset,OBS:9F0C613C23,OBSERVED_AT,location,VH03,Audit 2026 device/Data store/Audit/VH03.xlsx#VH03 SKECHERS AEON HAI PHONG!row=10
asset,SN:G21NG2046,OBSERVED_AT,location,VH03,Audit 2026 device/Data store/Audit/VH03.xlsx#VH03 SKECHERS AEON HAI PHONG!row=11
asset,SN:1CR84126GF,OBSERVED_AT,location,VH03,Audit 2026 device/Data store/Audit/VH03.xlsx#VH03 SKECHERS AEON HAI PHONG!row=12
asset,OBS:643DC2B94D,OBSERVED_AT,location,VH03,Audit 2026 device/Data store/Audit/VH03.xlsx#VH03 SKECHERS AEON HAI PHONG!row=12
asset,SN:1CR82307BL,OBSERVED_AT,location,VH03,Audit 2026 device/Data store/Audit/VH03.xlsx#VH03 SKECHERS AEON HAI PHONG!row=13
asset,SN:CN41484H9C,OBSERVED_AT,location,VH03,Audit 2026 device/Data store/Audit/VH03.xlsx#VH03 SKECHERS AEON HAI PHONG!row=14
asset,SN:X7BA003082,OBSERVED_AT,location,VH03,Audit 2026 device/Data store/Audit/VH03.xlsx#VH03 SKECHERS AEON HAI PHONG!row=15
asset,OBS:8F5FD25FB8,OBSERVED_AT,location,VH03,Audit 2026 device/Data store/Audit/VH03.xlsx#VH03 SKECHERS AEON HAI PHONG!row=15
asset,SN:X7BA002788,OBSERVED_AT,location,VH03,Audit 2026 device/Data store/Audit/VH03.xlsx#VH03 SKECHERS AEON HAI PHONG!row=16
asset,SN:KWC29190Y0Z,OBSERVED_AT,location,VH03,Audit 2026 device/Data store/Audit/VH03.xlsx#VH03 SKECHERS AEON HAI PHONG!row=17
asset,SN:8C30664AD29C,OBSERVED_AT,location,VH03,Audit 2026 device/Data store/Audit/VH03.xlsx#VH03 SKECHERS AEON HAI PHONG!row=18
asset,SN:FGT40FTK25089193,OBSERVED_AT,location,VH03,Audit 2026 device/Data store/Audit/VH03.xlsx#VH03 SKECHERS AEON HAI PHONG!row=19
asset,SN:VNC3K05078,OBSERVED_AT,location,VH03,Audit 2026 device/Data store/Audit/VH03.xlsx#VH03 SKECHERS AEON HAI PHONG!row=20
asset,SN:BVX97G4,OBSERVED_AT,location,VH03,Audit 2026 device/Data store/Audit/VH03.xlsx#VH03 SKECHERS AEON HAI PHONG!row=21
asset,SN:S22182523022953,OBSERVED_AT,location,DSV,Audit 2026 device/Data store/Audit/VH03.xlsx#VH03 SKECHERS AEON HAI PHONG!row=22
asset,SN:S22182523022953,INTENDED_FOR,location,VH03,Audit 2026 device/Data store/Audit/VH03.xlsx#VH03 SKECHERS AEON HAI PHONG!row=22
asset,SN:XXZTN261200003,OBSERVED_AT,location,VH03,Audit 2026 device/Data store/Audit/VH03.xlsx#VH03 SKECHERS AEON HAI PHONG!row=23
asset,SN:PF1FV71U,OBSERVED_AT,location,VI03,Audit 2026 device/Data store/Audit/VI03.xlsx#VI03!row=2
asset,OBS:4B68028C6F,OBSERVED_AT,location,VI03,Audit 2026 device/Data store/Audit/VI03.xlsx#VI03!row=3
asset,SN:20201130015,OBSERVED_AT,location,VI03,Audit 2026 device/Data store/Audit/VI03.xlsx#VI03!row=4
asset,SN:2TD843AAAN,OBSERVED_AT,location,VI03,Audit 2026 device/Data store/Audit/VI03.xlsx#VI03!row=5
asset,SN:G20E58609,OBSERVED_AT,location,VI03,Audit 2026 device/Data store/Audit/VI03.xlsx#VI03!row=6
asset,SN:X7BA001290,OBSERVED_AT,location,VI03,Audit 2026 device/Data store/Audit/VI03.xlsx#VI03!row=7
asset,SN:FGT40FTK2309D2DB,OBSERVED_AT,location,VI03,Audit 2026 device/Data store/Audit/VI03.xlsx#VI03!row=8
asset,SN:VNC3K04690,OBSERVED_AT,location,VI03,Audit 2026 device/Data store/Audit/VI03.xlsx#VI03!row=9
asset,SN:862854053049620,OBSERVED_AT,location,VI03,Audit 2026 device/Data store/Audit/VI03.xlsx#VI03!row=10
asset,SN:I1623H0003,OBSERVED_AT,location,VI03,Audit 2026 device/Data store/Audit/VI03.xlsx#VI03!row=11
asset,SN:8CC3500VT2,OBSERVED_AT,location,VN05,Audit 2026 device/Data store/Audit/VN05.xlsx#VN05!row=2
asset,OBS:2450D72265,OBSERVED_AT,location,VN05,Audit 2026 device/Data store/Audit/VN05.xlsx#VN05!row=3
asset,OBS:9ED7FA76B6,OBSERVED_AT,location,VN05,Audit 2026 device/Data store/Audit/VN05.xlsx#VN05!row=4
asset,SN:M3302021060398,OBSERVED_AT,location,VN05,Audit 2026 device/Data store/Audit/VN05.xlsx#VN05!row=5
asset,SN:120035,OBSERVED_AT,location,VN05,Audit 2026 device/Data store/Audit/VN05.xlsx#VN05!row=6
asset,SN:G21E85761,OBSERVED_AT,location,VN05,Audit 2026 device/Data store/Audit/VN05.xlsx#VN05!row=7
asset,SN:1CR8420G67,OBSERVED_AT,location,VN05,Audit 2026 device/Data store/Audit/VN05.xlsx#VN05!row=8
asset,SN:X7BA004094,OBSERVED_AT,location,VN05,Audit 2026 device/Data store/Audit/VN05.xlsx#VN05!row=9
asset,SN:22253D9009592,OBSERVED_AT,location,VN05,Audit 2026 device/Data store/Audit/VN05.xlsx#VN05!row=10
asset,SN:9C05D67981E2,OBSERVED_AT,location,VN05,Audit 2026 device/Data store/Audit/VN05.xlsx#VN05!row=11
asset,SN:FGT40FTK24014025,OBSERVED_AT,location,VN05,Audit 2026 device/Data store/Audit/VN05.xlsx#VN05!row=12
asset,SN:CNBRP8297B,OBSERVED_AT,location,VN05,Audit 2026 device/Data store/Audit/VN05.xlsx#VN05!row=13
asset,SN:352294624029024,OBSERVED_AT,location,VN05,Audit 2026 device/Data store/Audit/VN05.xlsx#VN05!row=14
asset,SN:11622C0003,OBSERVED_AT,location,VN05,Audit 2026 device/Data store/Audit/VN05.xlsx#VN05!row=15
asset,SN:24144523021654,OBSERVED_AT,location,VN05,Audit 2026 device/Data store/Audit/VN05.xlsx#VN05!row=16
asset,SN:2530022102300538,OBSERVED_AT,location,VN05,Audit 2026 device/Data store/Audit/VN05.xlsx#VN05!row=17
asset,AID:22VN00000096,OBSERVED_AT,location,VN06,Audit 2026 device/Data store/!!!/VN06.xlsx#VN06!row=2
asset,OBS:E507BF6FAD,OBSERVED_AT,location,VN06,Audit 2026 device/Data store/!!!/VN06.xlsx#VN06!row=3
asset,OBS:EFC491C45B,OBSERVED_AT,location,VN06,Audit 2026 device/Data store/!!!/VN06.xlsx#VN06!row=4
asset,OBS:8FAF1D1FAC,OBSERVED_AT,location,VN06,Audit 2026 device/Data store/!!!/VN06.xlsx#VN06!row=5
asset,SN:G21EB1603,OBSERVED_AT,location,VN06,Audit 2026 device/Data store/!!!/VN06.xlsx#VN06!row=6
asset,SN:BM2105270032,OBSERVED_AT,location,VN06,Audit 2026 device/Data store/!!!/VN06.xlsx#VN06!row=7
asset,OBS:1381CE3FC4,OBSERVED_AT,location,VN06,Audit 2026 device/Data store/!!!/VN06.xlsx#VN06!row=8
asset,SN:FGT40FTK24086300,OBSERVED_AT,location,VN06,Audit 2026 device/Data store/!!!/VN06.xlsx#VN06!row=9
asset,OBS:BA5D74AC95,OBSERVED_AT,location,VN06,Audit 2026 device/Data store/!!!/VN06.xlsx#VN06!row=10
asset,SN:1CR82307K2,OBSERVED_AT,location,VN07,Audit 2026 device/Data store/Audit/VN07.xlsx#VN07!row=2
asset,SN:BM2105270034,OBSERVED_AT,location,VN07,Audit 2026 device/Data store/Audit/VN07.xlsx#VN07!row=3
asset,SN:G21EB1563,OBSERVED_AT,location,VN07,Audit 2026 device/Data store/Audit/VN07.xlsx#VN07!row=4
asset,SN:211130000045,OBSERVED_AT,location,VN07,Audit 2026 device/Data store/Audit/VN07.xlsx#VN07!row=5
asset,SN:CNBRP8434C,OBSERVED_AT,location,VN07,Audit 2026 device/Data store/Audit/VN07.xlsx#VN07!row=6
asset,SN:MK410221102041,OBSERVED_AT,location,VN07,Audit 2026 device/Data store/Audit/VN07.xlsx#VN07!row=7
asset,SN:22172W5002256,OBSERVED_AT,location,VN07,Audit 2026 device/Data store/Audit/VN07.xlsx#VN07!row=8
asset,SN:1CZ04303Y7,OBSERVED_AT,location,VN07,Audit 2026 device/Data store/Audit/VN07.xlsx#VN07!row=9
asset,SN:24165523020914,OBSERVED_AT,location,VN07,Audit 2026 device/Data store/Audit/VN07.xlsx#VN07!row=10
asset,SN:9C05D6798563,OBSERVED_AT,location,VN07,Audit 2026 device/Data store/Audit/VN07.xlsx#VN07!row=11
asset,SN:FGT40FTK24086985,OBSERVED_AT,location,VN07,Audit 2026 device/Data store/Audit/VN07.xlsx#VN07!row=12
asset,SN:2530022102300544,OBSERVED_AT,location,VN07,Audit 2026 device/Data store/Audit/VN07.xlsx#VN07!row=13
asset,SN:3CQ7490XG4,OBSERVED_AT,location,VN09,Audit 2026 device/Data store/Audit/VN09.xlsx#VN09!row=2
asset,SN:TCEY007561,OBSERVED_AT,location,VN09,Audit 2026 device/Data store/Audit/VN09.xlsx#VN09!row=3
asset,SN:G20I34943,OBSERVED_AT,location,VN09,Audit 2026 device/Data store/Audit/VN09.xlsx#VN09!row=4
asset,SN:ALCD20110003,OBSERVED_AT,location,VN09,Audit 2026 device/Data store/Audit/VN09.xlsx#VN09!row=5
asset,SN:MK410211201237,OBSERVED_AT,location,VN09,Audit 2026 device/Data store/Audit/VN09.xlsx#VN09!row=6
asset,SN:NMYA765067,OBSERVED_AT,location,VN09,Audit 2026 device/Data store/Audit/VN09.xlsx#VN09!row=7
asset,SN:8CC51110SM,OBSERVED_AT,location,VN09,Audit 2026 device/Data store/Audit/VN09.xlsx#VN09!row=8
asset,SN:22172W5002268,OBSERVED_AT,location,VN09,Audit 2026 device/Data store/Audit/VN09.xlsx#VN09!row=9
asset,SN:24161523023427,OBSERVED_AT,location,VN09,Audit 2026 device/Data store/Audit/VN09.xlsx#VN09!row=10
asset,SN:9C05D679862C,OBSERVED_AT,location,VN09,Audit 2026 device/Data store/Audit/VN09.xlsx#VN09!row=11
asset,SN:2530022102300537,OBSERVED_AT,location,VN09,Audit 2026 device/Data store/Audit/VN09.xlsx#VN09!row=12
asset,SN:FGT40FTK24006929,OBSERVED_AT,location,VN09,Audit 2026 device/Data store/Audit/VN09.xlsx#VN09!row=13
asset,OBS:628FE7D6C5,OBSERVED_AT,location,VN09,Audit 2026 device/Data store/Audit/VN09.xlsx#VN09!row=14
asset,OBS:1396A47FB6,OBSERVED_AT,location,VN09,Audit 2026 device/Data store/Audit/VN09.xlsx#VN09!row=15
asset,SN:8CC51110PK,OBSERVED_AT,location,VN10,Audit 2026 device/Data store/Audit/VN10.xlsx#VN10!row=2
asset,OBS:31F9E46D75,OBSERVED_AT,location,VN10,Audit 2026 device/Data store/Audit/VN10.xlsx#VN10!row=3
asset,OBS:8491BA6C4C,OBSERVED_AT,location,VN10,Audit 2026 device/Data store/Audit/VN10.xlsx#VN10!row=4
asset,SN:MK410211201238,OBSERVED_AT,location,VN10,Audit 2026 device/Data store/Audit/VN10.xlsx#VN10!row=5
asset,SN:211130000038,OBSERVED_AT,location,VN10,Audit 2026 device/Data store/Audit/VN10.xlsx#VN10!row=6
asset,SN:G21M82790,OBSERVED_AT,location,VN10,Audit 2026 device/Data store/Audit/VN10.xlsx#VN10!row=7
asset,SN:1CR82307D2,OBSERVED_AT,location,VN10,Audit 2026 device/Data store/Audit/VN10.xlsx#VN10!row=8
asset,SN:X7BA002747,OBSERVED_AT,location,VN10,Audit 2026 device/Data store/Audit/VN10.xlsx#VN10!row=9
asset,SN:2225308008268,OBSERVED_AT,location,VN10,Audit 2026 device/Data store/Audit/VN10.xlsx#VN10!row=10
asset,SN:FGT40FTK24011504,OBSERVED_AT,location,VN10,Audit 2026 device/Data store/Audit/VN10.xlsx#VN10!row=11
asset,SN:NMYA585379,OBSERVED_AT,location,VN10,Audit 2026 device/Data store/Audit/VN10.xlsx#VN10!row=12
asset,SN:RZPK2G2000820,OBSERVED_AT,location,VN10,Audit 2026 device/Data store/Audit/VN10.xlsx#VN10!row=13
asset,SN:8CC22011CR,OBSERVED_AT,location,VN12,Audit 2026 device/Data store/!!!/VN12.xlsx#VN12!row=2
asset,OBS:466E697080,OBSERVED_AT,location,VN12,Audit 2026 device/Data store/!!!/VN12.xlsx#VN12!row=3
asset,OBS:83A08A8480,OBSERVED_AT,location,VN12,Audit 2026 device/Data store/!!!/VN12.xlsx#VN12!row=4
asset,OBS:528C3166B8,OBSERVED_AT,location,VN12,Audit 2026 device/Data store/!!!/VN12.xlsx#VN12!row=5
asset,OBS:C51F784F2E,OBSERVED_AT,location,VN12,Audit 2026 device/Data store/!!!/VN12.xlsx#VN12!row=6
asset,OBS:D07F399C62,OBSERVED_AT,location,VN12,Audit 2026 device/Data store/!!!/VN12.xlsx#VN12!row=7
asset,OBS:DA8D367867,OBSERVED_AT,location,VN12,Audit 2026 device/Data store/!!!/VN12.xlsx#VN12!row=8
asset,OBS:0A92BDA57E,OBSERVED_AT,location,VN12,Audit 2026 device/Data store/!!!/VN12.xlsx#VN12!row=9
asset,OBS:1BA4CF4FB5,OBSERVED_AT,location,VN12,Audit 2026 device/Data store/!!!/VN12.xlsx#VN12!row=10
asset,SN:24164523022817,OBSERVED_AT,location,VN12,Audit 2026 device/Data store/!!!/VN12.xlsx#VN12!row=11
asset,SN:8CC3500VVD,OBSERVED_AT,location,VN16,Audit 2026 device/Data store/Audit/VN16.xlsx#VN16!row=2
asset,OBS:E4B2CC333D,OBSERVED_AT,location,VN16,Audit 2026 device/Data store/Audit/VN16.xlsx#VN16!row=3
asset,OBS:8DAB54CE95,OBSERVED_AT,location,VN16,Audit 2026 device/Data store/Audit/VN16.xlsx#VN16!row=4
asset,SN:MK410211201237,OBSERVED_AT,location,VN16,Audit 2026 device/Data store/Audit/VN16.xlsx#VN16!row=5
asset,SN:211130000042,OBSERVED_AT,location,VN16,Audit 2026 device/Data store/Audit/VN16.xlsx#VN16!row=6
asset,SN:G21E85804,OBSERVED_AT,location,VN16,Audit 2026 device/Data store/Audit/VN16.xlsx#VN16!row=7
asset,SN:3CQ7490XGD,OBSERVED_AT,location,VN16,Audit 2026 device/Data store/Audit/VN16.xlsx#VN16!row=8
asset,SN:X7BA002821,OBSERVED_AT,location,VN16,Audit 2026 device/Data store/Audit/VN16.xlsx#VN16!row=9
asset,SN:22172W5002261,OBSERVED_AT,location,VN16,Audit 2026 device/Data store/Audit/VN16.xlsx#VN16!row=10
asset,SN:9C05D6798854,OBSERVED_AT,location,VN16,Audit 2026 device/Data store/Audit/VN16.xlsx#VN16!row=11
asset,SN:FGT40FTK24009393,OBSERVED_AT,location,VN16,Audit 2026 device/Data store/Audit/VN16.xlsx#VN16!row=12
asset,SN:8CG8105N38,OBSERVED_AT,location,VN16,Audit 2026 device/Data store/Audit/VN16.xlsx#VN16!row=13
asset,SN:352294624027796,OBSERVED_AT,location,VN16,Audit 2026 device/Data store/Audit/VN16.xlsx#VN16!row=14
asset,SN:I1622F0003,OBSERVED_AT,location,VN16,Audit 2026 device/Data store/Audit/VN16.xlsx#VN16!row=15
asset,SN:24165523020341,OBSERVED_AT,location,VN16,Audit 2026 device/Data store/Audit/VN16.xlsx#VN16!row=16
asset,SN:2530022102300547,OBSERVED_AT,location,VN16,Audit 2026 device/Data store/Audit/VN16.xlsx#VN16!row=17
asset,SN:CND53878ZC,OBSERVED_AT,location,VN19,Audit 2026 device/Data store/Audit/VN19.xlsx#VN19!row=2
asset,OBS:061DD8E5F1,OBSERVED_AT,location,VN19,Audit 2026 device/Data store/Audit/VN19.xlsx#VN19!row=3
asset,SN:215LZ0428,OBSERVED_AT,location,VN19,Audit 2026 device/Data store/Audit/VN19.xlsx#VN19!row=4
asset,SN:G21M82726,OBSERVED_AT,location,VN19,Audit 2026 device/Data store/Audit/VN19.xlsx#VN19!row=5
asset,SN:1CR82307CB,OBSERVED_AT,location,VN19,Audit 2026 device/Data store/Audit/VN19.xlsx#VN19!row=6
asset,SN:X7BA002775,OBSERVED_AT,location,VN19,Audit 2026 device/Data store/Audit/VN19.xlsx#VN19!row=7
asset,SN:FGT40FTK24006198,OBSERVED_AT,location,VN19,Audit 2026 device/Data store/Audit/VN19.xlsx#VN19!row=8
asset,SN:NMYA782038,OBSERVED_AT,location,VN19,Audit 2026 device/Data store/Audit/VN19.xlsx#VN19!row=9
asset,SN:8CC22011GD,OBSERVED_AT,location,VN27,Audit 2026 device/Data store/Audit/VN27.xlsx#VN27!row=2
asset,SN:8CC2231CY7,OBSERVED_AT,location,VN27,Audit 2026 device/Data store/Audit/VN27.xlsx#VN27!row=3
asset,SN:8CC22011BC,OBSERVED_AT,location,VN27,Audit 2026 device/Data store/Audit/VN27.xlsx#VN27!row=4
asset,SN:8CC22011BS,OBSERVED_AT,location,VN27,Audit 2026 device/Data store/Audit/VN27.xlsx#VN27!row=5
asset,SN:3CQ2320CRY,OBSERVED_AT,location,VN27,Audit 2026 device/Data store/Audit/VN27.xlsx#VN27!row=6
asset,SN:3CQ2320CRN,OBSERVED_AT,location,VN27,Audit 2026 device/Data store/Audit/VN27.xlsx#VN27!row=7
asset,SN:3CQ2320CRF,OBSERVED_AT,location,VN27,Audit 2026 device/Data store/Audit/VN27.xlsx#VN27!row=8
asset,SN:X7B9022775,OBSERVED_AT,location,VN27,Audit 2026 device/Data store/Audit/VN27.xlsx#VN27!row=9
asset,SN:X7B9023235,OBSERVED_AT,location,VN27,Audit 2026 device/Data store/Audit/VN27.xlsx#VN27!row=10
asset,SN:G23C76662,OBSERVED_AT,location,VN27,Audit 2026 device/Data store/Audit/VN27.xlsx#VN27!row=11
asset,SN:G23C76677,OBSERVED_AT,location,VN27,Audit 2026 device/Data store/Audit/VN27.xlsx#VN27!row=12
asset,SN:NMYA804390,OBSERVED_AT,location,VN27,Audit 2026 device/Data store/Audit/VN27.xlsx#VN27!row=13
asset,SN:MK410221102016,OBSERVED_AT,location,VN27,Audit 2026 device/Data store/Audit/VN27.xlsx#VN27!row=14
asset,SN:D190928010009,OBSERVED_AT,location,VN27,Audit 2026 device/Data store/Audit/VN27.xlsx#VN27!row=15
asset,SN:D190928010004,OBSERVED_AT,location,VN27,Audit 2026 device/Data store/Audit/VN27.xlsx#VN27!row=16
asset,OBS:8BBD657B30,OBSERVED_AT,location,VN27,Audit 2026 device/Data store/Audit/VN27.xlsx#VN27!row=17
asset,SN:PSZ26391WAB,OBSERVED_AT,location,VN27,Audit 2026 device/Data store/Audit/VN27.xlsx#VN27!row=19
asset,OBS:5CA588A8AC,OBSERVED_AT,location,VN27,Audit 2026 device/Data store/Audit/VN27.xlsx#VN27!row=20
asset,OBS:60A978403C,OBSERVED_AT,location,VN27,Audit 2026 device/Data store/Audit/VN27.xlsx#VN27!row=21
asset,SN:529101223400048,OBSERVED_AT,location,VN27,Audit 2026 device/Data store/Audit/VN27.xlsx#VN27!row=22
asset,OBS:8BAD70A0A6,OBSERVED_AT,location,VN27,Audit 2026 device/Data store/Audit/VN27.xlsx#VN27!row=23
asset,SN:354348130452001,OBSERVED_AT,location,VN27,Audit 2026 device/Data store/Audit/VN27.xlsx#VN27!row=24
asset,SN:I1624C0002,OBSERVED_AT,location,VN27,Audit 2026 device/Data store/Audit/VN27.xlsx#VN27!row=25
asset,SN:8401230250322103,OBSERVED_AT,location,VN27,Audit 2026 device/Data store/Audit/VN27.xlsx#VN27!row=26
asset,SN:24161523020532,OBSERVED_AT,location,VN27,Audit 2026 device/Data store/Audit/VN27.xlsx#VN27!row=27
asset,SN:FGT40FTK24006970,OBSERVED_AT,location,VN27,Audit 2026 device/Data store/Audit/VN27.xlsx#VN27!row=28
asset,SN:8CC51110R7,OBSERVED_AT,location,VN28,Audit 2026 device/Data store/Audit/VN28.xlsx#VN28!row=2
asset,OBS:14EE0C5742,OBSERVED_AT,location,VN28,Audit 2026 device/Data store/Audit/VN28.xlsx#VN28!row=3
asset,OBS:20DD6D483E,OBSERVED_AT,location,VN28,Audit 2026 device/Data store/Audit/VN28.xlsx#VN28!row=4
asset,SN:MK410221102347,OBSERVED_AT,location,VN28,Audit 2026 device/Data store/Audit/VN28.xlsx#VN28!row=5
asset,SN:211130000024,OBSERVED_AT,location,VN28,Audit 2026 device/Data store/Audit/VN28.xlsx#VN28!row=6
asset,SN:G23C76551,OBSERVED_AT,location,VN28,Audit 2026 device/Data store/Audit/VN28.xlsx#VN28!row=7
asset,SN:1CR8420G66,OBSERVED_AT,location,VN28,Audit 2026 device/Data store/Audit/VN28.xlsx#VN28!row=8
asset,SN:X7BA004103,OBSERVED_AT,location,VN28,Audit 2026 device/Data store/Audit/VN28.xlsx#VN28!row=9
asset,SN:KWC29190Y0E,OBSERVED_AT,location,VN28,Audit 2026 device/Data store/Audit/VN28.xlsx#VN28!row=10
asset,SN:9C05D679A3DC,OBSERVED_AT,location,VN28,Audit 2026 device/Data store/Audit/VN28.xlsx#VN28!row=11
asset,OBS:1397D9A17A,OBSERVED_AT,location,VN28,Audit 2026 device/Data store/Audit/VN28.xlsx#VN28!row=12
asset,SN:FGT40FTK24086493,OBSERVED_AT,location,VN28,Audit 2026 device/Data store/Audit/VN28.xlsx#VN28!row=13
asset,SN:NMYA467073,OBSERVED_AT,location,VN28,Audit 2026 device/Data store/Audit/VN28.xlsx#VN28!row=14
asset,SN:352294624027473,OBSERVED_AT,location,VN28,Audit 2026 device/Data store/Audit/VN28.xlsx#VN28!row=15
asset,SN:I1624C00019,OBSERVED_AT,location,VN28,Audit 2026 device/Data store/Audit/VN28.xlsx#VN28!row=16
asset,SN:S23118523021190,OBSERVED_AT,location,VN28,Audit 2026 device/Data store/Audit/VN28.xlsx#VN28!row=17
asset,SN:2530022102300930,OBSERVED_AT,location,VN28,Audit 2026 device/Data store/Audit/VN28.xlsx#VN28!row=18
asset,SN:8CC323166M,OBSERVED_AT,location,VO02,Audit 2026 device/Data store/Audit/VO02.xlsx#VO02!row=2
asset,SN:8CC3231667,OBSERVED_AT,location,VO02,Audit 2026 device/Data store/Audit/VO02.xlsx#VO02!row=3
asset,SN:8CC323166K,OBSERVED_AT,location,VO02,Audit 2026 device/Data store/Audit/VO02.xlsx#VO02!row=4
asset,SN:8CC3231668,OBSERVED_AT,location,VO02,Audit 2026 device/Data store/Audit/VO02.xlsx#VO02!row=5
asset,SN:8CC323166B,OBSERVED_AT,location,VO02,Audit 2026 device/Data store/Audit/VO02.xlsx#VO02!row=6
asset,SN:3CQ3100DB8,OBSERVED_AT,location,VO02,Audit 2026 device/Data store/Audit/VO02.xlsx#VO02!row=7
asset,SN:3CQ3100DBJ,OBSERVED_AT,location,VO02,Audit 2026 device/Data store/Audit/VO02.xlsx#VO02!row=8
asset,SN:3CQ3100GSJ,OBSERVED_AT,location,VO02,Audit 2026 device/Data store/Audit/VO02.xlsx#VO02!row=9
asset,SN:3CQ3100DBK,OBSERVED_AT,location,VO02,Audit 2026 device/Data store/Audit/VO02.xlsx#VO02!row=10
asset,SN:3CQ3110GSB,OBSERVED_AT,location,VO02,Audit 2026 device/Data store/Audit/VO02.xlsx#VO02!row=11
asset,SN:MK410221102416,OBSERVED_AT,location,VO02,Audit 2026 device/Data store/Audit/VO02.xlsx#VO02!row=12
asset,SN:MK410221102358,OBSERVED_AT,location,VO02,Audit 2026 device/Data store/Audit/VO02.xlsx#VO02!row=13
asset,SN:MK410221102392,OBSERVED_AT,location,VO02,Audit 2026 device/Data store/Audit/VO02.xlsx#VO02!row=14
asset,SN:2TD216NAXV,OBSERVED_AT,location,VO02,Audit 2026 device/Data store/Audit/VO02.xlsx#VO02!row=15
asset,SN:2TD216NATN,OBSERVED_AT,location,VO02,Audit 2026 device/Data store/Audit/VO02.xlsx#VO02!row=16
asset,SN:2TD216NBAX,OBSERVED_AT,location,VO02,Audit 2026 device/Data store/Audit/VO02.xlsx#VO02!row=17
asset,SN:22127523428423,OBSERVED_AT,location,VO02,Audit 2026 device/Data store/Audit/VO02.xlsx#VO02!row=18
asset,SN:22127523428227,OBSERVED_AT,location,VO02,Audit 2026 device/Data store/Audit/VO02.xlsx#VO02!row=19
asset,SN:22127523428422,OBSERVED_AT,location,VO02,Audit 2026 device/Data store/Audit/VO02.xlsx#VO02!row=20
asset,SN:2580022090600005,OBSERVED_AT,location,VO02,Audit 2026 device/Data store/Audit/VO02.xlsx#VO02!row=21
asset,SN:2580022120601399,OBSERVED_AT,location,VO02,Audit 2026 device/Data store/Audit/VO02.xlsx#VO02!row=22
asset,SN:2580022120601396,OBSERVED_AT,location,VO02,Audit 2026 device/Data store/Audit/VO02.xlsx#VO02!row=23
asset,SN:NMYA783808,OBSERVED_AT,location,VO02,Audit 2026 device/Data store/Audit/VO02.xlsx#VO02!row=24
asset,SN:22349523021212,OBSERVED_AT,location,VO02,Audit 2026 device/Data store/Audit/VO02.xlsx#VO02!row=25
asset,SN:23058523022779,OBSERVED_AT,location,VO02,Audit 2026 device/Data store/Audit/VO02.xlsx#VO02!row=26
asset,SN:22349523021237,OBSERVED_AT,location,VO02,Audit 2026 device/Data store/Audit/VO02.xlsx#VO02!row=27
asset,SN:22349523021227,OBSERVED_AT,location,VO02,Audit 2026 device/Data store/Audit/VO02.xlsx#VO02!row=28
asset,SN:23058523022744,OBSERVED_AT,location,VO02,Audit 2026 device/Data store/Audit/VO02.xlsx#VO02!row=29
asset,SN:23058523022830,OBSERVED_AT,location,VO02,Audit 2026 device/Data store/Audit/VO02.xlsx#VO02!row=30
asset,SN:23059523020062,OBSERVED_AT,location,VO02,Audit 2026 device/Data store/Audit/VO02.xlsx#VO02!row=31
asset,SN:23059523020086,OBSERVED_AT,location,VO02,Audit 2026 device/Data store/Audit/VO02.xlsx#VO02!row=32
asset,SN:22349523021319,OBSERVED_AT,location,VO02,Audit 2026 device/Data store/Audit/VO02.xlsx#VO02!row=33
asset,SN:22349523021217,OBSERVED_AT,location,VO02,Audit 2026 device/Data store/Audit/VO02.xlsx#VO02!row=34
asset,SN:22349523021234,OBSERVED_AT,location,VO02,Audit 2026 device/Data store/Audit/VO02.xlsx#VO02!row=35
asset,SN:23058523022788,OBSERVED_AT,location,VO02,Audit 2026 device/Data store/Audit/VO02.xlsx#VO02!row=36
asset,SN:23059523020095,OBSERVED_AT,location,VO02,Audit 2026 device/Data store/Audit/VO02.xlsx#VO02!row=37
asset,SN:22349523021208,OBSERVED_AT,location,VO02,Audit 2026 device/Data store/Audit/VO02.xlsx#VO02!row=38
asset,SN:23059523020687,OBSERVED_AT,location,VO02,Audit 2026 device/Data store/Audit/VO02.xlsx#VO02!row=39
asset,SN:22349523021205,OBSERVED_AT,location,VO02,Audit 2026 device/Data store/Audit/VO02.xlsx#VO02!row=40
asset,SN:23059523020084,OBSERVED_AT,location,VO02,Audit 2026 device/Data store/Audit/VO02.xlsx#VO02!row=41
asset,SN:2530022102301149,OBSERVED_AT,location,VO02,Audit 2026 device/Data store/Audit/VO02.xlsx#VO02!row=42
asset,SN:2530022102301145,OBSERVED_AT,location,VO02,Audit 2026 device/Data store/Audit/VO02.xlsx#VO02!row=43
asset,SN:2530022102301148,OBSERVED_AT,location,VO02,Audit 2026 device/Data store/Audit/VO02.xlsx#VO02!row=44
asset,SN:2530022102301151,OBSERVED_AT,location,VO02,Audit 2026 device/Data store/Audit/VO02.xlsx#VO02!row=45
asset,SN:2530022102301147,OBSERVED_AT,location,VO02,Audit 2026 device/Data store/Audit/VO02.xlsx#VO02!row=46
asset,SN:2530022102301152,OBSERVED_AT,location,VO02,Audit 2026 device/Data store/Audit/VO02.xlsx#VO02!row=47
asset,SN:FGT60FTK23087443,OBSERVED_AT,location,VO02,Audit 2026 device/Data store/Audit/VO02.xlsx#VO02!row=48
asset,SN:AC8BA954563E,OBSERVED_AT,location,VO02,Audit 2026 device/Data store/Audit/VO02.xlsx#VO02!row=49
asset,SN:AC8BA9543BA7,OBSERVED_AT,location,VO02,Audit 2026 device/Data store/Audit/VO02.xlsx#VO02!row=50
asset,SN:AC8BA9545908,OBSERVED_AT,location,VO02,Audit 2026 device/Data store/Audit/VO02.xlsx#VO02!row=51
asset,SN:AC8BA9548B3C,OBSERVED_AT,location,VO02,Audit 2026 device/Data store/Audit/VO02.xlsx#VO02!row=52
asset,SN:AC8BA94CC48C,OBSERVED_AT,location,VO02,Audit 2026 device/Data store/Audit/VO02.xlsx#VO02!row=53
asset,SN:AC8BA94C76A1,OBSERVED_AT,location,VO02,Audit 2026 device/Data store/Audit/VO02.xlsx#VO02!row=54
asset,SN:4CE246CMQ7,OBSERVED_AT,location,VO02,Audit 2026 device/Data store/Audit/VO02.xlsx#VO02!row=55
asset,SN:AC8BA9A52CEC,OBSERVED_AT,location,VO02,Audit 2026 device/Data store/Audit/VO02.xlsx#VO02!row=56
asset,OBS:3F3C39BC13,OBSERVED_AT,location,VO02,Audit 2026 device/Data store/Audit/VO02.xlsx#VO02!row=57
asset,OBS:1895351029,OBSERVED_AT,location,VO02,Audit 2026 device/Data store/Audit/VO02.xlsx#VO02!row=57
asset,OBS:FD664D0110,OBSERVED_AT,location,VO02,Audit 2026 device/Data store/Audit/VO02.xlsx#VO02!row=57
asset,OBS:42D06894CA,OBSERVED_AT,location,VO02,Audit 2026 device/Data store/Audit/VO02.xlsx#VO02!row=57
asset,OBS:93220BB432,OBSERVED_AT,location,VO02,Audit 2026 device/Data store/Audit/VO02.xlsx#VO02!row=57
asset,OBS:FD91A2A480,OBSERVED_AT,location,VO02,Audit 2026 device/Data store/Audit/VO02.xlsx#VO02!row=58
asset,OBS:1112343E89,OBSERVED_AT,location,VO02,Audit 2026 device/Data store/Audit/VO02.xlsx#VO02!row=58
asset,OBS:B006FD8CFB,OBSERVED_AT,location,VO02,Audit 2026 device/Data store/Audit/VO02.xlsx#VO02!row=58
asset,OBS:E708BFFC29,OBSERVED_AT,location,VO02,Audit 2026 device/Data store/Audit/VO02.xlsx#VO02!row=58
asset,OBS:6CC450F327,OBSERVED_AT,location,VO02,Audit 2026 device/Data store/Audit/VO02.xlsx#VO02!row=58
asset,SN:8CC33807N6,OBSERVED_AT,location,VO04,Audit 2026 device/Data store/Audit/VO04.xlsx#VO04 FOOT LOCKER AEON THANH KHE!row=2
asset,SN:8CC33807NS,OBSERVED_AT,location,VO04,Audit 2026 device/Data store/Audit/VO04.xlsx#VO04 FOOT LOCKER AEON THANH KHE!row=3
asset,SN:58D61F887469,OBSERVED_AT,location,VO04,Audit 2026 device/Data store/Audit/VO04.xlsx#VO04 FOOT LOCKER AEON THANH KHE!row=4
asset,SN:KWC294003EG,OBSERVED_AT,location,VO04,Audit 2026 device/Data store/Audit/VO04.xlsx#VO04 FOOT LOCKER AEON THANH KHE!row=5
asset,SN:9041B204B634,OBSERVED_AT,location,VO04,Audit 2026 device/Data store/Audit/VO04.xlsx#VO04 FOOT LOCKER AEON THANH KHE!row=6
asset,SN:A89C6CD23F84,OBSERVED_AT,location,VO04,Audit 2026 device/Data store/Audit/VO04.xlsx#VO04 FOOT LOCKER AEON THANH KHE!row=7
asset,SN:9041B204915F,OBSERVED_AT,location,VO04,Audit 2026 device/Data store/Audit/VO04.xlsx#VO04 FOOT LOCKER AEON THANH KHE!row=8
asset,SN:S26023524700851,OBSERVED_AT,location,VO04,Audit 2026 device/Data store/Audit/VO04.xlsx#VO04 FOOT LOCKER AEON THANH KHE!row=9
asset,SN:S26023524701186,OBSERVED_AT,location,VO04,Audit 2026 device/Data store/Audit/VO04.xlsx#VO04 FOOT LOCKER AEON THANH KHE!row=10
asset,SN:S26023524701058,OBSERVED_AT,location,VO04,Audit 2026 device/Data store/Audit/VO04.xlsx#VO04 FOOT LOCKER AEON THANH KHE!row=11
asset,SN:S26024524700326,OBSERVED_AT,location,VO04,Audit 2026 device/Data store/Audit/VO04.xlsx#VO04 FOOT LOCKER AEON THANH KHE!row=12
asset,SN:S26024524700308,OBSERVED_AT,location,VO04,Audit 2026 device/Data store/Audit/VO04.xlsx#VO04 FOOT LOCKER AEON THANH KHE!row=13
asset,SN:XXZTN261200011,OBSERVED_AT,location,VO04,Audit 2026 device/Data store/Audit/VO04.xlsx#VO04 FOOT LOCKER AEON THANH KHE!row=14
asset,SN:XXZTN261200006,OBSERVED_AT,location,VO04,Audit 2026 device/Data store/Audit/VO04.xlsx#VO04 FOOT LOCKER AEON THANH KHE!row=15
asset,SN:JVX97G4,OBSERVED_AT,location,VO04,Audit 2026 device/Data store/Audit/VO04.xlsx#VO04 FOOT LOCKER AEON THANH KHE!row=16
asset,SN:1CR82307CY,OBSERVED_AT,location,VO04,Audit 2026 device/Data store/Audit/VO04.xlsx#VO04 FOOT LOCKER AEON THANH KHE!row=17
asset,SN:1CR82307D4,OBSERVED_AT,location,VO04,Audit 2026 device/Data store/Audit/VO04.xlsx#VO04 FOOT LOCKER AEON THANH KHE!row=18
asset,SN:CN41383K50,OBSERVED_AT,location,VO04,Audit 2026 device/Data store/Audit/VO04.xlsx#VO04 FOOT LOCKER AEON THANH KHE!row=19
asset,OBS:351C9B094E,OBSERVED_AT,location,VO04,Audit 2026 device/Data store/Audit/VO04.xlsx#VO04 FOOT LOCKER AEON THANH KHE!row=20
asset,OBS:1ECFCF6344,OBSERVED_AT,location,VO04,Audit 2026 device/Data store/Audit/VO04.xlsx#VO04 FOOT LOCKER AEON THANH KHE!row=20
asset,OBS:A6D95BB1E3,OBSERVED_AT,location,VO04,Audit 2026 device/Data store/Audit/VO04.xlsx#VO04 FOOT LOCKER AEON THANH KHE!row=20
asset,OBS:7D19C7F3CA,OBSERVED_AT,location,VO04,Audit 2026 device/Data store/Audit/VO04.xlsx#VO04 FOOT LOCKER AEON THANH KHE!row=21
asset,OBS:8AB8E6B162,OBSERVED_AT,location,VO04,Audit 2026 device/Data store/Audit/VO04.xlsx#VO04 FOOT LOCKER AEON THANH KHE!row=21
asset,OBS:4968AA0A23,OBSERVED_AT,location,VO04,Audit 2026 device/Data store/Audit/VO04.xlsx#VO04 FOOT LOCKER AEON THANH KHE!row=21
asset,SN:20201130015,OBSERVED_AT,location,VO04,Audit 2026 device/Data store/Audit/VO04.xlsx#VO04 FOOT LOCKER AEON THANH KHE!row=22
asset,SN:2020092533,OBSERVED_AT,location,VO04,Audit 2026 device/Data store/Audit/VO04.xlsx#VO04 FOOT LOCKER AEON THANH KHE!row=23
asset,SN:D190928010055,OBSERVED_AT,location,VO04,Audit 2026 device/Data store/Audit/VO04.xlsx#VO04 FOOT LOCKER AEON THANH KHE!row=24
asset,SN:D190928010054,OBSERVED_AT,location,VO04,Audit 2026 device/Data store/Audit/VO04.xlsx#VO04 FOOT LOCKER AEON THANH KHE!row=25
asset,SN:2208523423456,OBSERVED_AT,location,VO04,Audit 2026 device/Data store/Audit/VO04.xlsx#VO04 FOOT LOCKER AEON THANH KHE!row=26
asset,SN:2208523408905,OBSERVED_AT,location,VO04,Audit 2026 device/Data store/Audit/VO04.xlsx#VO04 FOOT LOCKER AEON THANH KHE!row=27
asset,SN:2580022120601400,OBSERVED_AT,location,VO04,Audit 2026 device/Data store/Audit/VO04.xlsx#VO04 FOOT LOCKER AEON THANH KHE!row=28
asset,SN:X7BA014973,OBSERVED_AT,location,VO04,Audit 2026 device/Data store/Audit/VO04.xlsx#VO04 FOOT LOCKER AEON THANH KHE!row=29
asset,SN:VNC3K04690,OBSERVED_AT,location,VO04,Audit 2026 device/Data store/Audit/VO04.xlsx#VO04 FOOT LOCKER AEON THANH KHE!row=30
asset,SN:5CG3350NKC,OBSERVED_AT,location,VO04,Audit 2026 device/Data store/Audit/VO04.xlsx#VO04 FOOT LOCKER AEON THANH KHE!row=31
asset,SN:4951319256007,OBSERVED_AT,location,VO04,Audit 2026 device/Data store/Audit/VO04.xlsx#VO04 FOOT LOCKER AEON THANH KHE!row=32
asset,SN:FGT60FTK25056910,OBSERVED_AT,location,VO04,Audit 2026 device/Data store/Audit/VO04.xlsx#VO04 FOOT LOCKER AEON THANH KHE!row=33
asset,SN:2210010555452,OBSERVED_AT,location,VO04,Audit 2026 device/Data store/Audit/VO04.xlsx#VO04 FOOT LOCKER AEON THANH KHE!row=34
