item,device_type,reported_stock,note,source_ref
Ram 4Gb,Ram,1,,Asset management/Transititons/IT tool.xlsx#Infra Device (stock) !row=2
Maken MK410,Cash Drawer,7,,Asset management/Transititons/IT tool.xlsx#Infra Device (stock) !row=3
Antech,Cash Drawer,2,,Asset management/Transititons/IT tool.xlsx#Infra Device (stock) !row=4
Poscom,Cash Drawer,4,,Asset management/Transititons/IT tool.xlsx#Infra Device (stock) !row=5
KA410,Cash Drawer,1,,Asset management/Transititons/IT tool.xlsx#Infra Device (stock) !row=6
Cash drawer of mall,Cash Drawer,2,,Asset management/Transititons/IT tool.xlsx#Infra Device (stock) !row=7
Epson L850,Color Printer,1,,Asset management/Transititons/IT tool.xlsx#Infra Device (stock) !row=8
HP Laserjet P2055D,A4 Printer,1,,Asset management/Transititons/IT tool.xlsx#Infra Device (stock) !row=9
Epson TM-U220A,Bill Printer,3,,Asset management/Transititons/IT tool.xlsx#Infra Device (stock) !row=10
Canon L11121E,A4 Printer,1,,Asset management/Transititons/IT tool.xlsx#Infra Device (stock) !row=11
Canon LBP 2900,A4 Printer,7,,Asset management/Transititons/IT tool.xlsx#Infra Device (stock) !row=12
HP Laserjet pro M15w,A4 Printer,2,,Asset management/Transititons/IT tool.xlsx#Infra Device (stock) !row=13
HP Laserjet pro M12w,A4 Printer,2,,Asset management/Transititons/IT tool.xlsx#Infra Device (stock) !row=14
HP Pavilion 550-029I,Desktop,2,Location: Pantry room,Asset management/Transititons/IT tool.xlsx#Infra Device (stock) !row=15
PC-none use,Desktop,4,Location: Pantry room,Asset management/Transititons/IT tool.xlsx#Infra Device (stock) !row=16
HDD 500Gb,hard disk drive,7,,Asset management/Transititons/IT tool.xlsx#Infra Device (stock) !row=17
HP ProDesk 400 G3 DM,Mini Pc,7,,Asset management/Transititons/IT tool.xlsx#Infra Device (stock) !row=18
HP 280 G3 MT,Desktop,2,,Asset management/Transititons/IT tool.xlsx#Infra Device (stock) !row=19
HP 190V,Monitor,10,,Asset management/Transititons/IT tool.xlsx#Infra Device (stock) !row=20
HP 194V,Monitor,3,,Asset management/Transititons/IT tool.xlsx#Infra Device (stock) !row=21
AOC 1619Sw,Monitor,1,,Asset management/Transititons/IT tool.xlsx#Infra Device (stock) !row=22
AOC 931Swl,Monitor,2,,Asset management/Transititons/IT tool.xlsx#Infra Device (stock) !row=23
Samsung B1930N,Monitor,1,,Asset management/Transititons/IT tool.xlsx#Infra Device (stock) !row=24
Acer P196HQL,Monitor,1,,Asset management/Transititons/IT tool.xlsx#Infra Device (stock) !row=25
D-LINK DIR-619L,Router,0,,Asset management/Transititons/IT tool.xlsx#Infra Device (stock) !row=26
HDMI to HDMI (3M),HDMI Cable,2,,Asset management/Transititons/IT tool.xlsx#Infra Device (stock) !row=27
Lion (3 Port),Power socket,1,,Asset management/Transititons/IT tool.xlsx#Infra Device (stock) !row=28
Power socket,Power socket,7,,Asset management/Transititons/IT tool.xlsx#Infra Device (stock) !row=29
Cable extend usb,Cable,1,,Asset management/Transititons/IT tool.xlsx#Infra Device (stock) !row=30
Comscope Cat5e,Ethernet Cable Cat5e,2,,Asset management/Transititons/IT tool.xlsx#Infra Device (stock) !row=31
Keyboard,Keyboard,19,,Asset management/Transititons/IT tool.xlsx#Infra Device (stock) !row=32
Mouse,Mouse,21,,Asset management/Transititons/IT tool.xlsx#Infra Device (stock) !row=33
Aruba APIN0303,Access Point,0,,Asset management/Transititons/IT tool.xlsx#Infra Device (stock) !row=34
Ruckus R720,Access Point,2,,Asset management/Transititons/IT tool.xlsx#Infra Device (stock) !row=35
Avaya,IP Phone,7,,Asset management/Transititons/IT tool.xlsx#Infra Device (stock) !row=36
TPink TL-WN725N,Usb Wifi,1,,Asset management/Transititons/IT tool.xlsx#Infra Device (stock) !row=37
Mercusys,Switch,3,,Asset management/Transititons/IT tool.xlsx#Infra Device (stock) !row=38
Ugreen 4 port,Hub Usb,0,,Asset management/Transititons/IT tool.xlsx#Infra Device (stock) !row=39
VGA to HDMI,Cable,1,,Asset management/Transititons/IT tool.xlsx#Infra Device (stock) !row=40
HDMI to HDMI (2M),HDMI Cable,1,,Asset management/Transititons/IT tool.xlsx#Infra Device (stock) !row=41
HDMI to HDMI (1M) - Baseus,HDMI Cable,1,,Asset management/Transititons/IT tool.xlsx#Infra Device (stock) !row=42
Lexar-32Gb,Usb,2,,Asset management/Transititons/IT tool.xlsx#Infra Device (stock) !row=43
Usb to Lan - Orico,Usb Lan,2,,Asset management/Transititons/IT tool.xlsx#Infra Device (stock) !row=44
Hub Usb Orico 4 Port,Hub Usb,2,,Asset management/Transititons/IT tool.xlsx#Infra Device (stock) !row=45
HDMI to HDMI - Unitek,HDMI Cable,1,,Asset management/Transititons/IT tool.xlsx#Infra Device (stock) !row=46
Usb to Lan - Ugreen,Usb Lan,2,,Asset management/Transititons/IT tool.xlsx#Infra Device (stock) !row=47
Display port to Display Port,Display port Cable,1,,Asset management/Transititons/IT tool.xlsx#Infra Device (stock) !row=48
Dlink - DSL 2640B,Router,1,,Asset management/Transititons/IT tool.xlsx#Infra Device (stock) !row=49
Usb to Lan - Baseus,Usb Lan,1,,Asset management/Transititons/IT tool.xlsx#Infra Device (stock) !row=50
Hub Usb Unitek - 4 Port,Hub Usb,2,,Asset management/Transititons/IT tool.xlsx#Infra Device (stock) !row=51
Unitek - HDMI to VGA,HDMI to VGA,0,,Asset management/Transititons/IT tool.xlsx#Infra Device (stock) !row=52
Epson Usb wifi,Usb Wifi,1,,Asset management/Transititons/IT tool.xlsx#Infra Device (stock) !row=53
Usb To Lan - Asus,Usb Lan,1,,Asset management/Transititons/IT tool.xlsx#Infra Device (stock) !row=54
Epson TM-82II,Bill Printer,7,,Asset management/Transititons/IT tool.xlsx#Infra Device (stock) !row=55
Laptop Thinkpad X280,Laptop,1,,Asset management/Transititons/IT tool.xlsx#Infra Device (stock) !row=56
Laptop Dell Latitude 3520,Laptop,8,,Asset management/Transititons/IT tool.xlsx#Infra Device (stock) !row=57
Laptop Dell Latitude 5430,Laptop,3,,Asset management/Transititons/IT tool.xlsx#Infra Device (stock) !row=58
Laptop HP 14s-cf2xxx,Laptop,0,,Asset management/Transititons/IT tool.xlsx#Infra Device (stock) !row=59
HP 4-1011TU,Laptop,1,,Asset management/Transititons/IT tool.xlsx#Infra Device (stock) !row=60
HP Elitebook 840 G4,Laptop,1,,Asset management/Transititons/IT tool.xlsx#Infra Device (stock) !row=61
HP Probook 440 G2,Laptop,1,,Asset management/Transititons/IT tool.xlsx#Infra Device (stock) !row=62
Dell Vostro 14-5480,Laptop,1,,Asset management/Transititons/IT tool.xlsx#Infra Device (stock) !row=63
Brother Label,label,4,,Asset management/Transititons/IT tool.xlsx#Infra Device (stock) !row=64
Ổ SSD 256 Gb,SSD Hard Disk,3,,Asset management/Transititons/IT tool.xlsx#Infra Device (stock) !row=65
Ổ HDD,HDD Hard Disk,8,,Asset management/Transititons/IT tool.xlsx#Infra Device (stock) !row=66
Ổ SSD 500 Gb,SSD Hard Disk,0,,Asset management/Transititons/IT tool.xlsx#Infra Device (stock) !row=67
Play MC500,Media Player,1,,Asset management/Transititons/IT tool.xlsx#Infra Device (stock) !row=68
TP-Link TL-SG116,Switch,1,,Asset management/Transititons/IT tool.xlsx#Infra Device (stock) !row=69
D-Link DES-1016D,Switch,4,,Asset management/Transititons/IT tool.xlsx#Infra Device (stock) !row=70
D-Link DES-1026G,Switch,1,,Asset management/Transititons/IT tool.xlsx#Infra Device (stock) !row=71
Aruba HPE J9772A,Switch,1,,Asset management/Transititons/IT tool.xlsx#Infra Device (stock) !row=72
Draytek Vigor 300B,Router,1,,Asset management/Transititons/IT tool.xlsx#Infra Device (stock) !row=73
Lenovo tab M8,Blue tab,2,,Asset management/Transititons/IT tool.xlsx#Infra Device (stock) !row=74
Lenovo thunderbox 3 dock,Dock,2,,Asset management/Transititons/IT tool.xlsx#Infra Device (stock) !row=75
HDMI Switch,HDMI Switch,1,,Asset management/Transititons/IT tool.xlsx#Infra Device (stock) !row=76
KVM Switch,KVM Switch,2,,Asset management/Transititons/IT tool.xlsx#Infra Device (stock) !row=77
Asus Dvd Record,Dvd record,1,,Asset management/Transititons/IT tool.xlsx#Infra Device (stock) !row=78
Kensington-Combination Lock,Combination Lock,10,,Asset management/Transititons/IT tool.xlsx#Infra Device (stock) !row=79
Fortigate-80E,Firewall,1,,Asset management/Transititons/IT tool.xlsx#Infra Device (stock) !row=80
Fortigate-60E,Firewall,3,,Asset management/Transititons/IT tool.xlsx#Infra Device (stock) !row=81
Finger printer,Finger printer,4,,Asset management/Transititons/IT tool.xlsx#Infra Device (stock) !row=82
Pole Display LD220-HP,Pole Display,3,,Asset management/Transititons/IT tool.xlsx#Infra Device (stock) !row=83
Pole Display VFD,Pole Display,1,,Asset management/Transititons/IT tool.xlsx#Infra Device (stock) !row=84
Grandstream GAC2500,Poly com,1,,Asset management/Transititons/IT tool.xlsx#Infra Device (stock) !row=85
Samsung S22E310HY,Monitor,1,,Asset management/Transititons/IT tool.xlsx#Infra Device (stock) !row=86
Datalogic QW2100,Scanning gun,1,,Asset management/Transititons/IT tool.xlsx#Infra Device (stock) !row=87
Epson EB-X31,LCD Projector,1,,Asset management/Transititons/IT tool.xlsx#Infra Device (stock) !row=88
HP-PC Kit,PC Kit,3,,Asset management/Transititons/IT tool.xlsx#Infra Device (stock) !row=89
Vesa-PC Kit,PC Kit,1,,Asset management/Transititons/IT tool.xlsx#Infra Device (stock) !row=90
Postek printer,Printer-O2O,9,,Asset management/Transititons/IT tool.xlsx#Infra Device (stock) !row=91
Star-MCP31L BK EU,Bill printer,3,,Asset management/Transititons/IT tool.xlsx#Infra Device (stock) !row=92
Star-SM-L200-UB40,Printer,0,,Asset management/Transititons/IT tool.xlsx#Infra Device (stock) !row=93
Star-SM-T300I2-DB50,Printer,2,,Asset management/Transititons/IT tool.xlsx#Infra Device (stock) !row=94
Aoc E960S,Monitor,2,,Asset management/Transititons/IT tool.xlsx#Infra Device (stock) !row=95
LG L177WSB,Monitor,1,,Asset management/Transititons/IT tool.xlsx#Infra Device (stock) !row=96
PDT-Symbol MC32N0,PDT,0,,Asset management/Transititons/IT tool.xlsx#Infra Device (stock) !row=97
HP Engage Go 10 Mobile System,Mpos,3,,Asset management/Transititons/IT tool.xlsx#Infra Device (stock) !row=98
HP Engage 2 x 20 Pole Display,Pole Display,3,,Asset management/Transititons/IT tool.xlsx#Infra Device (stock) !row=99
Tivi Samsung,Tivi,1,,Asset management/Transititons/IT tool.xlsx#Infra Device (stock) !row=100
Tivi Sam 2,Tivi,1,,Asset management/Transititons/IT tool.xlsx#Infra Device (stock) !row=101
Lenovo Thinkpad E490,Laptop,2,,Asset management/Transititons/IT tool.xlsx#Infra Device (stock) !row=102
Patch panel,Patch panel,1,,Asset management/Transititons/IT tool.xlsx#Infra Device (stock) !row=103
Zebra-Dock PDT,Dock PDT,4,,Asset management/Transititons/IT tool.xlsx#Infra Device (stock) !row=104
HP ProDesk 400 G6 DM,Mini PC,3,,Asset management/Transititons/IT tool.xlsx#Infra Device (stock) !row=105
HP-P204V,Monitor,2,,Asset management/Transititons/IT tool.xlsx#Infra Device (stock) !row=106
Epson TM-82III,Bill printer,1,,Asset management/Transititons/IT tool.xlsx#Infra Device (stock) !row=107
HP Laser 107A,A4 Printer,3,,Asset management/Transititons/IT tool.xlsx#Infra Device (stock) !row=108
Cisco CBS110-16T-EU,Switch,5,,Asset management/Transititons/IT tool.xlsx#Infra Device (stock) !row=109
Unifi-UAP-nanoHD,Access Point,0,,Asset management/Transititons/IT tool.xlsx#Infra Device (stock) !row=110
Zebra TC26BK,PDT,-2,,Asset management/Transititons/IT tool.xlsx#Infra Device (stock) !row=111
UBS APC BVX1200LI-MS,UPS,1,,Asset management/Transititons/IT tool.xlsx#Infra Device (stock) !row=112
Samsung S6 Lite,bluetab,0,,Asset management/Transititons/IT tool.xlsx#Infra Device (stock) !row=113
UPS SMC 1500,UPS,2,,Asset management/Transititons/IT tool.xlsx#Infra Device (stock) !row=114
Barcode Printer-Zebra S4m,Barcode Printer,1,,Asset management/Transititons/IT tool.xlsx#Infra Device (stock) !row=115
Samsung portable SSD 500Gb,SSD hard disk,1,,Asset management/Transititons/IT tool.xlsx#Infra Device (stock) !row=116
2.5 Inch Hard Drive Enclosure,Hard disk box,1,,Asset management/Transititons/IT tool.xlsx#Infra Device (stock) !row=117
Logitech-Wireless mouse,Wireless mouse,0,,Asset management/Transititons/IT tool.xlsx#Infra Device (stock) !row=118
HP-Display port to VGA,Display port to VGA,0,,Asset management/Transititons/IT tool.xlsx#Infra Device (stock) !row=119
OptiPlex 3090 Micro,Mini pc,1,,Asset management/Transititons/IT tool.xlsx#Infra Device (stock) !row=120
HP Laser NEVERSTOP 1000W,A4 Printer,4,,Asset management/Transititons/IT tool.xlsx#Infra Device (stock) !row=121
XPrinter XP-K300L,Bill printer,2,,Asset management/Transititons/IT tool.xlsx#Infra Device (stock) !row=122
Cash Drawer-Maxcode,Cash Drawer,1,,Asset management/Transititons/IT tool.xlsx#Infra Device (stock) !row=123
HP Probook 440 G9,Laptop,2,,Asset management/Transititons/IT tool.xlsx#Infra Device (stock) !row=124
Modem 4G TP-Link M7350,Modem 4G,-3,,Asset management/Transititons/IT tool.xlsx#Infra Device (stock) !row=125
Nec Model NP210,LCD Projector,1,,Asset management/Transititons/IT tool.xlsx#Infra Device (stock) !row=126
SIM 4G Viettel,4G SIM Card,7,,Asset management/Transititons/IT tool.xlsx#Infra Device (stock) !row=127
HP 19,Monitor,1,,Asset management/Transititons/IT tool.xlsx#Infra Device (stock) !row=128
TP-Link MR6400,Modem 4G,0,,Asset management/Transititons/IT tool.xlsx#Infra Device (stock) !row=129
SIM 4G Mobi,4G SIM Card,0,,Asset management/Transititons/IT tool.xlsx#Infra Device (stock) !row=130
Dell mouse MOFLUOA,Mouse,0,,Asset management/Transititons/IT tool.xlsx#Infra Device (stock) !row=131
Fortigate-40F,Firewall,1,,Asset management/Transititons/IT tool.xlsx#Infra Device (stock) !row=132
Pos,Pos,0,,Asset management/Transititons/IT tool.xlsx#Infra Device (stock) !row=133
Pole Display VFD220U,Monitor,2,,Asset management/Transititons/IT tool.xlsx#Infra Device (stock) !row=134
Laptop Hp ProBook 440 G9,laptop,-2,,Asset management/Transititons/IT tool.xlsx#Infra Device (stock) !row=135
Fortigate-60F,Firewall,1,,Asset management/Transititons/IT tool.xlsx#Infra Device (stock) !row=136
HP ProDesk 400 G7 DM,Mini Pc,9,,Asset management/Transititons/IT tool.xlsx#Infra Device (stock) !row=137
HP 185E,Monitor,0,,Asset management/Transititons/IT tool.xlsx#Infra Device (stock) !row=138
Dell E1916,Monitor,0,,Asset management/Transititons/IT tool.xlsx#Infra Device (stock) !row=139
HP V20,Monitor,3,,Asset management/Transititons/IT tool.xlsx#Infra Device (stock) !row=140
Laptop Hp ProBook 440 G6,Mini Pc,0,,Asset management/Transititons/IT tool.xlsx#Infra Device (stock) !row=141
Laptop Dell Inspiron 3505,laptop,1,,Asset management/Transititons/IT tool.xlsx#Infra Device (stock) !row=142
zebex z3100,Scanning gun,1,,Asset management/Transititons/IT tool.xlsx#Infra Device (stock) !row=143
Samsung S19B370B,Monitor,0,,Asset management/Transititons/IT tool.xlsx#Infra Device (stock) !row=144
Angustos,AngustosSwitch,0,,Asset management/Transititons/IT tool.xlsx#Infra Device (stock) !row=145
DSP V9FB,Pole Display,1,,Asset management/Transititons/IT tool.xlsx#Infra Device (stock) !row=146
Dell E2216HV,Monitor,1,,Asset management/Transititons/IT tool.xlsx#Infra Device (stock) !row=147
TP link tl sf1008d,Switch,1,,Asset management/Transititons/IT tool.xlsx#Infra Device (stock) !row=148
USB Wifi TP-Link AC1300,USB Wifi TP-Link,1,,Asset management/Transititons/IT tool.xlsx#Infra Device (stock) !row=149
KPOS-VFD-220U,Pole Display,1,,Asset management/Transititons/IT tool.xlsx#Infra Device (stock) !row=150
Wifi UBIQUITI UniFi,Access Point,16,,Asset management/Transititons/IT tool.xlsx#Infra Device (stock) !row=151
Ugreen Silent MU006 Wireless Mouse,mouse,0,,Asset management/Transititons/IT tool.xlsx#Infra Device (stock) !row=152
Ipad Air 13-inch(M3),Tablet,0,only for VN Asics,Asset management/Transititons/IT tool.xlsx#Infra Device (stock) !row=153
RUIJIE REEYE RG-EW1200G Pro,Access Point,0,,Asset management/Transititons/IT tool.xlsx#Infra Device (stock) !row=154
Desktop HP PRO MINI 400 G9,Mini PC,1,,Asset management/Transititons/IT tool.xlsx#Infra Device (stock) !row=155
aruba ap 535 jz336a,Access Point,7,,Asset management/Transititons/IT tool.xlsx#Infra Device (stock) !row=156
SATO CL4NX Plus,Printer,2,,Asset management/Transititons/IT tool.xlsx#Infra Device (stock) !row=157
HP V22,monitor,8,,Asset management/Transititons/IT tool.xlsx#Infra Device (stock) !row=158
HPE Aruba 2930F,Switch,2,,Asset management/Transititons/IT tool.xlsx#Infra Device (stock) !row=159
Samsung Tab A8,tablet,2,,Asset management/Transititons/IT tool.xlsx#Infra Device (stock) !row=160
Canon MF445dw,A4 printer,1,,Asset management/Transititons/IT tool.xlsx#Infra Device (stock) !row=161
Zebra DS2208-SR (wired),Barcode Scanner,5,,Asset management/Transititons/IT tool.xlsx#Infra Device (stock) !row=162
Zebra DS2208-SR (wireless),Barcode Scanner,3,,Asset management/Transititons/IT tool.xlsx#Infra Device (stock) !row=163
Zebra DS2208-SR Dock,Dock,3,,Asset management/Transititons/IT tool.xlsx#Infra Device (stock) !row=164
Saramonic Air 01,Micro thu âm,0,,Asset management/Transititons/IT tool.xlsx#Infra Device (stock) !row=165
Proton FD1000EB,Đèn LED,0,,Asset management/Transititons/IT tool.xlsx#Infra Device (stock) !row=166
Samsung Tab S10 FE,tablet,0,,Asset management/Transititons/IT tool.xlsx#Infra Device (stock) !row=167
